reseña,calificación,fuente,nombre,fecha
excelente lugar camas aire acondicinado todo nuevo y limpio un gran parque y cocina en cada uno de los departamentos con cosas básicas como café azúcar aceite muy recomendable además buen tipo oscar,5,google_places_api,sky hostel fortuna,2026-03-30
la cabina muy bien equipada y limpia pero la señora que atiende le recomiendo hacer un cursito de servicio al cliente,1,google_places_api,cabinas guayabón,2026-07-02
definitivamente un lugar muy tranquilo para descansar y con todo lo básico en la cocina por si se desea preparar algo pedimos el desayuno y llegó muy puntual de la hora acordada lo recomiendo es un lugar perfecto para el descanso después de un recorrido por las diferentes actividades que ofrece la fortuna,4,google_places_api,cabinas guayabón,2025-10-21
una experiencia agradable con ubicación muy buena y muy agradable la gente que nos dio hospedaje pura vida,4,google_places_api,cabinas guayabón,2026-01-18
sobre las aguas termales recomendado están separadas por temperaturas y variadas tienes que probar en el bar la margarita spicy que hace el buen iván deliciosa,4,google_places_api,cabinas las termalitas,2026-03-17
muy bonita experiencia lugar seguro familiar piscina rancho con todo lo necesario patio cabaña con a c e internet todas las atracciones turísticas además de restaurantes super cerca visite con familia de 4 personas más que ideal,5,google_places_api,alma de fuego,2026-01-14
estupendas cabañas en el corazón de la fortuna con vista al volcán arenal rancho bbq parqueo privado fácil acceso amplio jardín pet friendly no te lo pierdas,5,google_places_api,alma de fuego,2025-10-10
me encantó el lugar las cabinas muy bien equipadas súper limpias y muy buen precio excelente vista del volcán arenal muy cerca de los balnearios a menos de 10 minutos,5,google_places_api,alma de fuego,2018-12-19
excelente lugar para descansar bajo las faldas del imponente volcán arenal,5,google_places_api,alma de fuego,2018-12-26
excelente vista del volcán arenal desde el balcón,5,google_places_api,alma de fuego,2019-08-03
muy buena comida,5,google_places_api,soda la fortuna,2023-03-04
muy buena experiencia muy buen trato del encargado las habitaciones son amplias y hay habitaciones familiares muy grandes muy recomendado este lugar para pasar la noche ya que tiene un justo precio preguntar primero por la contraseña del wifi dentro del cuarto no la encontré,4,google_places_api,cabinas maria teresa,2019-02-09
un muy buen lugar equipado con todo lo necesario para tu estadía en manuel antonio los chicos anfitriones son muy serviciales recomendado total hay servicio de wifi y la tranquilidad de la zona es particularmente especial para un buen descanso cerca a las playas y a los supermercado estacionamiento amplio y vigilado,5,google_places_api,hospedaje vacacional cr,2025-10-12
si hacen reserva por booking es falsa ya que ellos no tienen acceso a la plataforma baños se taquean constantemente y hay fugas de agua en las paredes el servicio es bueno la atención es buena solamente que si buscan comodidad tal vez no sea el lugar por esas dos cosas que tiene mal,3,google_places_api,hospedaje vacacional cr,2026-01-02
me encantó el lugar enoc se portó genial me gustó mucho la atención las instalaciones todo muy lindo,5,google_places_api,hospedaje vacacional cr,2025-12-11
a mi me llamó mucho la atención desde el momento en que hice consultas y la muchacha me atendió con mucha amabilidad cuando llegamos al lugar la muchacha y la señora nos hicieron sentir como en la casa nos dieron las normas del lugar y nos dejaron disfrutar sin problema la vista que tiene es amplia y dan ganas de quedarse viendo hacia el mar por horas la habitación cuenta con todo lo necesario el baño y servicio son espaciosos y cuentan con ducha no cuentan con parqueo propio pero tienen convenio con el super que está al lado para mayor seguridad,5,google_places_api,hotel vista real manuel antonio,2022-07-10
muy buen lugar,5,google_places_api,hostel pura vida,2026-07-06
si desean hospedarse en quepos les recomiendo este lugar limpio en todos los aspectos la habitación con todas las necesidades básicas qué se requiere para dormir cómodo limpio y con buena presentación la persona que me atendió en recepción fue muy amable y me explico todo lo que necesitaba saber para sentirme cómodo y seguro durante mi estancia el lugar es muy acogedor y la seguridad es una de las prioridades que me mostraron desde un principio el parqueo es muy amplio y muy cómodo al parquear la microbus que llevé cuenta con tv por cable y aire acondicionado y sobre todo super aseado lo recomiendo al 100 gracias por su excelente atención,5,google_places_api,cabinas ana,2025-08-23
las almohadas huelen feo malas las luces aire malo hacen mucha bulla desde las 5 am en los techos muy caras para lo que ofrecen,1,google_places_api,cabinas ana,2026-02-11
buenas podría informarme hace 3 días me hospede dónde ustedes y se me quedó en la cabina 1 cadena de plata y unos lentes raiban originales podrían informarme si aún los tienen,2,google_places_api,cabinas ana,2025-11-28
único dónde observa todos los animales desde la terraza y toda la naturaleza en su esplendor yes limpieza profunda y la calidad del servicio al cliente es súper es un pequeño lugar súper tranquilo y sobretodo seguro dónde estás muy cerca de todo la playa a 5 minutos y el parque manuel antonio 5 minutos también super recomendado,5,google_places_api,manuel antonio cabinas los amigos,2024-07-19
super lindo lugar con el parque y el hotel a la par se pudieron ver muchos animales en el parque y las playas tambien son super lindas,5,google_places_api,manuel antonio cabinas los amigos,2019-05-30
muy bonito el lugar solo falta una piscina un lugar donde poner el reciclaje y lo orgánico ya que los visitantes tiran todo en un mismo lugar tal vez un parqueo bajo techo no quedaría mal y limpieza del rancho,2,google_places_api,cabinas anep,2026-01-12
muy acogedor y siempre que vamos nos reciben muy bien cuentan con piscina un pequeño parqueo y está muy cerca del centro de quepos de supermercados estación de buses y bancos las habitaciones tienen aire acondicionado y tv plana lo mejor de todo es que la playa en busca está a menos de 15 min,5,google_places_api,cabinas estefan,2018-07-09
el wifi es el único problema es austero pero tiene aire acondicionado y el servicio es muy bueno las personas muy agradables me tocó un día de festejo me invitaron de comer y cantamos en el karaoke me diverti,3,google_places_api,cabinas estefan,2022-10-02
lugar limpio barato tiene piscina aire acondicionado abanico cama matrimonial buen precio y recomendación para ir a manuel antonio ya que el bus pasa al frente de la entrada del hotel,4,google_places_api,cabinas estefan,2016-09-20
excelente lugar para quien viaja con poco presupuesto las habitaciones son acogedoras y cuentan con a a abanico de techo tv por cable aunq la tv es pequeña posee buena imagen también posee baño propio con agua caliente y de paso cuentan con una pequeña piscina q sirve para pasar el rato al llegar la atencion fue muy buena y la habitacion estaba limpia y en orden el lugar es seguro y es atendido por su dueña a menos de uns cuadra hay parada de bus por donde pasa uno hacia el parque nacional manuel antonio,5,google_places_api,cabinas estefan,2015-05-08
detalles pros 1 buen precio por la habitación 2 variedad de comodidades entre ellas refri pequeña lavadora equipo básico de cocina y ventilador 3 lugar cómodo limpio y seguro 4 las camas y almohadas cómodas 5 excelente ubicación a 3 kms de la playa de manuel antonio y el la entrada al parque nacional 6 supermercados discotecas y restaurantes muy cerca 7 tiene platos vasos y lo necesario para preparar comidas sencillas frituras y similares 8 mientras más días estés te hacen mejor precio en el hospedaje 9 te dan llaves para ingresar y salir a tu conveniencia datos importantes es una cabina dentro de un espacio de casa sin acabados de lujo no hay parqueo 100 funcional para lo que se necesita pero no es un lugar lujoso aún no hay tv ni wifi aún si vas en autobús debes caminar cuesta arriba y cuesta abajo para llegar a la playa el paseo es hermoso y en realidad acogedor pero es para gente que ama caminar por la montaña como yo conclusión si no le pones peros a la vida y deseas disfrutar del viaje este lugar te será de gran utilidad debes de ir con actitud positiva para aprovechar las características del lugar y la habitación pienso regresar a pasar varios días ahí la disponibilidad de refri y equipamiento básico de cocina te da la oportunidad de preparar tus alimentos y disfrutar economizando mucho dinero recomendado si eres una persona que desea comodidad sobre precio busca un hotel en la playa y prepara tu tarjeta porque te la van a exprimir si eres una persona positiva que disfruta de las oportunidades de la vida y deseas economizar dinero esta es quizás tu mejor opción,4,google_places_api,apartamentos torres manuel antonio,2022-01-11
cabina pequeña pero acogedora excelente para estar en familia e ir a la playa a solo 5 minutos del parque manuel antonio,5,google_places_api,apartamentos torres manuel antonio,2021-04-03
lugar tranquilo comodo siempre a disposición del cliente muy cerca de la playa y supermercados,5,google_places_api,apartamentos torres manuel antonio,2021-08-24
lugar agradable y tranquilo muy cerca dela playa,5,google_places_api,apartamentos torres manuel antonio,2021-04-03
sin detalles mala experiencia,1,google_places_api,apartamentos torres manuel antonio,2021-06-07
la mejor relación precio servicio que se puede encontrar en quepos las habitaciones limpias aire y televisión a un precio bastante cómodo la ubicación es perfecta muy cerca del centro por ende de restaurantes supermercados y parada de bus no es un lugar lujoso pero cumple perfectamente su función para pasar la noche,4,google_places_api,cabinas cas,2022-07-31
entre las ventajas de este hospedaje es la cercanía al centro de quepos una puede salir tranquila y encontrar supermercados tiendas y restaurantes muy cerca además el hospedaje cuenta con buen parqueo entre lo malo el wifi no es muy bueno y mi puntuación es con base a la limpieza del lugar son cabinas con paredes sucias tiene olor a húmedo y el baño tiene moho sus mantelería no es de algodón puro poliéster por lo que recomiendo llevar todo lo que necesitas par vestir una cama si varios varios se quedan en una cabina no van a co seguir suficientes tomacorrientes para conectar sus dispositivos ya que carece de estos la habitación que me tocó el abanico del cielorraso tenía un chillido que no me dejaba dormir y la televisión no le servía el control remoto además la cantidad de zancudos fue un ataque directo a mi sangre dulce,1,google_places_api,cabinas cas,2021-12-20
buena ubicación aseadas y son confortables lo único un poco negativo es el ruido del aire acondicionado no sé si era así en las demás habitaciones,4,google_places_api,cabinas cas,2023-12-03
el lugar es céntrico muy cerca de los supermercados los precios de renta son accesibles solo deben mejorar pintar las pareces de algunas habitaciones ya que están un poco deterioradas y en el servicio al cliente debe ser mejorado en comunicación y trato ya que en algunos momentos se siente como que desconfían de los clientes el servicio al cliente debe ser ágil y muy buen trato en cuanto comunicación para los clientes las cabinas no están mal por eso mi calificación es de esta manera recibí una visita inesperada y le dijeron que no podía entrar a la habitación y que tenía que atender esa perso solo en la puerta que no podía entrar a la habitación que yo ocupaba no sé qué se imaginaron pero bueno por algo será,1,google_places_api,cabinas cali,2021-04-05
lindas habitaciones creo q las más cómodas de la zona hay poca agua como en todo el país o las zonas costeras hay variedad en tipos de cabinas y para diferentes cantidad de personas y con diferentes comodidades tiene parqueo,4,google_places_api,cabinas cali,2017-05-01
un lugares lindo mucho orden responsabilidad seguro su personal excelente se los recomiendo al 100,5,google_places_api,cabinas cali,2019-01-02
lugar muy interesante con edificaciones estilo europeo acceso a la playa heladería restaurante cafetería y tienda,5,google_places_api,guanacaste,2024-05-21
un lugar muy bonito acogedor tranquilo para los huesped,5,google_places_api,villaggio flor de pacifico guanacaste,2025-08-12
habitación fácil pero limpia ducha y cocina grande a un buen precio por la región muchos supermercados cerca solamente 200m al mar además la familia era muy amable y ayudable,5,google_places_api,coco verde,2025-05-05
excelente lugar para hospedarse la habitación es muy cómoda limpia y con una decoración hermosa que hace que uno se sienta muy a gusto desde que llega el baño es amplio y muy limpio lo cual se agradece nos encantó que cuenta con una cocina totalmente equipada ideal para preparar nuestras propias comidas y hacer la estadía aún más práctica además dispone de parqueo y pudimos descansar muy bien gracias a la tranquilidad del lugar aunque no tiene piscina todas las demás comodidades hacen que la experiencia valga completamente la pena sin duda lo recomendamos y volveríamos a hospedarnos aquí muchas gracias por la excelente atención,5,google_places_api,cabinas villas conchal,2026-07-08
después de vivir una experiencia terrible de estafa con otra reserva y pasar una noche para el olvido encontramos este lugar un viernes a las 7 00 am cristopher nos recibió con una disposición increíble y una calidez que nos devolvió la paz no solo nos abrió las puertas a esa hora tan temprana sino que nos ayudó con peticiones extra sin ningún inconveniente la cabina es un sueño huele a madera fresca y está equipada con absolutamente todo lo esencial las camas son sumamente reconfortantes ideales para recuperar fuerzas además la ubicación es estratégica perfecta tanto si vas por trabajo como por vacaciones si estás buscando donde quedarte no lo dudes estarás en las mejores manos gracias cristopher por rescatar nuestro viaje,5,google_places_api,cabinas villas conchal,2025-12-29
deben de poner atencion en la parte exterior del lugar las habitaciones estan bien,3,google_places_api,cabinas guanacaste,2025-10-25
fui a la habitación con ventilador e igual estuvo fresca la noche la cama cómoda y muy accesible,4,google_places_api,cabinas guanacaste,2024-10-18
me pareció excelente el lugar disfrute mucho mi estadía la playa está súper cerca la piscina muy bonita,5,google_places_api,cabinas chale,2025-10-01
excelente lugar todo perfecto y lo mejor la playa a 160 metros,5,google_places_api,cabinas chale,2025-09-15
un ambiente tranquilo fácil acceso buena ubicación bien equipada bonita piscina grande falta de mantenimiento a las cabinas y equipaje la piscina de los niños estuvo sucia y con basura no hay aire acondicionado solo abanicos,4,google_places_api,cabinas chale,2019-01-06
las habitaciones estás muy aseadas excelente presentación un poco pequeñas pero por el precio está muy bien justificado el servicio fue increíble la atención del host es muy detallada la ubicación me dió tranquilidad porque estamos a escasos 500mts de la playa y del centro super recomendado,4,google_places_api,cabinas coco azul guanacaste,2025-08-07
si van en buseta tienen que dejarla a orilla de calle porque los parqueos son solo para carros pequeños la habitación tenía 3 puertas al exterior y a ninguna le funcionaban las cerraduras hay que dejar la habitación abierta prácticamente cualquiera entra y según las reseñas ya alguien se había quejado de eso el aire acondicionado de la habitación era como un ventilador no enfriaba en 16 la piscina lastima porque es onda y no hay para niños el encargado no sabía ni la profundidad que parecía de 1 5 a 2m en la parte profunda y estaba muy descuidado el lugar y la piscina sucia también las duchas con calentadores no funcionaban al servicio había que quitarle la tapa porque no se llenaba y por el tubo de la ducha lo que salía era un chorro muy pequeño apenas para bañarse a la carrera,3,google_places_api,cabina playas del coco guanacaste,2024-01-24
mal estado en general de las cabinas a la refrigeradora se le caía la puerta y la parte de abajo no enfriaba sillas quebradas entre otras cosas se le dijo a la dueña y dijo que no podía hacer nada por el momento,1,google_places_api,cabina playas del coco guanacaste,2025-01-04
bonito lugar cerca de la playa lo que no nos gustó es que una de las habitaciones no tenía puerta es completamente abierta y la otra tenía malo el llavin,5,google_places_api,cabina playas del coco guanacaste,2023-07-26
super recomendado buen servicio de los encargados y el lugar es muy bonito rica piscina con jacuzzi atrás hay un playground para niños pequeños,5,google_places_api,beach paradise cabinas,2023-05-07
es un excelente lugar los dueños super amables siempre pendientes de que estemos bien y con todas las comodidades ubicación buenísima las instalaciones en excelente estado super limpias y comodas se las recomiendo 100 un lugar tranquilo con parrilla bajó techo perfecto lugar para relajarse,5,google_places_api,beach paradise cabinas,2020-06-21
sitio no recomendado para familias ya que todo se escucha y puede ser muy incómodo si se alojan con niños nos dió la sensación que el lugar es utilizado cómo motel no es el espacio perfecto para la familia como se publica en su página web y mucho menos con el compromiso que dicen tener,1,google_places_api,cabinas corobici,2025-08-16
un excelente lugar para pasar en familia se descansa muy bien la habitación que me quedé tenía una refri pequeña aseado y la atención al cliente muy buena él precio muy accesible tiene una pequeña cocina equipada con lo básico recomiendo el lugar me gustó mucho,5,google_places_api,cabinas corobici,2024-04-01
agradable para descansar precios accesibles es ideal para pasar la noche esta en cañas cerca de él cerro pelado pagos en efectivo y con tarjeta dos persona una habitación con abanico 12 mil cólones,3,google_places_api,cabinas corobici,2020-01-16
llame a reservar y pregunte hasta qué hora trabajaba la recepción me dijeron que trabajaban 24 7 cuando llegamos como tipo 11pm la muchacha se puso enojada indicando que ya iba alquilar la cabina y no me permitió pagar con tarjeta en el colchón de la cama matrimonial no se podía dormir se sentían todos los resortes,1,google_places_api,cabinas corobici,2023-04-01
solo entran como 6 canales de cable la llave del baño no funcionaba me dijeron que si había que arreglarlo entonces si sabian que ya estaba malo habitaciones limpias precios comodos,3,google_places_api,cabinas corobici,2024-04-09
excelente lugar para vacacionar y buen precio,5,google_places_api,cabinas los sueños guanacaste,2026-01-07
excelente recomendado 100,5,google_places_api,cabinas los sueños guanacaste,2026-07-15
experiencia una estadía larga excelente ubicación equipadas y con ac tiene piscina pequeña estilo invernadero situaciones especiales doña clemencia y don juan siempre dispuestos a ayudar recomendadas para fiestas santa cruz por cercanía y accesibilidad de buses,5,google_places_api,cabinas colibrí santa cruz,2026-01-03
lugar tranquilo y muy ameno los dueños son excelentes personas que desde la primera impresion se ve que subproyecto fue hecho con cariño,5,google_places_api,cabinas colibrí santa cruz,2025-03-08
tienen disponibilidad del 16 al 18 de enero para 5 adultos,5,google_places_api,cabinas colibrí santa cruz,2025-10-23
un lindo lugar para descansar el servicio espectacular,5,google_places_api,cabinas colibrí santa cruz,2023-02-02
excelente lugar muy comodo y tranquilo buena atención y confianza de parte del personal que nos recibió,5,google_places_api,cabinas el guanacaste,2022-02-10
para nada cumplen con lo estipulado por el ministerio de salud el primer día que llegamos estaba el hijo de jorge el dueño disque limpiando increíblemente se estaba sacudiendo la nariz con las manos en la misma cocina y luego siguio limpiando osea jjjjj obviamente no usamos esa cocina nos atendieron sin mascarillas etc poca agua en ducha lo único agradable fue el aire acondicionado,1,google_places_api,cabinas el guanacaste,2021-07-29
bastante acogedor buena atención muy lindo y tranquilo rodeado de fauna y cerca de playa del coco super recomendado,5,google_places_api,cabinas el guanacaste,2022-05-14
muy lindo y acogedor tranquilo y seguro las recomiendo y por su puesto que volveré,5,google_places_api,cabinas el guanacaste,2021-04-08
exelente atención las instalaciones en muy buenas condiciones el lugar muy seguro y bonito,5,google_places_api,cabinas el guanacaste,2020-03-09
excelente el lugar muy bien equipado y tranquilo el encargado muy amable,5,google_places_api,cabinas playas del coco cocosochil,2026-05-12
fui con mi familia hace unos días y la experiencia fue muy bonita la casa es muy linda ubicada super cerca de la playa muy espaciosa segura la piscina de adultos como la de niños super limpia el área de comedor bastante grande al igual que la cocina y full equipada y sin dejar de lado a uno de los complementos más importantes y valiosos que tiene esa casa es don victor el señor que cuida la casa un trato super amable humilde y muy servicial tanto asi que se quemo el microondas e inmediatamente corrió a comprar uno y el doble de grande para reponer el que no servía esperamos volver de nuevo y disfrutar de este lugar y porsupuesto al lado de la compañía de don victor más q recomendado,5,google_places_api,cabinas playas del coco cocosochil,2024-01-12
la cocina es genial es la única que tiene para cocinar que no hay que preocuparse y la casa muy bien gracias nos atendieron muy bien y muchas playas cerca y la piscina y zona verde,4,google_places_api,cabinas playas del coco cocosochil,2021-02-07
un lugar precioso con piscinas buenísimas la casa súper espaciosa con vista a la playa que está súper cerca amplio espacio para estacionamiento súper seguro con una cocina bellísima y amplia de lo mejor,5,google_places_api,cabinas playas del coco cocosochil,2019-08-17
muy super recomendado calidad,5,google_places_api,cabinas playas del coco cocosochil,2025-09-09
lugar tranquilo hospedaje aseado bonito y cómodo de precio,5,google_places_api,hotel cabinas y piscinas el ensueño,2026-05-30
un negocio familiar alejado del bullucio del centro diez habitaciones muy limpias y agradables wifi para trabajar amplias zonas verdes tranquilo excelente para descansar las personas que atienden maravillosas cálidas y amables excelente opción para eventos viaje de trabajo y al final del día descansar tranquilos y seguros,5,google_places_api,hotel cabinas y piscinas el ensueño,2025-01-30
excelente servicio son muy amables las habitaciones son limpias cómodas y cuentan con buen espacio para trabajar o descansar están equipadas con a c y pantalla un pequeño refrigerador,5,google_places_api,hotel cabinas y piscinas el ensueño,2025-03-20
este lugar es extremadamente asqueroso los aires acondicionados no enfrían nada las camas sábanas baños y pisos super sucios además las paredes y habitaciones tienen humedad por todo lado pusimos la queja y decidimos irnos para otro lado y a pesar de que hablamos con el señor elías se negó rotundamente a devolver la plata con un trato grotezco y prepotente claro piden adelanto del 50 y con eso ya aseguran que la gente al llegar al sitio no puedo cancelar o devolver la plata ojalá les llegará el ministerio de salud y vieras las instalaciones tan deplorables que tienen además una de las habitaciones que alquilamos estaba llena de mosquitos y alacranes simplemente no recomiendo este lugar ni la atención que dan,1,google_places_api,cabinas don elías,2026-06-28
fui a hospedarme y 10 minutos después tuve una emergencia no entre la habitación y el dueño y la administradora no fueron dignos de devolverme el dinero del que les pagué cuando no puse un solo pie en la habitación lo que me dicen que fue porque ya me reservar y la reserva la hice en media hora antes yo lo que creo es que si no tienen política de servicio al cliente no deberían tener nada y si lo que no tienen el dinero y acaparar cualquier venta que llegue entonces deberías dedicarse otra cosa yo entiendo que las ventas están bajas pero eso no es para robarle a alguien 25 000 colones de hospedaje,1,google_places_api,cabinas don elías,2025-06-29
unas cabinas realmente relucientes están súper cerca de la playa el trato es lo mejor el dueño es un amor puedes hasta hacerse su amigo todas las cabinas son cómodas puesto que remodelaron las más pequeñas ahora no hay excusa los comentarios malos son en la mayoría personas que pagan por 1 cabina individual y traen 2 o 3 personas sin pagar eso esta prohibido según lo que tengo entendido si vienes a pasar un buen rato es bastante agradable estar aquí muy buen servicio lo único que falta es una piscina jajaja,5,google_places_api,cabinas don elías,2024-05-12
el lugar está bonito pero la atención al cliente muy mala una vez que entras al lugar te andan encima los chiquitos en la piscina no pueden brincar ni nada xq dice que gasta más agua que el agua es escasa a las 9 45 ya andan rondando qué todos estén metidos en sus cabinas aaa pero a a muy temprana hora el dueño está haciendo buya jugando pull entonces cual es la política lastima el lugar es bonito pero sus administradores hacen que el lugar sea como una cárcel,1,google_places_api,cabinas apartamentos marlova,2025-04-21
pésimo sin higiene ni limpieza sillones llenos de polvo sillas piso toma corriente espejos todo sucio el encargado sentado mientras el lugar desde largo se le ve el polvo la refri olía súper feo y para rematar a un compañero le salió un condon en las sábanas de cama,1,google_places_api,cabinas apartamentos marlova,2026-04-30
nos atendieron a mi familia y a mi de la mejor forma muy ordenado bastante aseado las piscinas excelentes mucho espacio y bastante bien equipadas tanto los cuartos como las áreas comunes acceso a muchas playas desde el lugar a 10 o 15 minutos hasta menos,5,google_places_api,cabinas apartamentos marlova,2025-08-03
son cabinas para vacacionar pero resulta que no se puede escuchar música ni hablar en familia luego de las 10 00pm porque está constantemente el señor subiendo a decir que hagan silencio parece campamento escolar los cuartos son incómodos y no están tan baratos no realizaron ni un solo servicio de limpieza en las 4 noches y 5 días que estuvimos ahí la ubicación no es la mejor,2,google_places_api,cabinas apartamentos marlova,2024-12-31
esta comida es deliciosa el servicio es muy bueno todo lo q una persona soñaría bueno bonito y muy barato,5,google_places_api,soda el punto,2026-06-10
la comida es muy rica y el y la atención excelente y el precio buenísimo,5,google_places_api,soda el punto,2026-06-10
calidad y sabor full recomendado,5,google_places_api,soda el punto,2026-06-10
es muy bueno me gustan como cocinan pueden ir a comer rico les recomiendo los chiles rellenos,5,google_places_api,soda fany,2020-02-07
excelente atención por parte de ambas señoras el menú un poco limitado pero rescatable,5,google_places_api,soda fany,2021-03-19
la verdad la comida es muy rica altamente recomendado todo principalmente el ceviche,5,google_places_api,soda fany,2021-01-31
son excesivamente altos los costos no me explico como los extranjeros visitan ese sitio las facturas no las dan a excepción que uno las exijan y eso que cobran el 13 y el 10 del servicio entre las habitacion se escucha todo y la en segunda planta parece que caminan uno usan un facturaron a mano y es por eso que evitan usar factura timbrado o digital,2,google_places_api,cabinas monteverde paraiso,2023-03-14
es un lugar agradable y familiar apto para personas quieran disfrutar sus vacaciones por su naturaleza espléndida es un lugar de descanso con un clima muy fresco y tranquilo,2,google_places_api,cabinas monteverde paraiso,2018-03-05
tuvimos una experiencia con café muy amena con mau y marian definitivamente es un concepto muy diferente en monteverde la experiencia hace que te sientas en casa todo delicioso,5,google_places_api,black swan coffee shop cr,2026-07-04
es un lugar muy agradable un ambiente familiar el trato de los dueños es muy ameno y la comida es deliciosa y única todo es espectacular se nota el trabajo en cada detalle diario para atender a sus clientes,5,google_places_api,black swan coffee shop cr,2026-07-13
black swan coffee shop ubicado justo a la entrada de monteverde es una parada imperdible el día de la visita tenían café de de tres regiones distintas valle occidental pérez zeledón y un café de la zona de monteverde incluso el productor estaba de visita en el sitio todos los cafés de productores muy reconocidos y de excelente calidad variedad procesos y tueste la experiencia en su amplia barra es increíble mauricio el barista y copropietario es un experto con trayectoria en campeonatos y te explica todo el proceso mientras prepara tu bebida además la pastelería hecha en el sitio es espectacular el ambiente es tan acogedor que incluso terminamos compartiendo café con la pareja que estaba en la barra totalmente recomendado,5,google_places_api,black swan coffee shop cr,2026-07-27
terrible nunca recomendaría este hospedaje las habitaciones son zulos sin ventanas sucias parecían que no se habían limpiado nunca tuvimos que pedir una escoba para recoger la basura de debajo de la cama la ropa de cama con agujeros y mal olor el olor del ambientado que usaban para tapar los malos olores no dejaba ni dormir ruidos continuos durante toda la noche sólo podría destacar el buen trato de la propietaria atenta y amable,1,google_places_api,nahualli hostel tamarindo,2023-01-09
terrorífico sucio tuve que solicitar escoba y trapo para limpiar suelo y armarios debajo de la cama habían botellas sucias y vacías briks de zumos y pajitas todo lleno de polvo tierra y restos de comida el baño completamente sucio lleno de tierra sin agua caliente la habitación prácticamente no tenía luz por suerte llevábamos una linterna con la que teníamos que alumbrarnos la habitación era un zulo sin ventilación de ningún tipo las sábanos y colcha no las habían cambiado y estaban sucias y con restos del anterior huésped durante toda la noche había ruido con golpes en la puerta sin importar la hora un horror todo de ninguna manera lo recomiendo,1,google_places_api,nahualli hostel tamarindo,2023-01-09
habitaciones sucias sin ventilación pocos tomacorrientes entrada al edificio sucio sin aire acondicionado solo con un ventilador lleno de polvo el baño con una cortina por puerta que estaba casi caída,1,google_places_api,nahualli hostel tamarindo,2023-01-24
primero agradecer a los dueños el lugar estaba demasiado bonito una tranquilidad inigualable y cerca de todo y a pocos minutos de otras playas super recomendados,5,google_places_api,cabinas villa del sol,2026-04-26
cabinas bien equipadas en el centro de tamarindo un lugar tranquilo ideal para descansar y disfrutar de la naturaleza cerca del mar y de todo lo que necesitas,5,google_places_api,cabinas villa del sol,2025-11-02
pésimo lugar para descansar no se puede dormir ya que tienen música muy alta del bar hasta muy tarde,1,google_places_api,cabinas tamarindo san francisco,2025-09-14
los aires acondicionados no funcionan las habitaciones huelen a tanque séptico principalmente en los baños le falta mantenimiento a las habitaciones le doy 2 estrellas porque dan desayuno y tienen una piscina,2,google_places_api,cabinas tamarindo san francisco,2025-04-22
excelente servicio son muy amables las cabinas muy bonitas bien limpias y muy ordenadas muy seguro y excelente precio y no hablar de la piscina de buen tamaño,5,google_places_api,cabinas tamarindo san francisco,2022-12-31
si usted busca un lugar tranquilo donde descansar aquí no es el desayuno lo sirven frío,1,google_places_api,cabinas tamarindo san francisco,2025-01-02
excelente lugar para descansar cuando se va de paseo o bien de trabajo cerca del hotel se tiene una amplia gama de restaurantes para desayuno almuerzo o cenar don guido es un excelente anfitrión,5,google_places_api,cabinas tamarindo bagaces,2025-06-30
las cabinas son super completas limpias y con cuentan con aire acondicionado el servicio recibido fue muy cordial y se nos brindo todo la información necesaria muy seguro el lugar sin duda volvería,5,google_places_api,cabinas tamarindo bagaces,2023-02-21
don guido su dueño un señor muy amable atento y servicial la cabina muy cómoda tv todo limpio y ordenado con aire acondicionadoy estacionamiento,5,google_places_api,cabinas tamarindo bagaces,2024-01-26
el lugar es aseado lo dirige directamente el dueño don guido una persona muy cortés amable y educada tiene muy buenos precios parqueo seguro las habitaciones están completas y con aire acondicionado lo recomiendo completamente siempre duermo en este lugar cuando viajo a la zona conozco el lugar desde hace 2 años,4,google_places_api,cabinas tamarindo bagaces,2018-08-14
realmente espectacular muy relajante y cerca de la playa digno de unas buenas vacaciones en costa rica,5,google_places_api,chinuk boutique hotel,2026-06-20
super amables divino el lugar la atención y la amabilidad de los habitantes del lugar,5,google_places_api,chinuk boutique hotel,2026-06-20
realmente hermoso cómo se ve en sus fotos quedamos enamorados del lugar y la atención muy cálidos,5,google_places_api,chinuk boutique hotel,2026-06-20
un airbnb súper equipado muuuuy bien ubicado muy bien la verdad amamos la tranquilidad y limpieza del lugar de fijo volveremos,5,google_places_api,villas inara puerto viejo,2026-03-04
excelente el lugar muy acogedor y con todo lo necesario para la estancia lo disfrutamos mucho,5,google_places_api,villas inara puerto viejo,2026-04-26
el lugar muy bien y muy bonito cerca de las playas y el centro la entrada es camino de piedra pero transitable si el barrio no da buenas vibras pero todo estuvo bien y tranquilo la casa es cómoda con buen aire acondicionado y todas sus comodidades respectivas,5,google_places_api,villas inara puerto viejo,2025-08-03
espaciosa lugar tranquilo y fresco ideal para disfrutar en familia las playas cerca en vehículo se puede llegar en minutos a supermercados restaurantes o al centro,5,google_places_api,tres lodge,2024-01-07
maravillosa estancia perfecto el servicio instalaciones nuevas y un lugar paradisíaco muy recomendable,5,google_places_api,tres lodge,2021-08-03
linda playa,4,google_places_api,cocles,2025-05-11
increíble el paraíso que tiene león a disposición de su huéspedes la casita es maravillosa muy amplia literalmente es vivir dentro de la jungla el baño al aire libre es genial al igual que la terraza para observar colibríes aguties iguanas loros destacar la amabilidad de león que te explica las actividades para hacer en la zona y el trato hacia nosotros fue de 10 y por supuesto no podría faltar en esta reseña el desayuno que prepara con mucho amor una delicia,5,google_places_api,mar verde lodge,2026-03-29
don roy excelente persona y muy atento excelente la relación calidad precio tiene piscina sus habitaciones geniales para 2 personas cerca del centro de puerto viejo como a 10 minutos mucho están ubicadas en un lugar muy tranquilo,5,google_places_api,playa negra home s,2025-08-02
muy buen lugar para los que le gusta la tranquilidad de la naturaleza y espacar del estrés sin duda volvería,5,google_places_api,playa negra home s,2026-04-12
hermoso lugar empotrado prácticamente en el bosque sintiéndote parte de la naturaleza la habitación super limpia y ordenada agua caliente cuenta con una cocina aparte de uso común bastante completa también tiene una piscina pequeña fue un placer pasar unos días allí alejandra su dueña super atenta y amable con todo muchas gracias,5,google_places_api,cabinas kiamimi,2026-03-27
un lugar perfecto para visitar la zona de cahuita puerto viejo y manzanillo la dueña fue muy amable y nos ayudó muchísimo con nuestros planes de viaje las habitaciones son amplias hay agua caliente todo huele a muy limpio y hay una cocina equipada con todo alquilan bicicletas y la verdad es que nos vamos con ganas de quedarnos más días muchas gracias por todo,5,google_places_api,cabinas kiamimi,2021-12-22
la privacidad de la propiedad 10 10 muy limpio ubicación estratégica seguro y tranquilo la piscina agradable todo en muy buen estado lo recomendaría 100,5,google_places_api,cabinas relax puerto viejo,2023-10-12
una experiencia súper un trato y servicio excepcional 200 recomendado gracias,5,google_places_api,cabinas relax puerto viejo,2023-11-07
excelente lugar cerca de playas y establecimientos comerciales,5,google_places_api,cabinas relax puerto viejo,2023-11-07
excelente lugar cumple con todo,5,google_places_api,cabinas relax puerto viejo,2023-11-08
había pagado un airbnb pero no pude alojarme en el lugar por que no cumplía con parqueo dentro de las cabinas solo por fuera y no me pareció algo seguro asi que decidimos cancelar anya la dueña fue muy amable y servicial al final nos regreso nuestro dinero solamente uno de sus socios no me ha parecido tan amable y cortes como para aceptar criticas que podrían ayudarles a mejorar esos puntos de seguridad que considero que son importantes para una estadía tranquila por lo demas como su precio y lo que logre ver de sus instalaciones me parecía que hubiera sido una bonita experiencia,4,google_places_api,ola cabinas,2024-04-19
no tengo ningún comentario malo acerca de este lugar los huéspedes son personas maravillosas atentas a los detalles y a tu estadía pagas lo justo por el lugar es bastante espacioso todo es nuevo y súper cuidado la cama es muy cómoda la limpieza es excelente todo es muy bonito está a unos metros de la playa la caminada desde y hacia allá no es tan bonita porque el camino es de piedritas pero nada que no solucione un buen calzado o sandalias cómodas tiene muy cerca bancos y supermercado así como la parada del camión que va hacia sixaola limón o san josé,5,google_places_api,ola cabinas,2023-08-12
son bonitas peeeroo deben corregir ciertas situaciones no recomiendo hasta tanto no se corrijan,2,google_places_api,cabinas ebenezer,2026-05-05
me encanto la estadia y el trato de los administradores muy cerca de las playas y se puede caminar voy a volver apenas tenga vacaciones,5,google_places_api,cabinas ebenezer,2025-07-11
tuve una estadía agradable sin duda volvería y los precios cómodos que es lo más importante,5,google_places_api,cabinas ebenezer,2025-07-11
si el servicio al cliente es desagradable no me imagino la estadía gracias a dios no fuimos,2,google_places_api,cabinas ebenezer,2025-07-09
mi estadía fue simplemente buena al estar muy cerca del centro de puerto viejo facilita el acceso a restaurantes tiendas supermercados y playa el ambiente dentro del hospedaje es tranquilo y relajado el bullicio del centro no se siente lo que permite descansar sin interrupciones las instalaciones estaban limpias bien cuidadas y con detalles que hacen la diferencia don luis fue muy amable y siempre dispuesto a ayudar sin duda un lugar al que volvería y que recomendaría a cualquiera que busque comodidad buena ubicación y paz en medio del movimiento caribeño,5,google_places_api,cabinas la fonte de puerto viejo,2025-09-02
excelente lugar para hospedarse es mu limpio privado y hermoso en medio del bosque sin ruido y cerca de las playas,5,google_places_api,cabina luna negra puerto viejo,2025-06-30
muy bien,5,google_places_api,jaco bay luxurious condo 5min walk to beach amazing pool,2025-01-20
excelente sitio para venir y pasar muy buenas vacaciones el restaurante japonés del segundo piso es delicioso nos atendieron muy bien y la comida deliciosa vale la pena ir,5,google_places_api,clarita s beach resort,2026-04-02
el lugar es super lindo muy buena atención la piscina está super rica el lugar es super tranquilo mucha aves sombras y se presta para muchas actividades tipo fiestas de cumpleaños bodas tienen un deck gigante con juegos pool ping pong gimnasio y esta en el centro de jaco cerca de restaurantes y demás,5,google_places_api,kenny boutique hotel,2025-07-14
me gustó el lugar y la atención la habitación era cómoda y el lugar cuenta con piscina perfecta para el calor cerca de supermercados restaurantes y de la playa pero dentro de las instalaciones se siente mucha tranquilidad,5,google_places_api,kenny boutique hotel,2025-04-26
no esta mal pero no siguen sus propias reglas dicen que tienen horas para todo hasta para uso de piscina y descansar ya es tarde y aún tienen un escándalo los mismos huéspedes los administradores no llaman la atención uno se queja y tras de eso tiene el descaro de decir descansen con ese escándalo a la 1 am,2,google_places_api,hotel adventure lodge jacó,2024-10-20
excelente el servicio del personal muy atentos y serviciales las habitaciones e instalaciones muy limpias y bonitas lo recomiendo para ir en familia y la sala de juegos está muy bien acondicionado y con toda clase de juegos para los niños jóvenes y adultos un lugar muy bonito para hospedarse,5,google_places_api,hotel adventure lodge jacó,2024-07-13
muy limpio y tranquilo nuestra cabina estaba perfecta con ac y tv y buen internet el personal muy atento y amigable los desayunos son muy buenos además nos dejaron llevar a nuestra frenchie esta lejos del cakes del centro pero caminable al centro y la playa recomendado,5,google_places_api,hotel adventure lodge jacó,2022-01-02
el lugar es super bonito y también la habitación es rustica pero linda el baño es compartido y no hemos encontrado el agua caliente de todas formas una buena ducha fría ha sido ideal el inconveniente más gordo es la posición demasiado cerca de la carretera donde pasan muchísimos moto muy pero muy ruidoso que también con los tapones a las orejas se oyen como tenerlo en el cuarto y también el vecino del lado se ronca se oye como tenerlo en la misma cama es una lastima porqué es sitio es de todas formas bonito gracias por la noche y por avernos acojido pero no lo aconsejo por el tema del ruido,3,google_places_api,hostel rustico marabi,2025-12-08
excelente lugar súper recomendado para quienes busquen una experiencia tranquila y cómoda cerca de la playa se ven muchas lapas cerca del hostel la piscina queda perfecta hay muchos detalles en madera que sí hacen alusión al nombre hotel rústico si se hospedan acá seguro no se van a decepcionar perfecto para una escapada de fin de semana en pareja o familia disfrutamos mucho y los dueños están siempre súper atentos por si hay alguna duda,5,google_places_api,hostel rustico marabi,2025-10-07
hotel familiar con un buen servicio al cliente el lugar está en una parte de jacó donde es silencioso la piscina tiene un buen tamaño tiene parqueo las habitaciones tienen lo necesario para cocinar de ser necesario requiere de algún mantenimiento para mejorar la impresión pero en general es una buena experiencia,4,google_places_api,apartotel conchita playa jacó costa rica,2018-11-24
me encanto cabina completamente equipada desde una cuchara hasta aire acondicionado las piscinas muy bonitas tienen jacuzzi y zona para carne asada parqueo pequeño reglas estrictas con el ruido después de 10 am ideal para los niños pequeños cable wi fi a 50 mst del mar lo recomiendo,5,google_places_api,apartotel conchita playa jacó costa rica,2018-09-20
calidad a buen precio en jacó estamos acostumbrados a encontrar precios elevados en jacó sin embargo en apartotel conchita encontrarás habitaciones con a c equipadas con parqueo y piscina a muy buen precio con una atención personalizada y excelente servicio la experiencia en este lugar será agradable es especial para familias pues el ambiente es tranquilo es alejado del centro de jacó por lo que es ideal para tener tranquilidad no dude en reservar y pasar una estancia agradable,5,google_places_api,apartotel conchita playa jacó costa rica,2018-12-27
mala experiencia con la cabina que se nos alquiló pues no tenía aire acondicionado y una de las ventanas delanteras no cerraba el televisor tenía problemas de imagen en cuanto a la piscina tiene un buen tamaño pero lamentablemente no se limpia como debería ser y tiene un aspecto un poco desagradable una vez que se ve de cerca si se llegara a invertir en el lugar o remodelar tiene todo el potencial,1,google_places_api,cabinas jacó,2023-01-07
es un lugar muy económico tal cual para pasar una noche y listo debo decir que aunque las camas son muy muy duras el lugar estaba limpio tienes internet aire acondicionado y baño adentro así como estacionamiento fuera de cada habitación si lo que buscas es algo muy económico y limpio solo para pasar la noche ahí es,4,google_places_api,cabinas jacó,2024-02-02
la verdad el lugar es bonito un buen aseo con las habitaciones donde le doy 1 estrella es porque estaba sentado en las sillas que están junto a la piscina comiendo unos meneitos cuando llego la encargada diciendo que no podíamos comer ahí ni siquiera estábamos dentro del agua ahí si hubiese tenido razón segundo el espacio para parqueo de vehículos es incómodo un espacio muy pequeño quedando frente a otras habitaciones y esperando a que le rayen el carro tercero si quiere salir a caminar o a comer afuera hay que esperar a que la encargada le abra el portón ya sea para entrar o salir y si anda en otros sitios lo hacen esperar afuera hasta que ella llegue a abrir en mi opinión prefiero seguir pagando en las gaviotas ya que ahí el parque es amplio sale y entra tranquilo sin esperar a que le abran y puede disfrutar de la piscina sin que lo vigilen para mi no me cumple las expectativas de un lugar tranquilo y relajante es mi primera vez aquí en el coral y la última,2,google_places_api,hotel cabinas el coral,2026-02-12
me encantó el lugar la playa es lindo es en la parte linda de jaco no tiene ese montón de piedras las cabinas están bien equipadas son cómodas y bonitas definitivamente volvería a hospedarme ahí excelente comunicación con los anfitriones recomendados,5,google_places_api,cabinas 3 hermanas,2026-03-31
me hospedé en cabinas 3 hermanas en jacó y tuve una muy buena experiencia es un lugar sencillo cómodo y bien ubicado prácticamente frente a la playa lo que hace muy fácil aprovechar el mar en cualquier momento del día las cabinas están bien equipadas con cocina aire acondicionado en los cuartos y el espacio suficiente para grupos todo estaba limpio y ordenado y se nota que es un lugar pensado para que uno esté tranquilo y sin complicaciones la piscina y la zona de parrilla también suman mucho especialmente si uno va en grupo y quiere compartir sin tener que salir todo el tiempo además está cerca del centro de jacó así que es fácil conseguir comida supermercados o lo que se necesite en general me pareció una muy buena opción por el precio la ubicación y la comodidad es un lugar al que volvería sin problema,5,google_places_api,cabinas 3 hermanas,2026-03-27
son cabinas sencillas tiene habitaciones de distintos tamaños unas grandes y otras pequeñas desde 2 como hasta 7 8 personas la limpieza de habitaciones es regular y la piscina es bonita y limpia tiene un precio cómodo y accesible para ser en jacó y con el nivel de calidad brindado el personal administrativo tienen un buen trato,3,google_places_api,cabinas victoria,2019-03-08
las cabinas son pequeñas pero cuentan con lo que uno necesita para una noche o un par de noches tiene aire acondicionado televisión cocina refri y microondas y un baño de tamaño adecuado el aseo es algo a mejorar pero nada cuestionable o que impida su uso la piscina es algo pequeña tal vez como para niños o refrescarse un poco el parqueo es interno y seguro el precio por persona según vimos es de 10 mil,3,google_places_api,cabinas victoria,2023-07-23
si usted ni tiene plata se puede quedar aquí y para una noche las camas son horribles no tienen organizado mejor conseguir otro lugar las duchas igual horribles no lo recomiendo para nada,1,google_places_api,cabinas victoria,2025-04-15
mi esposo y yo nos encantó quedarnos aquí el aire acondicionado la tele en el cuarto y la piscina todo fue muy lindo se puede caminar al centro y a los restaurantes y los que trabajan ahí nunca te molestan,5,google_places_api,cabinas victoria,2023-06-20
quiero agradecer la excelente atención recibida durante mi estadía en vacacionando desde el proceso de reserva hasta el momento de la salida el personal fue muy amable atento y profesional las instalaciones estaban limpias ordenadas y en excelentes condiciones lo que hizo que la experiencia fuera muy agradable sin duda es un lugar que recomendaría por su excelente servicio al cliente el ambiente familiar y el compromiso de todo el equipo por hacer que los huéspedes se sientan bien atendidos muchas gracias por hacer de nuestra visita una experiencia memorable,5,google_places_api,vacacionando jacó,2026-06-30
un lugar muy agradable super familiar habitaciones cómodas bien equipadas 3 piscinas agradable restaurante muy buen desayuno muchas zonas verdes muy agradables hasta hamacas algún tipo de animación suave hasta karaoke la vista de los alredores con muchas montañas es hermosa y hacen el lugar muy fresco,4,google_places_api,vacacionando jacó,2026-05-14
excelente lugar muy tranquilo y bonito sería bueno más basureros cerca de las piscinas por el consumo en latas o vasos plásticos,5,google_places_api,vacacionando jacó,2026-07-13
un lugar excelente para descansar los apartamentos son muy confortables las instalaciones muy bonitas bien cuidadas y limpias y sobre todo la atención es excelente los colaboradores demasiado amables y para terminar el restaurante es también muy bueno al igual que las comidas se lo recomiendo a cualquiera,5,google_places_api,vacacionando jacó,2026-05-29
arroz estaba durísimo los plátanos eran como boronas y recocinados el fresco de cas estaba malo tuve que tomar agua no la recomiendo la verdad,1,google_places_api,soda montecarlo,2024-02-20
increíble experiencia y ubicación para hospedarse en san josé el espacio es muy acogedor limpio y fresco tiene una ubicación muy buena en un barrio muy tranquilo y uy cerca del centro a tan solo 10 minutos caminando el museo de jade queda a 10minutos y el museo nacional nos agradó mucho que habían gatitos en el lugar ya que somos amantes y una terraza muy hermosa en general la limpieza es impecable hay cocina para cocinarse y está ubicado en un lugar muy lindo los anfitriones fueron muy amables sin duda volveríamos,5,google_places_api,casa esmeralda hotel boutique san josé,2025-12-05
nuestra estancia fue increíble el lugar es acogedor muy limpio y bien ubicado la chica encargada siempre estuvo anuente a nuestras dudas y consultas muy bien ubicado volveríamos en nuestro próximo viaje además tiene una cafetería al lado perfecta para trabajar y disfrutar de una bebida,5,google_places_api,casa esmeralda hotel boutique san josé,2025-12-05
excelente ubicación instalaciones cómodas con parqueo lugar muy tranquilo lo recomiendo camila muy amable lugar céntrico y muy agradable,5,google_places_api,casa esmeralda hotel boutique san josé,2026-03-09
enamorada de este lugar todo limpio cuidado cada detalle me enamoró el patio está divino la cama súper cómoda y limpia los baños enormes ideal para relajarse feliz hermosa experiencia,5,google_places_api,casa esmeralda hotel boutique san josé,2025-05-06
buen lugar muy centrico divina la atencion de los señores exquisito el clima y los lugares para comer para nosotros 10 10,4,google_places_api,hotel del este santa fe,2024-02-08
excelente precio y atención,5,google_places_api,hotel del este santa fe,2026-01-23
excelente servicio y amabilidad el sitio es increíble la cabaña está muy bien equipada para cocinar se cuenta con plantilla de gas olla arrocera coffeemaker trastes ollas etc es muy acogedor el sitio y se puede visitar el río ciruelas por un sendero,5,google_places_api,cabinas de montaña,2019-12-04
el lugar es muy tranquilo con una vista espectacular la atención fue muy amable y la cabaña muy rústica para el que le guste esa experiencia con chimenea para relajarse cocina y parrilla a un muy cómodo precio,4,google_places_api,cabinas de montaña,2021-04-05
un lugar mágico excelente servicio y una calidad humana q lo hace a uno como turista nacional sentirse orgulloso de un lugar tan especial gracias a la señora q amablemente nos atendió en ese lugar tan especial le propuse matrimonio a mi novia muchas gracias por ser tan especiales 5 estrellas,5,google_places_api,cabinas de montaña,2021-07-29
hospedado en la cabaña la perezosa muy acogedora y con buen mantenimiento aunque los senderos necesitan intervención el precio fue accesible lugar muy tranquilo,5,google_places_api,cabañas el coyote,2024-11-03
me gustó mucho el lugar está muy bueno alejado del ruido de la ciudad se respira aire fresco permiten mascotas y tienen un excelente servicio al cliente,5,google_places_api,cabañas vista hermosa,2026-03-25
lugar con hermoso paisaje cabañas completamente rústicas y chimenea incluida un lugar soñado y a pocos minutos de coronado,5,google_places_api,cabañas vista hermosa,2019-01-08
exelente el trato como de la casa capi runner estuvo de paseo,5,google_places_api,cabañas vista hermosa,2024-07-18
parqueo bike park cabañas y en un futuro nuevas cosas,5,google_places_api,cabañas vista hermosa,2021-08-31
experiencia muy apegada a la simpleza y humildad lugar tranquilo y lleno de árboles genial para parejas o amigos cerca de la ciudad a un precio normal,5,google_places_api,cabañas vista hermosa,2022-04-04
bonito lugar tiene excelentes vistas,5,google_places_api,cabinas de paso la altura,2026-02-08
excelente lugar y muy lindas,5,google_places_api,cabinas de paso la altura,2024-06-07
un lugar hermoso,5,google_places_api,cabinas de paso la altura,2022-03-21
excelente vista mucha naturaleza,5,google_places_api,cabinas de paso la altura,2022-05-05
me encantó el lugar buenas bocas la dueña buena gente y lo mejor esq les dan comida a callejeros perros gatos,5,google_places_api,cabañas el palenque,2025-06-08
yo espero ir ese lindo lugar me han recomendó ir espero ir otra semana sábado y amanecer lindo lugar con mi linda pareja si dios lo permite,5,google_places_api,cabañas el palenque,2024-12-01
básicamente es un motel semi privado porque tenés que pagar en la recepción así que te ven la cara las cabañitas son pequeñas pero muy bonitas linda vista en los ventanales hacia el bosque y montañas los baños impecables la ducha tiene agua caliente pero cuesta un toque ponerla me parece un poco elevado el precio 35 12h,5,google_places_api,cabañas el palenque,2022-06-12
pésimo lugar para lo que cobran no hay un televisor con cable no hay música el baño es un desastre servicio al cliente no existe xq intente llamar y ni el teléfono servía deberían dejar por lo menos cobijas sienta saben que es un lugar frío si pago un servicio lo mínimo que espero es que tenga un buen servicio al cliente,1,google_places_api,cabañas el palenque,2020-02-02
nos enamoramos del lugar una cabaña de montaña mágica en medio de la naturaleza y lejos del ruido perfecta para desconectarse y descansar las vistas son increíbles con amaneceres y atardeceres hermosos y por la noche el cielo se llena de estrellas incluso se puede ver la vía láctea el lugar es romántico súper acogedor pet friendly y está full equipado cada rincón es precioso y transmite muchísima paz sin duda un lugar al que volveríamos otra vez,5,google_places_api,full moon lodge cr,2026-05-21
estar en san marcos de tarrazú permite explorar una región famosa por su café y disfrutar de la tranquilidad de las montañas sin estar lejos de otras atracciones de la provincia de san josé,5,google_places_api,full moon lodge cr,2025-10-08
espectacular nos encantó la casita y sus vistas deybid un genio,5,google_places_api,full moon lodge cr,2025-05-15
yo soy vecinos de francisca es muy bueno hay es muy ordenado y muy hastiado nunca e ido pero algún día quiero conocer bien por dentro,5,google_places_api,cabinas en orosí,2020-11-29
son las mejores en vista conozco casi todas mi favorita es la 10 pidan la 10,5,google_places_api,cabinas los cedros,2026-02-02
cómo de precio bastante informal no quiere decir malo sino al mero estilo costa rica buena atención y muy tranquilo para llegar debes conocer si sabes a lo que me refiero sino ni preguntes,4,google_places_api,cabinas los cedros,2024-05-04
cabinas amplias algunas con buena vista del valle central cuentan con televisión y baño completo no tienen cobijas y el lugar es frío de noche por lo que es indispensable llevar propias no se puede reservar el día antes solo el mismo día desde temprano el valor aumentó a 11300 por noche el encargado de atender el teléfono no es nada amable y no brinda suficiente información tampoco es fácil que te abran el portón al ingresar duran bastante y ni siquiera hay un timbre o algo similar mi habitación que era la 12 tenía una sábana en muy mal estado con un gran hueco en el medio apesar de ser un lugar barato deberían cuidar esos detalles 7 10,4,google_places_api,cabinas los cedros,2020-12-02
a la hora de pagar no hay privacidad el lugar es muy lindo falta aún mejorar la atención al cliente y tratar d tener variedad d comida o bebidas,3,google_places_api,cabinas los cedros,2020-03-10
un bello lugar y muy tranquilo,5,google_places_api,cabinas casa descanso la palma,2023-04-19
la atención no ha sido buena ha sido apresurada y pésima y lo que se ha recogido no ha sido lo ordenado se había realizado un pedido de cantones y eso vendría siendo más un arroz con carne que el mismísimo cantones evitar comprar cantones acá ya que definitivamente puede ser cualquier otra cosa excepto cantones,2,google_places_api,soda don jose,2025-11-05
super recomendada,5,google_places_api,soda don jose,2025-03-15
es la mejor soda de todo cartago so comidas son deliciosas con recetas hechas por doña kattia totalmente recomendado haga sus pedidos al 89925558 o al 25524843,5,google_places_api,soda don jose,2022-02-16
excelente sabor calidad y un muy buen precio muy recomendado,5,google_places_api,soda don jose,2021-06-20
demaciado rik la comida de esta soda,5,google_places_api,soda don jose,2019-07-13
delicioso la comida 10 10 súper recomendado pd la mayonesa que tiene es exquisita,5,google_places_api,soda san esteban santa rita provincia de cartago,2026-02-05
soda tradicional de cartago productos caseros con un sabor excelente y una mayonesa genial sin dejar de lado el servicio de calidad super recomendados,5,google_places_api,soda san esteban santa rita provincia de cartago,2025-12-26
excelente atención muy buena variedad de comidas y las muchachas muy amables y simpáticas,5,google_places_api,soda san esteban santa rita provincia de cartago,2025-05-18
demasiado rico todo vale el costo y la espera las muchachas son super amables el lugar ordenado y aseado super super recomendado,5,google_places_api,soda san esteban santa rita provincia de cartago,2023-04-06
muy rico las muchachas son muy amables,5,google_places_api,soda san esteban santa rita provincia de cartago,2025-10-19
comida fresca con sabor de comida casera recomiendo el arroz con camarones muy sabroso,5,google_places_api,soda san benito,2025-12-08
sodita 3b de las que ya no abundan buen precio comida rica rápidos y el lugar es bonito se pide se recoge y se paga en la barra personal atento y servicial volveré buen salvatandas si uno anda cerca de la uruca y quiere comer comida casera,5,google_places_api,soda san benito,2025-05-30
almuerzo delicioso siempre hay menú del día y también casados con diferentes opciones las chicas son super atentas y buena gente y la comida es deliciosa,5,google_places_api,soda san benito,2025-08-25
excelente comida excelente servicio y excelentes precios,5,google_places_api,soda san benito,2026-02-12
el lugar es pequeño pero la comida tiene muy buen sabor diria qué com un lugar de paso sin estacionamiento,5,google_places_api,soda santa marta,2023-04-05
riquisimo,5,google_places_api,soda santa marta,2023-05-26
sinceramente la comida estaba horrible y la atención al cliente peor cero recomendado,1,google_places_api,soda allan,2025-11-11
al estar pegado a la acera son muchos los momentos que indigentes se acercan mucho pero es esa zona de la capital aprre de eso la comida es buena y las sobras se esmera en atender,4,google_places_api,soda allan,2025-10-14
buena sodita ricas comidas buenos precios y muy aseado el lugar,5,google_places_api,soda allan,2025-11-19
excelente comida don allan,5,google_places_api,soda allan,2026-01-06
hice un pedido de costilla especificando que quería la ensalada aparte ya que soy alérgico al pepino y las últimas 2 veces que hice pedido me enviaron la ensalada con la costilla 3 veces lo insistí y pedí unos tacos pastor din olores la sorpresa fue que todo llegó revuelto con ensalada y olores no pediría nunca nada en este lugar,1,google_places_api,soda la casita del sabor,2024-08-13
la mejor mayonesa del mundo y mega barato,5,google_places_api,soda la casita del sabor,2019-05-02
genial la comida muy rica y dan buena porcion para que el cliente quede sastifecho siempre deseando que las benciones sobre abunden en su familia y equipo de trabajo don jorge campos y maribel serrano los aprecio mucho el apoyo que he tenido en su pais es incondicional de igual manera mi estimacion para ustedes,5,google_places_api,soda la casita del sabor,2018-11-23
excelente servicio y muy rico todo aunque el lugar quede lejos de mi casa siempre es nuestra opción número 1,5,google_places_api,soda la casita del sabor,2021-02-14
muy buena comida y bien servicio 100 recomendado,5,google_places_api,soda la casita del sabor,2018-11-20
excelente alojamiento a pocos metros de la playa muy tranquilo y personal agradable,5,google_places_api,casa santa teresa,2024-08-28
fue un lugar donde vivimos momentos lindos en la playa nunca havia visto tanta gente surfeando grandes olas precioso,5,google_places_api,casa santa teresa,2022-02-19
excelente ubicación y muy buenas vibras del lugar las voluntarias siempre atentas y todo el personal muy predispuesto a ayudarte,5,google_places_api,abacaxi hostel community,2026-02-12
una hermosa experiencia un lugar muy tranquilo con mucha buena onda totalmente recomendado,5,google_places_api,jungle hostel,2019-04-17
muy lindo y tranquilo para estar con la familia,5,google_places_api,cabinas el bosque,2026-05-08
exelente lugar para descansar muy tranquilo,5,google_places_api,cabinas el bosque,2026-05-08
todo bien buen lugar para alojarse solo tranquilo y con piscina fui con mi papá y mi hermana y a diferencia de él hotel barceló donde íbamos a pagar 700 dólares por 2 noches aquí pagamos 35 000 por noche muy bonito lugar,5,google_places_api,cabinas el bosque,2024-07-29
el lugar tiene vistas hermosas la comida es rica la atención si es muy lenta almenos una hora para que te traigan la comida pero es deliciosa los cuartos estaban bien los tour excelente berny hace un excelente trabajo en el tour toda la explicación y el tiempo que toma para hablar sobre la isla fue genial le doy puntuación 4 por la caminada uqe hay que darse y esas gradas matadoras y la falta de confección de internet,4,google_places_api,cabinas atardecer isla venado,2026-01-06
el lugar es genial si visitan la isla les recomiendo que venga a este lugar cuentan con restaurante y hospedaje el precio de la noche es de 18 000 por persona la comida es súper buena a un muy buen precio todo,5,google_places_api,cabinas atardecer isla venado,2026-01-02
habitaciones muy lindas cómodas y confortables con unas vistas hermosas pileta en el lugar para refrescarse y decoración de anochecer y amanecer full contenido excelente atención del personal siempre dispuesto ambiente rustico en los paisajes propio de una isla,5,google_places_api,cabinas atardecer isla venado,2026-01-26
es super acogedor recomendado,5,google_places_api,cabinas el cenízaro,2024-08-18
un sitio hermoso bien provisto de todo lo necesario para una estancia comoda y con posibilidad de cocinar utensilios y electrodomesticos adecuados para quienes les gusta la cocina como a mi servicio diario de limpieza recoleccion de basura cambio de sabanas y toallas de baño si asi ud lo pide hermosa y espectacular vista de la playa de montezuma del mar y de los amaneceres si ud decide levantarse a verlo despues puede seguir durmiendo si quiere tienen piscina para los huespedes y rancho asi como cambiadores y sanitario en el area si hay muchos clientes la piscina se torna chica pero la gente se acomoda y es respetuosa los dueños muy amables y la calidad precio bien los vale si va por la zona es un sitio recomendado ademas muy cerca del centro del pueblo el cual es super lindo lleno de folklor y gente interesante hay un supermercado que me encanto venden un pan espectacular no se lo pierda,5,google_places_api,cabinas lindavista,2022-01-16
la vista al mar es muy bonita hay mesas dond puede comer con vista al mar aceptan mascotas ir a la playa caminando puede ser algo agotador por la cuesta pero en carro es muy fácil siempre hay dond parquear en la playa se llega en 4 min el carro se puede dejar al frente de las hab y el dueño es muy amable pero la habitación es muy oscura la puerta del baño estaba en mal estado la cocina tenia un mal olor en general le falta un poco de amor mantenimiento a esas habitaciones precio es algo elevado si lo comparamos con la calidad q recibes pero supongo que pagas por la vista y por ser montezuma,3,google_places_api,cabinas lindavista,2022-02-27
me parece un lugar bastante bonito estratégico porque esta cerca de las playas y del pueblo las instalaciones son bastante grandes cuenta con piscina y las zonas de estar son muy cómodas,5,google_places_api,cabinas lindavista,2023-07-28
muy buena atención no molestan a lo huéspedes muy linpia las habitaciones y piscina lo único es que las sillas de piscina son muy duras no so aptas para el descanso les hace falta forros suaves impermeables pero en general muy lindo lugar,3,google_places_api,cabinas lindavista,2020-01-30
nos quedamos una noche y fue lo peor los baños no tienen tapa y la cadena cuesta que baje las duchas llenas de arena no quitan nisiquiera el jabón de los antiguos huéspedes las almohadas son demasiado delgadas es como si no tuvieran se sentían los alambres del colchon atendían bien pero lo único bueno,1,google_places_api,cabinas san miguel arcangel,2026-03-28
excelente atención es un lugar tranquilo limpio piscina linda su ubicación perfecta muy cerca de la terminal y muelle de cruceros,5,google_places_api,cabinas san miguel arcangel,2026-03-04
no les recomiendo pasar la noche aquí por lo siguiente el precio esta cómodo la noche en 25mil colones pero lo que es la habitación fatal baños con mal olor hay sancudos disque que equipadas y cuando iba usar una refri que esta en la habitación estaba desconectada ni la usamos y tras de eso no se si hay un señor de mantenimiento viviendo ahí mismo pero hacia un escándalo y pegando gritos a las 7 de la mañana,2,google_places_api,cabinas san miguel arcangel,2025-07-26
mala atención no se cuenta con televisión la ducha se rebalsa y se sale a la habitación el olor a cloaca en las madrugadas te despierta el dependiente no está calificado para el puesto y solo esta ahí para que alguien cobre el dueño parece que le importa poco los clientes en fin desastroso existen mucho mejores opciones y más baratas o almenos que valga lo que se paga,1,google_places_api,cabinas san miguel arcangel,2025-04-18
el detalle de la limpieza diaria es fundamental fátima una genia tremendamente ubicada a 100mtr de playa y un toque alejado lo justo del quilombo recomendado al 100,5,google_places_api,casa piscina,2025-01-10
una casa muy cómoda para pasar un fin de semana con los amigos o la familia muy cerca del centro y de la playa espacio para parqueo de dos vehículos y la atención y servicio de los dueños fue muy atenta,5,google_places_api,casa piscina,2021-04-10
es un lugar muy hermoso se puede pajarear ver perezosos y muchos arboles que hacen el lugar freco de clima ell administrador es muy amable atento y hasta nos enseña curiosidades las habitaciones muy cómodas y hermosas con todo lo necesario el dueño nos llevo a una piscina natural muy bonita y de facil acceso solo para él el camino hacia la playa esta en buenas condiciones y tambien se pueden observar animales y vichear mencanto,5,google_places_api,villas finca talok eco lodge,2026-03-29
un hermoso lugar que te hace sentir en conexión con la naturaleza limpio rústico muy cerca de las playas con excelente ubicación excelente atención de parte del dueño super amable servicial y atento 100 recomendado,5,google_places_api,villas finca talok eco lodge,2017-12-26
hicimos couch surfing en la finca de sergio una experiencia excelente aprendimos mucho sobre la naturaleza y sobre plantas medicinales el lugar es hermosisimo volveríamos mil veces más,5,google_places_api,villas finca talok eco lodge,2018-04-02
si lo que deseas es salir y oxigenarte estar rodeado de la naturaleza y encontrarte contigo mismo recargar baterías en un lugar lleno de paz y armonía este es el mejor lugar lo mejor de lo mejor en el caribe sur,5,google_places_api,villas finca talok eco lodge,2017-12-27
lugar bonito tranquilo y cerca de playas y parques,5,google_places_api,nature lodge punta riel cahuita,2025-10-27
me encantó el lugar y la atención,5,google_places_api,nature lodge punta riel cahuita,2025-01-02
muy buena atención el dueño ovi muy amable y atento,4,google_places_api,nature lodge punta riel cahuita,2023-04-03
muy bonito el lugar excelente servicio,5,google_places_api,nature lodge punta riel cahuita,2023-02-28
estuve en beach house en cahuita excelente lugar muy limpio todo muy cerca para lo que necesites staff muy atento a lo que necesites volvería a este lugar en mi proxima visita playa muy bonitas tours excelente estadía,5,google_places_api,the beach house cahuita,2022-01-12
exelente era lo que estaba buscando,5,google_places_api,the beach house cahuita,2021-09-27
genial,5,google_places_api,the beach house cahuita,2022-10-01
lugar muy bonito,3,google_places_api,the beach house cahuita,2023-06-02
un paraiso hermoso,5,google_places_api,casa de los amigos,2024-05-18
todo parece muy bonito y todo pero no contestan teléfonos o imposible de hacer reservaciones,1,google_places_api,casas y cabinas los tucanes,2026-05-28
muy simpáticos y acogedor lugat,5,google_places_api,cabinas los corales,2026-06-29
sweet zone en cahuita fue una experiencia increíble las crepas aquí son simplemente deliciosas frescas y hechas al momento probé la crepa de fresa con dulce de leche y honestamente fue una de las mejores que he comido las fresas estaban súper frescas y jugosas y el dulce de leche tenía el balance perfecto de dulzura combinando increíble con la textura suave y calientita de la crepa cada bocado sabía espectacular además de la comida el servicio fue excelente el personal fue muy amable atento y rápido siempre haciendo sentir a los clientes bienvenidos con una gran actitud y buena vibra se nota que realmente les importa dar una buena experiencia el lugar tiene un ambiente relajado y acogedor perfecto para disfrutar algo dulce después de recorrer cahuita definitivamente recomiendo sweet zone a cualquiera que quiera probar crepas de calidad y recibir un servicio excelente sin duda volveré,5,google_places_api,sweet zone,2026-05-07
excelente experiencia en heladería sweet zone probé la crepa pink de leche condensada y fresa con helado de fresa y estaba demasiado rica la crepa súper suave las fresas frescas y el helado tenía muchísimo sabor la combinación quedó perfecta dulce pero sin empalagar además la atención fue muy buena y el lugar tiene un ambiente agradable definitivamente volvería para probar más cosas del menú,5,google_places_api,sweet zone,2026-05-07
un lugar muy especial que lo hace sentirse niña otra vez de tantas opciones de dulces nosotros elegimos 2 conos de helados super grandes eran ni foto quedo registrada porque los disfrutamos mucho la imagen los rótulos la alfombra y detalles increíbles son impresionantes me sentí como vanelope la niña de ralph el demoledor,5,google_places_api,sweet zone,2026-02-14
buen lugar para descansar además tiene una cocina compartida para huéspedes,5,google_places_api,roca mar puerto viejo,2026-03-26
excelente hotel instalaciones desayuno habitaciones implacables y con un gran salón para celebrar eventos especiales,5,google_places_api,hotel puerto limón,2026-03-04
la comida está bien pero tardaron demasiado en prepararla casi 1 hora para un solo plato las personas que atienden en las mesas son muy amables y serviciales cero quejas en esa parte música demasiado alta es difícil sentarse tranquilo a comer por el volumen parece más una discoteca lástima porque el lugar está bonito con una muy buena ubicación junto al mar,3,google_places_api,sol mar cocktails grill,2025-08-29
pasavamaos por aquí de visita de méxico y nos encantó el trato de paola los precios muy razonables y muy rico todo,5,google_places_api,restaurante la finca limón,2026-06-22
la comida estuvo deliciosa con excelente sabor y muy buena presentación el servicio fue rápido amable y siempre atentos a lo que necesitábamos sin duda una experiencia muy agradable todo me gustó y definitivamente volvería,5,google_places_api,restaurante la finca limón,2026-02-04
una delicia realmente si quieres comer como en casa rico con gran calidad y a un precio muy cómodo este lugar es para ti,5,google_places_api,restaurante la finca limón,2026-02-04
un restaurante muy lindo y cálido con una atención excelente y muy amable la comida es deliciosa y tiene un sabor casero en cada bocado probé un desayuno con salchichón en salsa y estaba espectacular y ni hablar del chifrijo sin duda un lugar para volver,5,google_places_api,restaurante la finca limón,2026-02-04
cuál es el número de contacto,1,google_places_api,casa marina hostel rooms,2024-08-13
esta bien ubicado puedes dejar ti vehículo lavando mientras vas al supermercado,3,google_places_api,cabinas ensueños,2021-08-20
el lugar no existe por más que lo buscamos definitivamente no existe,1,google_places_api,cabinas ensueños,2024-01-06
un lugar agradable excelente ambiente y comida de calidad,5,google_places_api,cabinas ensueños,2023-02-08
lugar un poco complicado para entrar,3,google_places_api,cabinas ensueños,2024-06-15
nos alojamos un poco de rebote no está mal el apartamento pero no es para gente que anda de paso ya que está algo alejado de la estación y el centro,2,google_places_api,casa de invitados marta,2022-01-31
todavía están abiertas,5,google_places_api,cabinas luna,2023-04-23
ubicada en un buen sitio los precios son muy accesibles es bastante económica y la comida es muy buena el único detalle es la cantidad de mesas muy limitada pero nada fuera de lo normal es un sitio ideal para desayunar o almorzar a un buen precio y rico le damos 9 0 10 pandapuntos pandaventuras,4,google_places_api,soda el turrialbeño,2025-05-29
trabajo en turismo y siempre que venimos del caribe sur con rumbo hacia tortuguero entrando por el puerto de moín pasamos a almorzar en éste restaurante tan estratégicamente ubicado tienen esa barra de comida tan deliciosa y a muy buen precio el servicio es rápido y atendido por personal profesional y muy atento tienen un salón muy amplio y abierto por los lados ofreciendo un ambiente agradable definitivamente una parada imperdible,5,google_places_api,soda el turrialbeño,2024-01-31
comida tipo buffet excelentes precios y buenas porciones un lugar agradable,5,google_places_api,soda el turrialbeño,2022-10-09
precios accesibles y comida muy buena se puede pagar con sinpe móvil un valor agregado de lo más útil actualmente,5,google_places_api,soda el parquecito,2021-01-27
muy bueno y precio accesible,4,google_places_api,soda el parquecito,2021-04-21
muy rico todo,5,google_places_api,soda el parquecito,2022-04-19
calidad buena atención,5,google_places_api,soda el parquecito,2021-05-12
buen desayuno y buena atención precio justo,4,google_places_api,soda la colina,2024-08-26
muy buena comida,4,google_places_api,soda la colina,2021-12-30
excelente atención y ricas empanadas de pollo,5,google_places_api,soda la colina,2021-10-22
todo excelente,5,google_places_api,soda la colina,2025-07-01
buena comida bien precio,5,google_places_api,soda la colina,2021-10-22
desayunos muy ricos voy el precio muy barato,4,google_places_api,soda yami,2021-03-21
me gustó mucho pedí un simple gallo de carnen y me sorprendieron con un plato muy agradable a la vista y de sabor delicioso y una tortillota palmeada riquisima y fresquita bueno yo soy muy delicada para la comida al menos el gallo de carne se los recomiendo,4,google_places_api,soda yami,2020-11-10
excelente atención y la comida es muy buena los precios accesibles para pasar a comer al cruce de río frío este lugar es la mejor opción,5,google_places_api,soda yami,2023-02-18
la comida estuvo deliciosa fui con unos amigos con dietas variadas y ahí tienen opciones keto y vegetariana todos nos fuimos contentos,5,google_places_api,soda exodus by campbell,2025-11-24
la comida estuvo increíble con buen sabor y la vibra caribeña del lugar estuvo genial,5,google_places_api,soda exodus by campbell,2025-11-17
buena comida y buenas porciones,5,google_places_api,soda exodus by campbell,2025-11-14
5 estrellas rica comida y buen anbiente buena atencion,5,google_places_api,soda family,2021-12-24
muy bueno lindo lugar rica comida,4,google_places_api,soda family,2021-09-13
muy aseado buena atención y rica comida,4,google_places_api,soda family,2021-09-23
buena comida y presios acsesibles,3,google_places_api,soda family,2019-11-03
comida muy rica en una ambiente muy lindo con una decoración divertida cómo oportunidad de mejora el trato al cliente podría ser un poco más ameno pero en general bastante bien,4,google_places_api,cafetería y restaurante baliza,2026-02-02
súper lindo el lugar y la comida excelente,5,google_places_api,cafetería y restaurante baliza,2025-09-05
precioso lugar y la comida muy rica,5,google_places_api,cafetería y restaurante baliza,2026-04-19
el lugar esta súper cute me encanto la comida 10 10 y el servicio esplendido los sándwich de carne son lo top muy recomendado para pasar la tarde,5,google_places_api,cafetería y restaurante baliza,2024-09-12
me agrado mucho este lugar buen servicio ambiente agradable con música instrumental cristiana horario de 3 00pm a 7 00pm si embargo nos dejaron tomar el café tranquilos recomendado 100 precio un poco caro pero considero que está bien el ambiente es como para parejas enamorados o si quiere tranquilidad es el lugar adecuado para un buen café,4,google_places_api,stecafe,2023-10-18
precios bastante altos la verdad la comida es buena el lugar un poco excesivamente decorado con flores pero supongo que es al gusto de los dueños bastante pequeño además con precios más decentes sería un mejor lugar,4,google_places_api,stecafe,2025-08-30
buen servicio y un sitio tranquilo el café super rico,5,google_places_api,kaba coffee gastro bar,2026-02-17
es un lugar con un ambiente agradable el personal muy servicial el café es muy bueno lo recomiendo en cuanto a la alimentación precio calidad y cantidad no me pareció los costos son algo elevados y la cantidad no compensa el costo el sabor pues normal hay una fajitas de pollo en el menú que no las recomiendo no era lo que esperaba nada de sabor simple y sin color estaba mejor el plato de mi hijo más barato y la misma cantidad que el mío ya que el mío era el doble del precio,4,google_places_api,kaba coffee gastro bar,2025-12-19
pésima experiencia he visitado este lugar en dos ocasiones y en ambas me han fallado con la comida la situación más decepcionante fue cuando pedí un pollo en salsa china lo que recibí fue literalmente pollo hervido sin sabor acompañado de salsa de soya comercial y jengibre picado sin duda uno de los peores platos que he probado al comentarle a la mesera sobre la mala calidad del plato me ofreció cambiarlo lo cual acepté sin embargo al momento de pagar me cobraron ambos platos a pesar de haber señalado claramente que el primero estaba en mal estado a esto se suma que los precios son elevados y no corresponden con la calidad ofrecida además no se percibe una propuesta auténtica de comida caribeña los platos carecen de identidad sabor y tradición es una lástima especialmente considerando que anteriormente en ese lugar estaba garaje donde sí valía la pena comer no lo recomiendo en la zona hay opciones mucho mejores como lizzie hotel el puerto reinas cocorí tinto y aroma o pollo cyros donde la relación calidad precio y el sabor son muy superiores,1,google_places_api,kaba coffee gastro bar,2026-05-02
la experiencia fue algo incómodo fuimos con toda las expectativas del lugar pero nunca más fuimos con una amiga a tomar café y a comer algo pedimos la comida antes que el café los cafés llegaron primero normal mente así es bebidas antes que la comida estuvimos hay 40 minutos y nuestra comida no llegó fuimos a preguntar si pasó algo con nuestro pedido y nos dicen que averiguarán esperamos 5 minutos más y vimos que la chica nunca salió de cocina volvimos a preguntar y vimos dnd apenas estaban preparando el pedido y nos retiramos del lugar ya que es injusto esperar 45 minutos y que nuestra comida no estaba lista lástima porque se ve un lugar muy lindo pero la experiencia no fue la mejor espero a nadie más le llegué a pasar algo así en este lugar,1,google_places_api,kaba coffee gastro bar,2026-05-03
muy bonito lugar,5,google_places_api,nosara verde casa selva,2020-02-05
fui con mi familia el fin de semana pasado y es un lugar muy bueno para hospedarse si vas a nosara cuenta con cocina equipada aire acondicionado baño camas muy cómodas todo en el mismo espacio lo único es que no había mesa quizá podrían incorporarla más adelante aún así el lugar nos pareció excelente y muy económico las tiendas y supermercados están cerca y puedes ir a las playas en auto a 15 minutos,4,google_places_api,cabinas cenizaro nosara,2026-04-21
excelente lugar muy bonito,5,google_places_api,cabinas cenizaro nosara,2024-05-30
excelente instalaciones,5,google_places_api,cabinas cenizaro nosara,2025-10-22
muy bonito,4,google_places_api,cabinas cenizaro nosara,2023-06-14
el lugar esta muy bien la atención excelente precio vs zona bastante bien la habitación muy ordenada y limpia,5,google_places_api,cabinas cenizaro nosara,2026-07-08
servicio impecable uno de los mejores servicios de cabinas al que he asistido siempre limpio y bien lavado tanto el paño como las sábanas y el cuarto tiene ac wifi cable tv parqueo y algunas de las cabinas poseen ducha o agua caliente no todas algunas además de que tienen servicio de soda para desayunar almorzar y cenar,5,google_places_api,cabinas dilan,2025-12-05
las cabinas son bastante cómodas buen servicio de aire acondicionado las camas muy aseadas y de buen olor los baños amplios y aseados cuenta con una mesa muy apropiada para trabajar con la portátil,5,google_places_api,cabinas dilan,2023-07-10
quiero super recomendar estas cabinas por muchas razones su anfitriones el señor heiner la señora hilda y sus hijos son personas maravillosas muy limpio todo quedamos enamorados de su atención y amabilidad y volveríamos mil veces,5,google_places_api,cabinas guayacán nosara,2026-01-03
calidad de abitaciones exelente recomendadas 100 buena atención y bien acogedora para tener un buen descanso y buenas atención al cliente,5,google_places_api,cabinas guayacán nosara,2025-11-06
hermoso lugar acogedor tranquilo y seguro cerca del centro nosara a minutos de varias playas con wifi aire pantalla refri anfitriones excelentes,5,google_places_api,cabinas guayacán nosara,2026-01-07
super recomendados un ambiente familiar y tranquilo todo muy limpio y ordenado cerca de supermercados aeropuerto de nosara y de las playas los anfitriones muy atentos y serviciales te hacen sentir como en casa,5,google_places_api,cabinas guayacán nosara,2026-01-03
un lugar seguro acogedor y tranquilo sus instalaciones muy bien acondicionadas y su personal muy atento y amable lo recomiendo,5,google_places_api,cabinas guayacán nosara,2026-05-28
cerca de la playa y bien equipadas muchas gracias por vuestra atención,5,google_places_api,nosara beach cabins,2023-04-29
un lugar especial y maravilloso,5,google_places_api,nosara beach cabins,2025-05-13
excelente lugar para hospedarse sin pagar caprichos precios increíblemente cómodos servicio de excelente calidad nos hicieron sentir como en casa siempre atentos su ubicación permite viajar a todas las playas de la zona puedes visitar la playa mas cercana con tan solo 3 y vivir la adrenalina de viajar en tuk tuk,5,google_places_api,cabinas maji,2020-01-05
muy buena atención por parte de los dueños seguro muy asadas las cabinas,5,google_places_api,cabinas maji,2025-11-06
lugar comodo y acogedor con atención muy sociable y respetuosa con el cliente recomendable,5,google_places_api,cabinas maji,2023-01-01
muy cómodas y limpias,5,google_places_api,cabinas maji,2025-10-09
falta mejor atención,3,google_places_api,cabinas maji,2021-06-04
cuánto cuesta la una noche en las cabinas ángnnel,1,google_places_api,cabinas agnnel,2026-02-20
no le doy 0 porque no me da la opción no lo recomiendo muy mala experiencia habitaciones con mal olor a cigarro impregnado en las paredes y cortinas cama sucias y no duermes por la picazón de ácaros en el colchón sucio y tu hayas hediondas pésimo trato por parte de los dueños o encargados y muy caro para pésimas instalaciones,1,google_places_api,cabinas agnnel,2022-01-06
muy lindo el lugar wifi aire acondicionado aseado baños incluidos muy aseado lo recomiendo es favorable,4,google_places_api,cabinas agnnel,2024-12-11
pésimo lugar muy malas instalaciones pasamos una noche y la segunda noche llamamos a reservar y cuando llegamos a las cabinas nos dijeron que no tenían campo demasiado iresponsables,1,google_places_api,cabinas agnnel,2022-09-29
es caro y no da para tanto lo que vale me quede por emergencia la verdad pero si pides factura te aumentan el precio hay mejores cabinas y cobran menos de 20 mil colones con factura electrónica,2,google_places_api,cabinas agnnel,2021-12-22
un lugar muy acogedor limpio cerca de la playa atención ecxelente relativamente económico lo recomiendo,5,google_places_api,cabinas los sueños,2026-01-04
excelente lugar buenos precios muy cerca de la playa habitaciones amplias y limpias,5,google_places_api,cabinas los sueños,2025-01-10
muy buen comida y la atención también,5,google_places_api,soda mapi s,2018-08-14
la atención muy linda y amena la comida muy rica y precio accesible,5,google_places_api,cafe fenix,2025-12-29
una experiencia única en el pueblo de nosara centro especial para compartir con familia y amigos,5,google_places_api,cafe fenix,2025-12-29
un poco difícil llegar al lugar se requiere un 4x4 de verdad pero la dueña da el servicio de transporte por un precio muy cómodo y el viaje es menos de 15 minutos la cabaña muy limpia ordenada y cómoda los senderos espectaculares el atardecer fue estupendo el cielo se despejó y el sol alumbró al irazu por un buen rato,5,google_places_api,escapadita al bosque,2025-11-10
un lugar hermoso es mejor en 4x4 yo subí en moto y todo bien solo es bastante empinado la zona de camping un 10 de 10 esta en contacto con la naturaleza 100,5,google_places_api,escapadita al bosque,2026-03-31
precioso lugar ofrecen transporte para llegar el lugar está muy bien cuidado la atención muy bien los senderos están muy bien marcados un lugar ideal para ir en familia,5,google_places_api,escapadita al bosque,2026-04-06
limpio sencillo si pero está en el centro de cartago y es ideal para personas que necesitan una ubicación cercana precio muy accesible y buena atención,5,google_places_api,hotel dinastía,2024-05-12
las habitaciones son acogedoras buen trato buena limpieza es un lugar muy céntrico donde uno tiene mucha facilidad de poderse mover a varios lugares céntricos de cartago,5,google_places_api,hotel dinastía,2024-03-12
es el hotel por excelencia que recomiendo en cartago centro las habitaciones son muy limpias y tranquilas la señora de la recepción es muy buena gente y da muy buen servicio está cerca de muchos lugares de cartago,5,google_places_api,hotel dinastía,2024-05-06
me gustaba más cuando estaba el personal anterior sin embargo es un buen lugar de alojamiento si uno está en el centro de cartago,5,google_places_api,hotel dinastía,2024-03-12
buena opción para pasar la noche y luego seguir su camino las muchachas muy atentas a cualquier solicitud una de las duchas estaba dañada pero la arreglaron durante el día,4,google_places_api,hotel los angeles lodge,2025-09-07
hola quería tomarme un tiempo para agradecerles por todas las atenciones y servicios que recibimos tanto de su parte como de doña roxana mi esposa y yo quedamos muy a gusto con todo pero sobre todo los chicos estaban muy contentos y les encantó no solo las atenciones sino el clima familiar del lugar de verdad que estamos muy agradecidos y no descarto que volvamos a visitarlos en el futuro si dios nos lo permite les deseamos lo mejor y espero que tanto nuestro señor como su madre a quienes ustedes tienen tan cerquita les bendigan y les sigan prosperando en su negocio muchas muchas gracias,5,google_places_api,hotel los angeles lodge,2026-07-20
mi experiencia no fue la esperada el glamping que me entregaron no fue el que reservé y aunque luego accedieron a cambiarnos como había pagado decoración adicional por un cumpleaños tuvimos que dejar el espacio completamente limpio y retirar toda la decoración tal y como nos lo solicitaron porque supuestamente tenían otro huésped en espera sin embargo nunca ingresó nadie tampoco respetaron el cambio que solicité desde la reservación sustituir el vino por una sangría además prometieron enviar una pizza como compensación por los inconvenientes y nunca cumplieron dejándonos sin respuesta el lugar tiene una vista bonita y buena ubicación pero en general se percibe algo descuidado y con falta de mantenimiento lo cual no corresponde al precio que se paga ojalá puedan mejorar estos aspectos,3,google_places_api,tocuma glamping,2026-02-22
fuimos un grupo grande y cada plato estuvo delicioso atención amable y amena una variedad super grande de comida gracias esperamos volver pronto,5,google_places_api,cantaritos rest pub,2026-06-21
excelente el ambiente y el sabor de la comida muy buen servicio y decoración en san valentín los mejores cantaritos que he probado súper recomendado,5,google_places_api,cantaritos rest pub,2026-02-14
la comida excelente la atención muy buena personas super amables y definitivamente los mejores cantarotes 1000 recomendado la mejor pasta,5,google_places_api,cantaritos rest pub,2026-02-14
fuimos con la idea de comer comida mexicana y probar los famosos cantaritos a base de tequila en lo personal el cantarito me pareció rico porque soy amante del tequila el limón la naranja sin embargo si vas a pedir el cantarito debes tomar en cuenta que tiene tajín en el borde del vaso famosa por su mezcla de especias aderezo de sabor picante de siete chiles sal marina y limón deshidratado que resalta el sabor de la comida para comer quería unos tacos con carnitas al pastor sin embargo me dijeron que no tenían por esa razón pedí wrap de pollo grill que estaba rico pero me hubiera gustado que tuviera una mejor cantidad de pollo entre lo mejor de la experiencia culinaria nos gusto la salsita especial de la casa la orden de nachos de carne a nuestro parecer era grande y venían bien arreglados y en el caso de los tacos de birria venían tres taquitos con salsa es un lugar que indica ser pet friendly pero el espacio es muy reducido para las mascotas ya que no pueden desplazarse no hay espacio de parqueo por lo tanto de debe parquear el vehículo en la calle en términos generales la comida estuvo muy buena el precio es gusto me encantó que en la entrada tienen un lavamanos jabón y toallas para secarse las manos,4,google_places_api,cantaritos rest pub,2023-05-08
me pareció bonito el bar y los cantaritos son algo que definitivamente hay que probar con bastante tequila entonces quedamos satisfechos con uno cada uno la comida estaba bien me pedímos un limito especial unos patacones que me perecieron buenos pero muy secos así que pedí carne extra para acompañar por todo pagamos 28mil cólones aprox creo que los precios son altos pero aceptables el servicio fue muy bueno ese día por que había muy poca gente y si van a tomar mejor ir sin carro por qué aveces se llena y cuesta encontrar parqueo,4,google_places_api,cantaritos rest pub,2023-03-30
lugar agradable antes de las 8 pm música 70 80 a bajo volumen para poder conversar después de esa hora es ambiente con más personas,4,google_places_api,pragmático cr,2026-06-06
la comida aquí es deliciosa los precios son los adecuados para el producto que sirven nosotros fuimos un jueves en la noche y tenía una buena promoción en bebidas no sé si aplican siempre no estaba para nada lleno si van un fin de semana si se llena más pero vale la pena solo lleguen temprano para que puedan estar sentados el servicio al cliente es genial y el ambiente es el adecuado para conversar,5,google_places_api,pragmático cr,2025-10-19
gratamente sorprendido desde llegar fue una atención excelente el local es muy amplio con un patio exterior tipo biergarten un menú simple pero correcto la hamburguesa especial del mes estuvo excelente la emmy melt recomendado con los ojos cerrados,5,google_places_api,pragmático cr,2025-05-16
se trata de una casa convertida en restaurante esto hace que haya mesas en varios espacios se ubica en una zona residencial de bajo tránsito por lo que no hay el nivel de ruido que sí afecta a otros negocios de comida en cartago el local es amplio las mesas están bien distribuidas el patio es un punto de reunión donde en ocasiones se puede disfrutar de música en vivo la decoración es sobria y refrescante la batería de baños es un punto a favor tiene un mural muy atractivo el menú no es muy amplio pero la comida tiene muy buen sabor la atención es amable respetuosa y proactiva el ambiente es muy agradable los precios son justos recomendado,5,google_places_api,pragmático cr,2023-06-30
la comida muy rica porciones grande el servicio muy bueno,4,google_places_api,street food olympus,2024-05-31
increíble atención y muy deliciosa comida,5,google_places_api,street food olympus,2025-11-17
calidad de comida muy deliciosa y con muy buenos precios volvería a visitarlos,5,google_places_api,street food olympus,2024-07-11
la mejor comida rápida en cartago es casero me encanta 100 recomendado,5,google_places_api,street food olympus,2026-04-15
cuidado por donde se vienen o van tienen que irse por rio cuarto por el otro lado los dos carros casi se nos quedaron sin frenos y con mucho costo se logro parar los vehículos tuvimos que esperar una hora porque se calentaron los frenos hay muchas pendientes esa ruta es súper peligros hay un trayecto que esta feo con piedra y huecos en fin logramos salir de ahí ilesos por milagro de dios luego que llegamos al lugar compramos el paquete que incluía desayuno y almuerzo el señor que nos atendió en el desayuno al inicio fue de mala gana porque el café era con leche todos y él dijo que el que se incluia en el paquete era negro pero que nos iba hacer el favor luego su actitud cambió un poco la comida desayuno y almuerzo muy regulares la atención al público es muy básica no se siente un ambiente ameno solo los muchachos del tobogán fueron muy amables,4,google_places_api,restaurante pollos costa rica,2025-09-20
el arroz de la casa está muy bueno recomendado lo único malo es no encontrar ningún número para express o en redes sociales uber o didi,5,google_places_api,restaurante pollos costa rica,2024-10-28
excelente atención y trato por parte del administrador y colaboradores del lugar la comida deliciosa mucha variedad en cervezas extranjeras la sangría deliciosa lo recomiendo,5,google_places_api,bar la plaza,2022-02-25
super recomendado nueva administración y remodelado por completo este bar tiene un ambiente más moderno con excelente servicio buena música con un volumen que deja conversar el menú de comida está muy bueno y gran variedad de platillos los precios muy justos y lo principal hoy día cumplen con los protocolos del ministerio de salud primera vez que lo visito bajo la nueva administración y la verdad quedé muy contento si te gusto mí comentario deja un,5,google_places_api,bar la plaza,2021-04-15
son muy atentos a la hora de atenderte y explicar los platillos tienen la mejor sangría ever los precios accesibles y la porción de acuerdo al precio súper recomendados,5,google_places_api,bar la plaza,2021-02-10
el ambiente la comida y la atención son excelentes muy recomendados,5,google_places_api,bar la plaza,2025-06-15
lugar bonito y con una temática muy original el servicio es rápido y amable,5,google_places_api,bar la plaza,2026-01-04
muy bonito restaurante cerca del centro con una vista excelente lo encontré por casualidad en maps y decidí aventurarme a conocerlo la persona que nos atendió excelente servicio muy amable nos ofreció y nos explicó que había unas mejoras y que nos íbamos a encontrar con un poquito de suciedad en las mesas pero nos indicaba qué la limpiaba con gusto tienen unos senderos y unos lugares para tomarse fotografías bastante bonito de comida pedí un chifijo y estaba rico duraron poco para tenerlo en la mesa eso fue punto a favor pocos lugares son así de rápidos me parece super bien los precios para el lugar espero regresar cuando ande por ahí,5,google_places_api,los tres deseos,2026-04-08
el lugar pues bonito el servicio bien pero la comida fatal porciones pequeñas para el precio el plato surtido para dos eso es una boca y vale más de 14000 colones el pico de gallo tenía más sabor el vaso de agua que pedí el chorizo recocinado las tortillas palmeadas parecían galletas maria rescato el chicharrón los patacones y la yuca fría por dentro como que la tiran congelada una decepción y el arroz tres deseos lleno de sal porciones muy pequeñas precios altos,2,google_places_api,los tres deseos,2026-07-12
muy bonito lugar la comida estuvo muy rica y el postre también únicamente me disgustó que no se pueden hacer cambios en los acompañamientos ni dividir facturas hay varios animalitos entre ellos un cabrito aldo y dos ovejas preciosas recomiendo,4,google_places_api,los tres deseos,2026-05-04
es la quinta vez que vamos viajamos desde escazú a comer ahí porque nos encanta la comida y el servicio siempre ha sido muy bueno pero hoy se remataron el servicio fatal nos tuvieron una hora y veinte minutos esperando por la comida preguntamos que pasaba y nos dijeron que ya salía pero nada de la comida ni siquiera pidieron uno de los platos que pedimos el de mi hija de 9 años cuando reclamamos nos dijeron que habían tenido un problema con una de las freidoras pero cuando pregunté por la comida ahí debieron decirnos lo que pasaba no decirnos que ya salía la comida y hacernos esperar media hora más tuvimos que separar de nuestra comida para que mi hija pudiera comer realmente una decepción el día de hoy espero que la próxima vez mejoren eso porque hablamos con el que dijo que era el encargado y nos dijo que no era culpa de ellos que se dañara la freidora como sí eso excusa el mal servicio y la falta de atención,1,google_places_api,el balcón,2026-06-09
nos encantó la experiencia de quedarnos aquí la granja super linda la caminata las termales definitivamente fue un finde de relajarnos volvería definitivamente,5,google_places_api,coffee pickers village by hacienda orosi,2026-06-10
un lugar muy bonito toda la familia quedo encantada con el lugar las habitaciones los detalles de las mismas fue una verdadera experiencia lugar super recomendado,5,google_places_api,coffee pickers village by hacienda orosi,2025-12-29
la reapertura del lugar hace 6 meses y la nueva administración va bien el lugar que ya conocía desde varios años atrás con calificación de excelencia mantiene actualmente las áreas de jardines y zonas comunes como restaurante piscinas y otros con muy buena atención de los servidores limpieza y requerimientos el ingreso y la seguridad impecable el sistema actual de comunicación vía teléfono es un poco difícil y de igual forma la nueva política de reserva se torna confusa a pesar de ello debo resaltar la pronta atención del área administrativa en la solución de circunstancias la comida es deliciosa y los desayunos precios razonables y justos los servidores destacando a la señorita maría juan keneth y los dos chef junto a las jóvenes del servicio de restaurante impecable atención don eduardo el guarda excelente anfitrión n esperaremos con el paso de los meses la reparación de llavines y detalles en los alojamientos pero se agradece y motiva mucho que la nueva administración asuma el reto de devolverle la vida a este paraíso natural dos noches de estancia en un ambiente relajante y seguro,4,google_places_api,rancho rio perlas resort spa,2025-08-13
he visitado con anterioridad el lugar ya hace algunos años y es sencillamente mágico rancho río perlas tiene una ubicación privilegiada en las montañas de orosi justo al lado de un gran río que te envuelve en una atmósfera de paz y tranquilidad absoluta si buscas desconectarte rodeado de naturaleza y vegetación exuberante este es el sitio ideal aunque actualmente se encuentra cerrado me han informado que abrirán muy pronto lo mejor de todo es saber que cuentan con la administración de maría una persona sumamente trabajadora y dedicada lo cual garantiza que la experiencia será de primera calidad estoy deseando volver apenas abran sus puertas,4,google_places_api,rancho rio perlas resort spa,2026-01-30
excelente el lugar la piscina de agua caliente perfecta,5,google_places_api,rancho rio perlas resort spa,2025-04-05
cabaña rústica pero muy aseada colchón un poco viejo pero pasable televisión agua caliente en realidad esta bien para mí,5,google_places_api,hospedaje luis y ana,2026-02-04
calidad y servicio 100 recomendado,5,google_places_api,hospedaje luis y ana,2026-06-11
excelente atención de doña ana muy lindo el lugar con amplias zonas verdes piscina y excelente desatuno,5,google_places_api,hospedaje luis y ana,2025-07-31
excelente lugar muy buena opción muy amables y atentos,5,google_places_api,hospedaje luis y ana,2023-11-07
las residencias más nuevas están muy bien se nota mucho la diferencia con las viejas con el solo hecho de que haya un baño por cuarto y en las viejas hay que compartir con los demás cuartos un baño público,5,google_places_api,residencias estudiantiles hombres 2,2020-02-24
estas instalaciones poseen un nuevo edificio completamente equipado para albergar a estudiantes del tec,4,google_places_api,residencias estudiantiles hombres 2,2017-04-27
excelente lugar,5,google_places_api,casa pura vida,2025-04-05
en realidad uno de los mejores que eh visitado decoración y ambiente muy diferentes y ayudan al mood jaja precios igual o mejor que la competencia espacioso limpios duchas funcionales radio bluetooth facil de entender la cama espaciosa un poco dura y buena iluminación,5,google_places_api,motel tú yo,2026-05-04
buen precio y diseño muy bonito el único inconveniente es que la cama es muy simple y dura,4,google_places_api,motel tú yo,2025-09-30
un lugar diferente alejado del valle central y rodeado de exhuberante naturaleza cuenta con varios ambientes temáticos relacionados a the hobbits y harry potter también tiene senderos para observar cataratas cafetería y restaurantes la villa de hadas y duendes es muy linda el parque es complicado especialmente si está lleno los baños están en malas condiciones y hay muy pocos a unique place far from the central valley and surrounded by lush nature it features several themed areas related to the hobbits and harry potter as well as trails for viewing waterfalls a café and restaurants the fairy and elf village is very charming the park is difficult to navigate especially when crowded the restrooms are in poor condition and there are very few of them,3,google_places_api,gema glamping y picnic,2026-01-11
nos hospedamos hace un año en este lugar la atención recibida fue muy buena la señorita que me atendió para la reservacion fue muy atenta sin pedirlo nos dejó un arreglo floral sumamente divino la noche fue mágica con el sonido del río los grillos el frío los senderos se veían muy bien cuidados como punto a mejorar pondría antideslizante en las aceras cercanas a las cabañitas cuando fuimos estuvo lloviendo mucho y nos resbalamos un par de veces nada grave pero se puede mejorar fuimos entre semana por lo que el restaurante estaba cerrado pero hay un lugar bastante rico y a un muy buen precio cerca del lugar definitivamente vamos a volver,5,google_places_api,gema glamping y picnic,2026-01-14
mi experiencia fue super buena me encantó en cuanto a las personas que me atendieron fueron demasiado amables y serviciales los alimentos estuvieron muy ricos y el fresco de guanábana esta sabroso el picnic muy bonito cada detalle muy cuidado,5,google_places_api,gema glamping y picnic,2026-02-16
es un lugar mágico inmerso en la naturaleza con atracciones turísticas en el mismo sitio y senderos a cataratas la pasamos genial mis hijos de 4 y 6 años se divirtieron muchísimo les encanto conocer sobre hadas y duendes en el silencio de la noche con la niebla y la temperatura descendiendo se encuentra una paz que reconforta y nos conecta con el creador les recomiendo este lugar 100,5,google_places_api,gema glamping y picnic,2025-12-02
la verdad nos encantó todo el espacio de picnic súper lindo y amplio con vista a la naturaleza a cada rato llegaban pajaritos a saludar la decoración con temática de aniversario nos encantó el desayuno estaba delicioso y abundante por otra parte las atracciones del lugar nos gustaron mucho solo nos hizo falta ir a las cataratas pero no llevábamos los zapatos adecuados entonces quedó pendiente para una próxima visita definitivamente escogimos el mejor lugar para celebrar nuestro día especial,5,google_places_api,gema glamping y picnic,2026-02-24
que lindo lugar no lo conozco pero se todo mucha naturaleza y buena comida,5,google_places_api,hidden cabinas of paradise,2026-06-24
no gusto muchísimo el lugar volveremos,5,google_places_api,hidden cabinas of paradise,2025-06-02
para ir a mojar la rata pues aceptable pero no es así como que waooo buen precio eso sí,3,google_places_api,cabinas sueños de maíz,2019-01-20
me encanta la paz y tranquidad q este lugar transmite y la atención es buena,5,google_places_api,cabinas sueños de maíz,2021-03-20
bueno es un lugar muy privado es un lugar muy silencioso donde uno puede despejarse y desesperarse mucho y muy bien trato,5,google_places_api,cabinas sueños de maíz,2017-11-16
se ve intereza te toca visitarlo de vizta suoer,5,google_places_api,cabinas sueños de maíz,2024-06-19
buenas tardes cuales serian los precios y dirección exacta por favor alguien con esa info,4,google_places_api,cabinas sueños de maíz,2018-03-19
el lugar es maravilloso en cuanto a espacio naturaleza infraestructura y accesibilidad si gustas de un lugar tranquilo con clima fresco es ideal para relajarse mi puntuación va asociada a puntos observados respecto a mi segunda visita 8 11 2025 suministro de agua actualmente no se cuenta con agua potable a pesar de que se brinda una cortesía de agua potable en la habitación puede que no sea suficiente por lo cual ofrecen la posibilidad de comprar en recepción es algo que varió respecto a mi primer visita donde si existía el servicio servicio de desayuno se incluye el desayuno como parte del servicio pero respecto a mi primer visita las raciones han disminuido y la atención del personal es menos amable al anterior habitaciones la cabaña tenía telarañas en su entrada y la habitación en las telas se percibía un ligero estado de polvo acumulado recomendación aspirar las habitaciones entiendo que son muchas y puede que las dejen preparadas hasta ser ocupadas pero es importante retocar además los pisos requieren un mayor detallado se limpia pero hace falta desinfectar ya que percibe suciedad al estar descalzo en la habitación,3,google_places_api,cabañas cerro verde,2025-11-12
el hotel posee una vista muy linda a la ciudad cuenta con spa senderos piscina jacuzzi y restaurante para desayunar es un hotel muy silencioso y el personal es muy amable las habitaciones cuentan con mesa sillas platos y vasos sin embargo algunas cosas olían a humedad los senderos para visitar el mirador son empinados con una dificultad media y un poco técnica en algunas zonas no son aptos para todas las personas el masaje en el spa fue muy bueno y jairo super amable disfrutamos mucho de la estadía en el lugar,4,google_places_api,cabañas cerro verde,2025-11-26
un lugar lindo para descansar y salir un rato de la rutina la piscina es un poco fría y las piletas tienen una temperatura más agradable para días fríos es difícil disfrutarlas pues son algo frías las habitaciones son cómodas y equipadas para calentar comida no cocinar el ambiente es tranquilo y hay lugares donde sentarse y relajarse el desayuno estuvo muy rico y hay una linda vista desde el rancho sin embargo las mesas estaban algo sucias y con telarañas no pudimos visitar el sendero pues llovía y estaba algo frío el día,4,google_places_api,cabañas cerro verde,2025-05-26
optamos por el pase del día buen precio y en resumen la experiencia y lugar están increíbles me encanta saber que cerca de cartago tienes un pedazo de bosque con piscinas temperadas único comentario sería que deberían llenar un poquito más las piletas y la piscina ya que en el frío de cartago la idea sería que el agua caliente te cubra todo sin acomodarse tanto uno gracias por todo amigos y amigas,4,google_places_api,cabañas cerro verde,2025-09-16
nos atendieron muy bien de hecho nos permitieron ingresar a la cabaña antes de la hora establecida el personal es muy amable y servicial el único punto de mejora fue la limpieza del baño que pudo ser un poco mejor,4,google_places_api,cabañas cerro verde,2025-07-09
menores de eda entra con policia de la fueza publica luiz,5,google_places_api,pensión la provincia,2026-05-16
la encargada esa noche de recepcion mirada desconfiada tono de voz desagradable cortante casi casi grosera ordinaria la atencion totalmente me quede por necesidad voy a rescatar la habitacion muy agradable muy limpia ordenada,2,google_places_api,pensión la provincia,2020-03-16
le doy una estrella xq sólo haci puedo comentar a mi parecer es un lugar sin ninguna discreción y el trato de su personal es igual de malo día sábado que fui con novia nos atendió una doñita de aspecto desagradable el cual nos negó una avitasion por solo el echo de ser una pareja de dos chicas y a ver llegado sin carro el trato que se da en un lugar es lo habla de que tan bueno es así este lugar es un cuchitril ii,1,google_places_api,pensión la provincia,2017-03-04
muy sabroso a precios muy razonables,5,google_places_api,soda la chinita,2019-08-08
las salsas son únicas en su sabor,5,google_places_api,soda la chinita,2026-06-03
comida muy rica bastante limpio y cómodo,5,google_places_api,soda la chinita,2019-06-15
la mejor mayonesa casera excelente para los acompañamientos best home made mayo great side,5,google_places_api,soda la chinita,2025-05-30
ojo es mejor pedir para llevar pero si comen en el lugar es mejor agarrar las mesas de afuera y lo más afuera posible cuando la cocinera hace cantonés le pega unos cañazos al wok hasta se escuchan en la otra esquina de la cuadra es medio incómodo comer así si les tengo que decir los combos son muy buenos el combo 1 es el de la foto ambos platos la porción es grande trae bastantes acompañamientos todos con un muy buen sabor buena cocción y los materiales se sienten bien el wonton si me decepcionó solo son como picaritas sin nada adentro la atención fue muy buena y los precios son muy buenos considerando la cantidad y calidad de la comida,4,google_places_api,soda al toque,2021-11-12
excelente comida recomendado para una escapada en el movido ambiente de san pedro un local tranquilo y fresco con mesas cómodas las porciones de las pupusas son adecuadas y la mega pupusa es efectivamente mega si son de poco comer alcanza para dos se recomiendan los refrescos naturales que disponen antes que las bebidas gaseosas le dan un gusto más local a la comida,5,google_places_api,soda al toque,2023-02-04
excelente lugar muy buena atención y la comida riquísima,5,google_places_api,soda al toque,2023-08-14
buen precio comida la comida 7 5 de 10 la cantidad buena en presentación regular y en empaque pésimo se pedio unos tacos grandes se entregó en vuelto en plástico por el tamaño del producto al querer comerlo es muy incómodo la carne buen peso pero sencilla prefiero menor cantidad y mejor calidad en este caso,4,google_places_api,soda el divino niño,2026-05-19
muy amable las chicas que atienden y el lugar es pequeñito pero limpio y ordenado y la comida rica precios accesibles,4,google_places_api,soda el divino niño,2025-03-12
buen sabor servicio un poquito lento,4,google_places_api,soda el divino niño,2024-05-07
no se fijan que el repartidor cuando recoje el pedido le de salida y lamentablemente se lo roban como fue mi caso hoy,1,google_places_api,soda el divino niño,2025-09-15
la hamburguesa muy buena la empana bastante grande el lápiz muy bien vale la pena darse la vueltilla,4,google_places_api,soda el divino niño,2025-04-01
increíble que tomen 45 minutos alistando un taco y un sándwich cuando la soda no estaba llena los presentes coincidíamos en que es inaceptable el tiempo de espera con respecto a la calidad de la comida también considero que los súper tacos son pequeños comparados con el estándar de otras sodas en la misma zona deberían llamarlos mini tacos,1,google_places_api,soda la casita,2024-12-28
realice mi pedido y le pusieron un nombre completamente diferente a mi orden pregunté porque tardaron demasiado y me di cuenta de su error lo que no me gustó es que la comida estaba completamente fría y las papas parecía que tenía dos días de realizadas,1,google_places_api,soda la casita,2026-07-06
excelente la comida pero pedimos para llevar con 2horas de antelación y no tenían listo el pedido a la hora que se pactó,5,google_places_api,soda la casita,2026-06-12
sirven muy rápido ambiente tranquilo y agradable excelente atención la comida es muy buena sirven mucho y los precios geniales,5,google_places_api,soda la casita,2024-12-29
me parece que se bajo la calidad de los productos compre lápiz especiales y me los entregaron sencillos y lo único que traen es carne por decir que traía y salsa el pan muy tostado y tras de eso el pedido que no era no me devolví por tiempo espero que tomen en cuenta el comentario y no bajen más la calidad,3,google_places_api,soda la casita,2025-09-26
yo no sé si fue un mal día para ir pero había una muchacha atendiendo pero re mal le pedimos 4 cosas y se equivocó con 3 contestaba entre los dientes y 0 amabilidad la comida estaba bien nada del otro mundo el baño súper sucio el lavamanos también sin servilletas en las mesas muy descuidado todo,2,google_places_api,soda el cacheton,2026-05-28
100 recomendado atención 10 de 10 y los platillos ni se digan las papas supremas y las pupusas salvadoreñas estaban deliciosos lo acompañamos con una crema con helado y un milshake de fresa si pasan por la zona y desean algo para disfrutar los invito a esta ventanita en paraíso,5,google_places_api,soda el cacheton,2025-07-01
es un rincón acogedor en cartago para ir por un almuerzo desayunar o picar algo de comida rápida el local es una cochera convertida de manera ingeniosa en un espacio para ingerir alimentos conversar con amigos o leer con una taza de café en esta soda hay dos mesas para cuatro personas cada una los asientos son bancas muy cómodas además hay tres barras una se extiende a lo largo de una pared y da cabida a ocho comensales otra da a la acera y es para cuatro personas finalmente la más pequeña es para dos y da a la cocina el menú de este pequeño restaurante es variado pues ofrecen casados hamburguesas gallos papas doraditas enyucados y más los precios son muy accesibles por ejemplo un casado con fresco vale 3 500 colones la decoración es rustica las barras y sus correspondientes bancos son de madera sin pintar el piso es de concreto sin cerámica hay decoración con plantas naturales y artificiales que hacen que la vista y el ambiente sean atractivos la atención es muy buena tratan con mucha amabilidad y respeto a los clientes la comida tiene muy buen sabor se puede pagar por sinpe no aceptan tarjeta no hay parqueo se debe dejar el carro en la orilla de la acera dado que este negocio se ubica sobre carretera a agua caliente pasa mucho vehículo en general y mucho vehículo pesado en particular esto genera mucho ruido como el local es abierto el ruido es más notorio que en otros locales del vecindario a pesar de esto último lo recomiendo,4,google_places_api,soda el cacheton,2022-06-17
la verdad la hamburguesa estaba bastante grande el sabor de la torta era muy rico pero no me convenció tanto porque el sabor rico de la torta se perdía con el montón de ingredientes adicionales con ello no digo que estuviera fea porque para nada la verdad si estuvo rica pero si escogería mejor los ingredientes adicionales para hacer que el sabor de la torta se complemente por otro lado uno de mis amigos compró el cono de chicharrón que realmente estaba muy bueno el sábor del chicharrón era perfecto la verdad lo recomiendo por la cantidad y sabor con relación al precio me parecen bastante buenos,4,google_places_api,soda el cacheton,2024-04-08
la comida es deliciosa y los precios no son exageradamente caros pero es una lástima lo que se tardan en sacar la comida la espera es demasiado,4,google_places_api,soda el cacheton,2026-05-13
quisiera dejar una crítica constructiva sobre una experiencia reciente cuando realicé mi pedido me indicaron que tenían una demanda muy alta algo que comprendí perfectamente sin embargo al recibir la orden hubo varios inconvenientes el san agustín venía sin las papas incluidas en el combo y también faltó un extra de salsa de queso que había sido cobrado además pedimos dos súper tacos con papas y varias de las papas venían crudas entiendo que los errores pueden ocurrir especialmente cuando hay mucho trabajo por lo que inicialmente me comuniqué de manera respetuosa para informar la situación me indicaron que realizarían la devolución correspondiente al extra y a la diferencia del combo pero después de eso no recibí más respuesta ni seguimiento lo que más me decepcionó no fue el error en el pedido sino la falta de respuesta posterior hemos comprado en varias ocasiones y nunca habíamos tenido problemas de hecho es la primera vez que nos ocurre algo así sin embargo honestamente ha sido la peor experiencia que hemos tenido con el restaurante comparto esta opinión con respeto y con la intención de que puedan mejorar tanto el control de calidad de los pedidos como la atención al cliente cuando surge algún inconveniente,2,google_places_api,soda la rancherita,2026-06-06
muy lento el servicio creo que reciben más pedidos de los que pueden sacar la comida dentro de lo normal,3,google_places_api,soda la rancherita,2026-04-25
el lugar es agradable y el tiempo de preparación de los alimentos es aceptable sin embargo no recomiendo las hamburguesas ya que las tortas de carne son demasiado duras y el sabor no es agradable los demás platillos son bastante comunes y no ofrecen nada extraordinario en cuanto a sabor pero son aceptables,3,google_places_api,soda la rancherita,2024-06-08
buena comida fresca rápida buen servicio,5,google_places_api,la soda,2019-06-03
excelente atención precios muy competitivos y el sabor de las cosas increible y las papas naturales únicas invitados a volver,5,google_places_api,la soda,2022-02-20
buenos el arroz o el chopsuey y el lugar está remodelado,2,google_places_api,la soda,2024-01-02
excelente comida,5,google_places_api,la soda,2022-06-13
mi experiencia con mi familia nos dirigíamos a comprar hamburguesas a otro lugar pero el destino nos hizo cambiar de opinión y probar su local y servicio la experiencia fue más de lo que esperábamos de verdad les recomendamos visitarlos y probar sus productos y servicio son una empresa familiar y esperamos que pronto más clientes los conozcan y salgan satisfechos éxitos y bendiciones,5,google_places_api,soda el antojito,2024-08-18
totalmente recomendado la verdad es que la comida es deliciosa,5,google_places_api,soda el antojito,2024-09-22
sabe bien y es barato,5,google_places_api,soda el antojito,2025-02-19
siempre paso a desayunar cuando ando en la zona excelente atención comida siempre muy fresca y rica,5,google_places_api,casita del pan,2024-07-23
casado de 3000 excelente,5,google_places_api,casita del pan,2025-05-03
es buena la comida es excelente y barata también,4,google_places_api,casita del pan,2025-05-30
yo era cliente frecuentemente casi de todas las semanas hasta que se les solicita un producto con ciertas especificaciones muy puntuales sobre las salsas el producto se recoge y al momento de abrirlo era imposible sacarlo de la bolsa parecía un acto al propio de lo que hicieron la cantidad exorvitante de salsas hizo imposible el consumo de dichos tacos los tacos se pusieron suaves a tal punto de deshacerse al levantarlo el repollo no era ni siquiera visible por las sopas de salsa el producto se desecho completamente por tal acción de los funcionarios y sin más faltar el irrespetuoso del señor encargado dueño se pone a gritar durante una llamada que se le hizo de manera respetuosa y para hacerle saber dicho problema y que puedan evitarlo para un próximo pero no el señor se pone altanero irrespetuoso a gritar como si le estuviera ofendiendo cuando al contrario se le hacia una observación constructiva el servicio es pésimo,1,google_places_api,soda corazón de jesús,2025-05-22
excelente servicio y deliciosas comidas,5,google_places_api,soda corazón de jesús,2026-04-10
la comida es buena pero el servicio exprés es caro y a pesar de que la distancia no es lejana tardan mucho en hacer las entregas con lo cual la comida llega fría y suave en lugar de crujiente ojalá que lleguen a tener mensajero propio porque esto le hace perder atractivo a pesar del buen sabor,5,google_places_api,soda corazón de jesús,2025-01-17
en mi opinión la mejor soda de todo tejar del guarco buen servicio buen empaquetado y presentación la comida altamente deliciosa en especial las hamburguesas no es pesada ni cae mal al cuerpo es muy buena lo único que agregaría es que el precio del servicio express que ofrecen es un poco elevado pero lo compensa su excelente calidad y sabor,5,google_places_api,soda corazón de jesús,2024-06-08
excelente servicio y calidad las ordenes suelen estar listas en poco tiempo y ofrecen variedad de comidas tipicas de la soda costarricense particularmente los tacos empanadas hamburguesas papas y doraditas son mis opciones favoritas y que recomiendo les den una pasada tienen servicio de express,5,google_places_api,soda corazón de jesús,2023-06-05
muy buen sitio para comer y pasar el rato el surtido está muy bien servido y abundante,5,google_places_api,bar restaurante la soda del guarco,2024-11-30
el mesero tomó toda la orden mal el peor chuliguaro de mi vida no lo pidan chifrijo minúsculo para el precio casado bien pero no pidan con fajitas de res duras y feas por eso pedí de pollo pero el mesero se equivocó,2,google_places_api,bar restaurante la soda del guarco,2025-06-23
el domingo anterior fui a almorzar con mi familia y amigos estuvimos sentados en varias mesas unidas porque éramos bastantes personas a pesar de que todos estábamos consumiendo todos pedimos diferentes platos y bebidas durante todo el rato después de un rato llegó la mesera de muy mala manera a decirnos que ocupaban el espacio sin pedirlo trajo la cuenta y prácticamente nos hicieron echados del lugar habían personas que tuvieron que desocupar la mesa y quedarse con las bebidas de pie haciéndosela casi tragadas todo por desocupar las mesas que estábamos utilizando me parece una completa falta de respeto y pésimo servicio al cliente de su parte,1,google_places_api,bar restaurante la soda del guarco,2024-05-09
excelente servicio a muy buen precio muy recomendable,5,google_places_api,soda sofía,2026-01-21
excelente atención demasiado rica la comida,5,google_places_api,soda sofía,2026-01-31
buenísima una soda con amplio menú precios accesibles buena comida y gran tamaño,5,google_places_api,soda el buen sabor,2019-03-31
les recomiendo la pechuga con papas o el taco triple con papas,5,google_places_api,soda el buen sabor,2020-11-30
muy buena excelente atención,5,google_places_api,soda el buen sabor,2019-05-31
le echan demasiada zanahoria a la carne y al pollo que usan para todo tanto así que predomina la zanahoria,1,google_places_api,soda la ventanita paraiso,2026-02-01
la comida es demaciado cara para lo que dan ademas que el ambiente no es muy agradable ya que se ponen muchas pintas y da mala vibra hasta da miedo que lo asalten mientras espera la comida,1,google_places_api,soda la ventanita paraiso,2024-07-21
exelente comida precios y personal la recomiendo cuando busques algo rápido para tu panza incluso para salir de un apuro con tu familia amigos y el o la tóxic de tu pareja,5,google_places_api,soda la ventanita paraiso,2021-12-18
es una ventana de servicio de alimentos para llevar sin parqueo ni lugar para consumir los alimentos es limpio y bastante incómodo para permanecer,3,google_places_api,soda la ventanita paraiso,2024-07-08
tardan demasiado en preparar la comida he tenido que esperar más de hora y media,2,google_places_api,soda la ventanita paraiso,2025-04-17
excelente sabor y muy buenos precios de las sodas pioneras de oreamuno más de 10 años de excelente calidad,5,google_places_api,soda la pantera,2021-10-15
excelente soda 100 recomendado los lápiz con torta la hamburguesa pantera,5,google_places_api,soda la pantera,2019-05-01
hola las hamburguesas de la soda la pantera rosa son deliciosas y todo lo que cocinan ahí,5,google_places_api,soda la pantera,2020-10-19
la mejor soda de san rafael de oreamuno 1000 x 1000 recomendada,5,google_places_api,soda la pantera,2020-09-22
tardan y tardan para preparar algo,2,google_places_api,soda la pantera,2019-03-12
el secreto está en la salsa y en esta soda lo saben la mayonesa es el ingrediente estrella d sus preparaciones comida rápida d buen sabor aunq algunos platillos están un poco caros,3,google_places_api,soda taquitos,2022-04-12
soda de barrio le podemos llamar buenos precios y calidad servicio rápido hay barra para comer ahí mismo hay casados empanadas hamburguesas tacos se sirve café,5,google_places_api,soda taquitos,2018-02-17
riquísima comida recomendada 100 buenos precios y excelente calidad,5,google_places_api,soda taquitos,2019-07-03
es un lugar muy feo la comida toda fría pido unos nachos todos fríos y hasta un plasticó me salió,1,google_places_api,soda taquitos,2022-02-27
el personal siempre una sonrisa trato amable qué te hacen sentir como en tu propia casa,5,google_places_api,cafetería nena,2026-02-27
fue l segunda vez visitando la cafetería el almuerzo de arroz con mariscos estaba delicioso la textura del arroz me gustó y su sabor casero igual me gustan mucho las papas fritas a la francesa de este lugar la ensalada no fue extraordinaria pero estaba bien,5,google_places_api,cafetería nena,2026-06-09
excelente servicio y comida deliciosa el cappuccino de los mejores de mi vida recomiendo mucho también el queque de tiramisú y el tortipinto,5,google_places_api,cafetería nena,2026-05-03
trato súper amable la comida deliciosa,5,google_places_api,cafetería nena,2026-04-13
excelente ambiente comida y servicio recomendado,5,google_places_api,cafetería nena,2026-07-05
el croissant de lomo de cerdo es delicioso las bebidas bastante buenas lo único es que si se demora un poco en traer la comida,5,google_places_api,croissant bistró,2026-04-12
super rico todo muy amable el personal lo recomiendo 100,5,google_places_api,croissant bistró,2026-05-11
deliciosos los croissants dulces y salados sin dejar de lado que es de los pocos lugares en cartago centro con amplia variedad de matcha recomendadísimo,5,google_places_api,croissant bistró,2025-07-07
es un lugar pequeño pero agradable y acogedor la decoración lo hace atractivo para sentarse a tomar café y conversar como su nombre lo indica se especializa en cangrejos arreglados con distintos rellenos no obstante también venden otros productos la presentación de las órdenes es profesional y despierta el hambre el sabor de los productos también es un punto a favor los tiempos de espera son cortos el servicio al cliente es excelente se nota el cariño por lo que se hace los precios son similares a los de otras cafeterías boutique no cuenta con parqueo pero hay uno cerca volvería y lo recomiendo,5,google_places_api,croissant bistró,2025-07-04
la comida estuvo muy rica y el tiempo de espera fue acorde al pedido además la atención al cliente fue agradable y las chicas estuvieron dispuestas a atenderme de la mejor forma,5,google_places_api,365 bistró,2025-06-22
la temática de la cafetería tiene que ver con alicia en el país de las maravillas me encantó la decoración y el ambiente tenían varios lugares hermosos para tomarse fotos o selfies de comida no probé solo el batido de sandia por el momento tienen los batidos específicamente no se pueden revolver o pedir de dos frutas según comento la dependiente ya vienen las porciones acomodadas y como la fruta está congelada no se puede no ví servicio sanitario y no pregunte si tenían había un lavamanos que eso me pareció muy bien en cuanto a parqueo no tienen pero al frente del local hay espacio talvez para uno o dos vehículos en la preparación de los batidos si lo ví aseado más sin embargo en el local había mucha basurita en el piso y algunas mesas no estaban limpias tenían bastantes boronas de pan o de azúcar en cuanto al servicio al cliente la dependiente nos atendió súper bien los precios los ví razonables,5,google_places_api,coffee to go,2024-01-05
exc atención la repostería muy buena el café con amarretto delicioso si anda en cartago y desea un cafecito desee la vuelta,5,google_places_api,coffee to go,2026-04-23
un muy buen lugar el café es bueno el servicio también y está muy cerca del hospital la comida es rica y los precios son razonables no es un lugar caro recomendado ir por desayuno o durante la hora del café,5,google_places_api,coffee to go,2024-12-28
me gusto mucho el lugar el ambiente está muy distinto a lo acostumbrado pero me gustó mucho la comida está buenísima recomendado,5,google_places_api,coffee to go,2023-12-05
probé el burrito de pinto simplemente delicioso,5,google_places_api,coffee to go,2024-06-24
pocas porciones y precios caros la comida del 4 abril 2026 estuvo bien de sabor pero no las porciones respecto al precio en la foto se observa un desayuno básico así se llama en el menú el cual indica que incluye tostadas plural para nuestra sorpresa era esa única pequeña porción de pan pedimos un extra de salchichón y nos dieron 1 unidad muy pequeña por 800 colones deben revisar los precios no deben abusar de los clientes,4,google_places_api,mist city café,2026-04-07
es muy agradable atienden excelente y muy complacientes el ambiente es muy acogedor la verdad la comida es bastante rica de calidad y la sirven muy rápido,5,google_places_api,mist city café,2025-11-08
el lugar es una buena opción para comerse algo o simplemente para ir a tardear y tomarse un buen café con algo dulce el lugar tiene buen espacio y el ambiente es bonito,5,google_places_api,mist city café,2026-03-05
muy atenta la mesera y todos los empleados la comida exquisita de excelente presentación precios razonables en otros lugares la comida no tan buena y precios más elevados bowl de salmón muy bueno mi esposo pidió hamburguesade pollo empanizado y le encantó y es experto en hamburguess no tengo foto el omelete con abundante relleno la infraestructura acogedora lugar tranquilo para dialogar con amistades o familia,5,google_places_api,dúo café,2026-01-20
excelente lugar para pasar la tarde el ambiente es muy agradable y perfecto para relajarse o compartir con amigos además el personal es de lo mejor súper amables atentos y muy buenas personas sin duda un lugar súper recomendado para disfrutar de un buen café y un momento bonito,5,google_places_api,dúo café,2026-03-11
es un lugar lindo y tranquilo lo visitamos en pareja mi novio se pidió un plato del día q dijo q estaba bueno yo pedí una pasta alfredo con camarones estaba rica pero la sala muy líquida y le hacía falta queso después pedimos una torta chilena y la verdad no estaba buena sabía mucho a harina y estaba muy seca los precios están relativamente bien el ambiente es bonito y la porciones razonables,4,google_places_api,dúo café,2026-06-21
la comida muy buena precios muy razonables el único detalle es que por la hora 9 00am el lugar estaba muy lleno y solo había una persona atendiendo lo que hizo que el servicio fuera un poco lento,4,google_places_api,dúo café,2026-02-15
una cafetería con un ambiente muy acogedor bastantes espacios para sentarse silencioso con bastante luz cuenta con un segundo piso también bastante espacioso los precios estaban accesibles cuentan con su mayoría cafés calientes y fríos muy deliciosos podrían incluir bebidas algunas bebidas más sin café en mi caso me compré un latte de snickers estaba increíble dulce con el toque de maní perfecto con una dona de fresa esta no fue de lo mejor pero tenía relleno y es llenadera esta cafetería está en una plaza que cuenta con un parqueo extra detrás de la cafetería,4,google_places_api,caff juan valdez cartago,2025-10-11
bonito poca afluencia un poquito caro para desayuno pero el café muy bueno,5,google_places_api,caff juan valdez cartago,2026-04-13
es un lugar moderno y muy acogedor el servicio del personal es bueno pero el sabor del café no es como lo esperaba brindan los cafés en vasos de cartón incluso para consumir en el establecimiento pocos espacios de parqueo,4,google_places_api,caff juan valdez cartago,2026-02-28
la primera vez andaba buscando un lugar especial cuando fui quedé encantado desde el ambiente hasta la atención todo se siente especial pero lo mejor sin duda es la comida cada platillo es delicioso y lleno de sabor y los postres simplemente irresistibles el final perfecto para una gran experiencia sin pensarlo se convirtió en mi restaurante favorito y siempre quiero volver vengo desde largo cada fin de semana,5,google_places_api,cafetería d mona,2026-04-25
de un ambiente acojedor buena música y una buena atención sin duda alguna una pausa para tomar un buen café y pasarla bien donde hasta un café con leche te lo sirven de una manera diferente les recomiendo el affogato delicioso tienen que darce un ratito para venir a este lugar,5,google_places_api,la pausa del café,2026-02-06
excelente opción cuenta con buen parqueo y la comida muy buena personal muy amable y atento,5,google_places_api,la pausa del café,2025-02-16
muy lindo es el lugar comida muy rica servicio muy amable y excelente,5,google_places_api,la pausa del café,2025-02-11
excelente café atención postres todo el menú en general es delicioso además de variado para todos los gustos y el lugar es muy agradable cuenta con parqueo por lo que es súper recomendable ya sea para almorzar o tomarse una buena taza del mejor café,5,google_places_api,la pausa del café,2023-03-02
la comida a atención y el servicio super excelente recomendado muy acogedor la reposteria y el buen café de especialidad le dan una excelente nota al lugar,5,google_places_api,la pausa del café,2024-05-26
me encantó muy rico todo el café delicioso,5,google_places_api,floré coffee garden,2026-05-26
el lugar me pareció muy cómodo con mucho espacio y un ambiente muy tranquilo la atención es excelente y el menú es pequeño pero completo probé el casado con pollo empanizado y quedé un poco decepcionado el sabor era un poco insípido la ensalada sumamente sencilla frijoles sin mucha sazón y porción de plátano muy pequeña sé que están iniciando pero creo que deben mejorar esos almuerzos ejecutivos ahora bien debo ir a probar los sándwich pues tienen muy buena pinta,3,google_places_api,floré coffee garden,2026-01-21
buen lugar para comer algo en un ambiente tranquilo y bonito el personal es amable y con deseo de complacer al cliente las quesadillas son muy ricas cerca de la entrada al tec por la puebla,5,google_places_api,floré coffee garden,2026-01-31
una nueva cafetería con un ambiente muy lindo y un menú delicioso,5,google_places_api,floré coffee garden,2025-12-01
una experiencia muy satisfactoria muy buena atención café chorreado aceptan mascotas,5,google_places_api,floré coffee garden,2025-12-21
súper buena la atención la comida estaba excelente caliente la música se acopla al lugar el mesero omar fue demasiado amable al igual atento deberían de subirlo de puesto el arroz con camarones estaba espectacular la hamburguesa excelente,5,google_places_api,distrito a,2026-05-10
es una propiedad muy bonita tranquila ideal para los amantes del aire libre y rodeada de amplios espacios para caminar y explorar,5,google_places_api,serenity by nature hotel,2024-06-04
lindo lugar super limpio agradable espacioso muy buena atención y la comida muy rica recomendado además tiene piscina y áreas verdes,4,google_places_api,hotel monte del mago,2022-08-22
lugar familiar muy buena mano del chef sensacional piscina para disfrutar con tu familia y amigos,5,google_places_api,hotel monte del mago,2024-10-20
pequeño emprendimiento de unos jóvenes increíbles sí andan de paso por la zona y quieren balance entre precio y calidad es una buena opción para descansar y de paso alejarse de la ciudad por una noche,4,google_places_api,hotel monte del mago,2021-03-05
me encantó el lugar es muy tranquilo se pasa súper bien y tienen excelente servicio al cliente,5,google_places_api,hotel monte del mago,2021-02-09
lugar limpio tranquilo y muy cerca del aeropuerto y de san jose bien ubicado para comprar desde comida hasta cualquier cosa que necesites habitaciones super limpias facil para conseguir bus taxi o uber ademas de que los anfitriones que son una pareja muy amable te van ha ayudar a cualquier cosa que necesites,5,google_places_api,casa escondida alajuela,2023-02-21
pasamos muchísimo frío la habitación es muy grande pero apenas tienes una sábana y una manta que prácticamente es de una persona no hay tele ni agua caliente la bañera está bien para la foto pero sin agua caliente imagínate es como bañarte en el polo norte la cocina es independiente y las habitaciones dan a un patio así que si alguien se despierta a las 6 a desayunar parece que está haciéndose el desayuno en tu habitación la ubicación normal,1,google_places_api,casa escondida alajuela,2023-08-27
precio muy bueno te ofrecen aparcar en un parking durante la noche que está a 3 minutos caminando y es barato la casa muy agradable pueden cocinar nevera utensilios etc,5,google_places_api,casa escondida alajuela,2023-05-23
aun esta funcionando marco al número de teléfono y ya ese número no existe,5,google_places_api,hotel central,2026-05-09
muy limpio ideal para quedarse cuando estas de vacaciones todo esta súper cerca,5,google_places_api,hotel central,2018-10-13
la atención de primera barato cómodo todo esta serca muy conveniente,4,google_places_api,hotel central,2019-03-06
precios 2025 cuales son,5,google_places_api,hotel central,2025-06-30
bien,5,google_places_api,cabinas laguna del lagarto,2025-01-17
lugar super indiscreto se escucha todo y te escuchan no tienen agua caliente jacuzzi pequeño en lo personal no fue muy agradable la experiencia,1,google_places_api,cabinas la sirenita,2026-02-18
a mi me encanto la atencion me gusto la comida la habitación olía super rico no me deje llevar por los malos comentarios y fui a ver y me encanto volvería a ir la verdad,5,google_places_api,cabinas la sirenita,2024-11-11
las habitaciones huelen a puro cigarro y mucho mae trabaja allí no hay privacidad todo se oye desde afuera adentro e imagino que desde afuera también mal servicio y no se puede coger con tranquilidad,2,google_places_api,cabinas la sirenita,2022-04-05
hotel de paso tienen habitaciones sencillas y con jacuzzi servicio de alimentos y bebidas a la habitación,5,google_places_api,cabinas la sirenita,2025-02-06
la verdad es un lugar bueno por el precio las habitaciones son pequeñas pero cómodas el agua caliente funciona a la perfección no se nota que nada esté sucio lo único que podría ser un problema es que se escucha el ruido de todas partes mi pareja y yo estábamos en la habitación y se podía escuchar a otra pareja en la habitación de al lado teniendo relaciones también se escucha al personal pasando entre los pasillos y así pero aparte de eso es un lugar justo por el precio también cuando uno entra hay una cámara que lo enfoca a uno pero después de eso todo bien,4,google_places_api,hotel de paso mi sueño,2025-11-23
muy buen lugar excelente,5,google_places_api,hotel de paso mi sueño,2026-06-01
horrible le cobran demasiado por 8 horas,1,google_places_api,hotel de paso mi sueño,2026-04-19
la verdad no lo recomiendo mi pareja y yo fuimos y la verdad la habitación olía a cigarrillo y la sobre cama azul es estába limpia y tenía mal olor la verdad dudo que los limpien bien y tras de eso sí no no uviera escuchado el serojo de la puerta donde se entrega la plata nos la uvieran abierto la verdad es una falta de respeto que le quitaran abrir la puerta del cuarto la verdad,1,google_places_api,hotel de paso mi sueño,2026-04-14
hace poco estuve con mi esposa y en realidad están muy descuidadas las cabinas la que utilizamos primero no había luz en la cochera el jacuzzi no funcionaba no habían toma corriente a mano solamente uno aéreo donde estaba conectado el ventilador y la pantalla en lugar de una cobija había medio mantel y se podría seguir pero no hay que hacer leña del árbol caído la administración debería preocuparse por las mejoras del lugar y así poder recomendarlo pero en estos momentos no es lo más conveniente un detalle limpien los espejos porque habían huellas en el y no se veían muy agradables barato pero muy descuidado,2,google_places_api,cabinas los gemelos,2026-02-07
no hay respuesta rápida para realizar un express en comida quizás para los que se hospedan de un día para otro deberían de dar aunque sea un fresco de regalía y las habitaciones en si se ven limpias,3,google_places_api,cabinas manantial,2023-07-01
precio muy accesible e instalaciones muy limpias,5,google_places_api,cabinas manantial,2021-04-15
exelente lugar de descanso televisión por cable express y wifi gratis,5,google_places_api,cabinas manantial,2024-09-06
es un lugar perfecto sin dejar de lado la exlente atención sin duda un muy buen lugar,5,google_places_api,cabinas manantial,2020-11-01
super hermoso discreto nadie se mete con nadie bonita manera de salir de la rutina diaria a mi pareja y a mi nos gustó mucho seguiremos viniendo a pesar que estamos a dos horas de aquí pero nos gustó mucho lo único que seria bueno que tenga abanico pero todo bien,4,google_places_api,cabinas fantasía de montaña,2026-03-01
maravilloso lugar para disfrutar de una vista espectacular de todo el valle central y rodeado de mucha naturaleza se logran ver los volcanes irazu turrialba barba y poas pico blanco y los cerros de puriscal,5,google_places_api,cabinas fantasía de montaña,2019-01-03
demasiado lindo agradable súper aseado y sobre todo mucha privacidad,5,google_places_api,cabinas fantasía de montaña,2023-10-26
me gusta mucho el lugar pero la atencion de un señor q me atendió esta semana no fue de mi agrado,5,google_places_api,cabinas fantasía de montaña,2019-09-02
todo muy bien sitio sencillo pero aseado con buen precio y una excelente vista,3,google_places_api,cabinas fantasía de montaña,2018-12-31
limpio ordenado accesible host amable,5,google_places_api,casas fly pura vida,2024-11-07
buen lugar,4,google_places_api,casas fly pura vida,2024-06-10
nos quedamos en la cabaña menguante y fue una muy bonita experiencia la cabaña estaba totalmente equipada y limpia nos recibieron muy atentamente y respondieron nuestras preguntas por whatsapp muy rápidamente no andábamos en automóvil pero pudimos entrar y salir fácilmente de la zona en uber los jardines en la propiedad son muy bonitos y los perritos que tienen muy amistosos incluso en medio de un frente frío en el país no sentimos demasiado frío en la zona y al prender la chimenea ayudó montones a calentar la cabaña en las noches los números facilitados para pedir comida express nos fueron de mucha utilidad las sodas saben dónde es el lugar y le dejan la comida en el portón a costos muy cómodos igualmente el laberinto cerca fueron muy atentos y ya sabían de dónde veníamos es muy bonito ver el apoyo entre empresas locales definitivamente es un muy bonito lugar para desconectarse en la naturaleza leer y relajarse,5,google_places_api,cabañas lunas del poás,2026-02-09
nuestra estadía fue perfecta desde el contacto inicial el servicio es excelente y sumamente amable fuimos a celebrar el cumpleaños 18 de mi hijo con varios amigos los chicos la pasaron increíble y nosotros también el lugar es rústico seguro con unos jardines hermosos las cabañas son cómodas y equipadas con lo necesario es un lugar altamente recomendado para descansar y salir un poco de la velocidad diaria,5,google_places_api,cabañas lunas del poás,2026-03-06
que lugar tan bello despertar y sentirte inmerso en la naturaleza no tiene precio agua caliente atención espectacular estacionamiento propio definitivamente recomiendo hospedarse aquí,5,google_places_api,cabañas lunas del poás,2026-06-09
las habitaciones son muy bonitas cómodas y además super limpias tienen una vista hermosa tanto en el día como la noche los recomiendo 100 y volveré,5,google_places_api,anhelos lodge,2025-10-17
it s costa rica this lodge is family owned and operated they re warm and inviting taking care of every detail they even offer breakfast at a little extra charge they do lock the gate at night so if you go out late at night you may want to advise the owner he is very kind i look forward to coming back es costa rica este albergue es de propiedad y operación familiar son cálidos y acogedores cuidando cada detalle incluso ofrecen desayuno por un pequeño cargo extra cierran la puerta por la noche así que yo,5,google_places_api,anhelos lodge,2024-07-10
una decepción profunda mi experiencia en kathmandú cabins reservé una habitación en kathmandú buscando un refugio íntimo y privado un lugar para conectar con la naturaleza desconectar y relajarme con una vista a la montaña y un área de fogata la promesa de un espacio pleno y silencioso era sin duda muy atractiva sin embargo mi llegada fue una completa decepción la realidad distó muchísimo de lo anunciado la habitación estaba notablemente sucia un aspecto francamente inaceptable para empeorar las cosas encontré lombrices debajo de la tina lo cual es asqueroso y evidencia una grave falta de higiene la tina un elemento clave de la oferta estaba rota al igual que el lavamanos lo que comprometió significativamente mi comodidad y la funcionalidad del espacio además la supuesta privacidad e intimidad brillaron por su ausencia hay muchas más cabinas de las esperadas y sus ventanales están diseñados de tal manera que permiten la observación directa de una habitación a otra eliminando cualquier sensación de aislamiento para colmo el domingo por la mañana desde las 7 a m el ruido ensordecedor de los constructores con música a todo volumen arruinó cualquier posibilidad de descanso o disfrute del silencio prometido aunque aprecio la idea original de kathmandú como un escape natural la falta de limpieza el pésimo estado de las instalaciones esenciales la ausencia total de privacidad y el constante ruido hicieron de mi estancia una experiencia sumamente desagradable espero sinceramente que estas observaciones sirvan para que mejoren drásticamente la calidad de su servicio y la honestidad en su oferta,1,google_places_api,cabinas rinconcito caliente,2025-06-29
apesta demasiado a químico desinfectante a cloro y a vinagre demasiado se siente pesado tanto que raspa la garganta respirar ese exceso de químico tanto que se me manchó la camisa que andaba de cloro pérdida total de mi camisa,1,google_places_api,cabinas rinconcito caliente,2024-11-30
la atención de la entrada es fatal es estilo motel más bien pagas en la entrada las habitaciones son bonitas no aptas para discapacitados no están equipadas para este público tiene su carisma lástima la atención tan mala de la entrada no hay comida ni bebidas en venta en este lugar,2,google_places_api,cabañas linda vista,2025-02-24
no tengo ninguna queja con respecto al lugar siempre que lo he visitado con mi esposa el sitio es completamente tranquilo además me topé con la renovación de la cabaña donde nos quedamos está de lo mejor,3,google_places_api,cabañas linda vista,2021-12-10
hace mucho calor para el tipo de lugar que es no hay aire ni siquiera un ventilador deben mejorar eso,2,google_places_api,cabañas linda vista,2025-03-09
buen lugar para pasarlo rico eso si los garajes son poco espaciosos y nunca se metan a la cabina de la entrada,4,google_places_api,cabañas linda vista,2021-06-12
en lo personal es un lugar muy agradabe y muy comodo y muy bonito la remodelacion delas cabañas,5,google_places_api,cabañas linda vista,2022-06-16
no hay buena iluminación al ingreso no tienen internet no hay señal de celular no aceptan tarjeta ni emiten factura solo aceptan efectivo o transferencia sinpe pero como no hay señal de celular esto es imposible hablé con 3 personas distintas y ninguna me avisó de estos detalles si no hasta estar ya en ventanilla los paños son como para que los use un bebé o niño pequeño las celosías del baño están estropeadas tienen un jacuzzi completamente dañado las camas no tienen luz de mesa de noche ni tomacorrientes cercanos el baño es muy pequeño e incómodo al igual que el espejo del baño no tienen jabón de manos se ve muy poco mantenimiento en la infraestructura los puntos a favor son agua caliente aunque dura como 10 minutos saliendo recepción 24 horas y unos perritos que son un amor el baño se veía limpio y el cuarto también recomendaría el sitio únicamente como para pasar una noche en caso de urgencia por que aunque su nombre el bosque suene tentador y más por el precio al final de cuentas tiene más la pinta de un motel que un lodge o un hotel y pareciera que eso es en lo que se ha convertido,1,google_places_api,el bosque,2022-09-30
lugar genial lastima que no se puede usar los senderos,5,google_places_api,el bosque,2025-08-18
no es lugar para quedarse es de paso cuado fuimos no servía el agua caliente o sea un jacuzzi sin agua caliente en un lugar frio jamás no sé si ya habrán arreglado eso pero me parece que no puesto que he escuchado varias amistades que comentan lo mismo,3,google_places_api,el bosque,2022-04-02
excelente la comida muy buenas las hamburguesas y las papas buen precio y son muy amables muy recomendado,5,google_places_api,sodatio,2025-06-23
el pedido llega incompleto se pagan por extras que no ponen,2,google_places_api,sodatio,2024-12-08
los mejores tacos de toda alajuela,5,google_places_api,sodatio,2025-01-14
una soda de a pie para comer un pastelillo alajuelense las opciones son bastante limitadas pero aún así estaba bastante bien la comida la pasta del pastelillo estaba en su punto sin embargo si me esperaba más del sabor del pollo del relleno en general una buena experiencia,4,google_places_api,soda el sesteo,2026-01-19
es un lugar que vende refrescos naturales y pastelillos el sabor es muy bueno y los precios muy accesibles deben saber que únicamente venden eso no es una soda tradicional donde puedan comprar desayunos o almuerzos si desean comer ahí lo pueden hacer pero de pie existe un espacio para utilizarlo como parqueo,5,google_places_api,soda el sesteo,2021-12-16
llegamos casi a la media noche un grupo de 10 mexicanos a cenar aquí nos trataron muy amable los precios son justos la comida de muy buen sabor independiente de que por la hora las opciones de lugares de comida eran escasas este lugar no nos decepcionó y queda en nuestras recomendaciones aceptaban tarjeta bancaria lo cual fue una bendición porque recién llegábamos al país,5,google_places_api,soda yova,2026-06-23
me encanta la atención especial esmerada el lugar amplio y fresco y la comida deliciosa un plus precios super accesibles,5,google_places_api,soda yova,2023-07-02
la mejor soda hacen un bien social con esos precios tan cómodos mucha gente con recursos limitados los prefiere por sus platos repletos y su calidad,5,google_places_api,soda doña tere,2026-05-28
bueno rico y barato excelente visitar está soda con variados platillos y bella atención si dejar de lado el bajo precio recomendada aquí el único tema es que no hay parqueo pero existen unas zonas cercanas sin demarcar en amarillo,5,google_places_api,soda maría josé,2026-03-23
me encanta comer acá tiene muy buena atención la comida es riquísima super recomendados,5,google_places_api,soda maría josé,2025-12-22
el mejor lugar para comer comida típica de costa rica no es lujoso pero la comida es la mejor la atención de las señoras que lo atienden muy buena un lugar que como turista ejemplifica el buen comer de este hermoso país este es un imperdible de costa rica,5,google_places_api,soda maría josé,2018-10-26
he pedido express varias veces los almuerzos son deliciosos con sabor casero buena porción y buen precio,5,google_places_api,soda la amistad,2025-02-22
bien atendido y buen precio para la calidad de todo aún no pruebo el desayuno genial que manejen express,4,google_places_api,soda la amistad,2019-03-17
hoy pedimos un servicio express y da gusto ver la presentación tan limpia e higiénica con que recibimos la comida que dicho sea de paso es deliciosa,5,google_places_api,soda la amistad,2022-01-22
la comida es sumamente deliciosa lamentablemente el servicio al cliente es muy malo el muchacho es el único que atiende bien porque las demás que nos han atendido dejan mucho que desear es una lástima porque la comida vale la pena pero el trato de la mayoría de los trabajadores es totalmente fatal,3,google_places_api,soda mini súper y licores donde el gordo,2026-03-21
la comida es deliciosa pero creo que cambiaron a los cocineros ya que compre y me enteré con una sola mordida deben tener cuidado con eso ya que se pierde la calidad lugar villa bonita,4,google_places_api,soda mini súper y licores donde el gordo,2025-10-16
buena comida precio accesible y buena atención,5,google_places_api,soda mini súper y licores donde el gordo,2026-01-13
super ricoo todo y muy buenos precios le agregaría sillitas para los bebés solamente,5,google_places_api,soda mini súper y licores donde el gordo,2025-10-15
buenos precios excelente servicio y comida calidad parqueo gratis,5,google_places_api,soda mini súper y licores donde el gordo,2024-04-10
he ido varias veces y por mí iría todos los días comida y café deliciosos un ambiente tranquilo y la dueña es una persona muy linda y amable se convirtió en uno de mis lugares favoritos desde la primera vez lo recomiendo al 100,5,google_places_api,crema dela crema café,2024-07-25
uno de los lugares con un ambiente exclusivo y acogedor a pocos metros del parque de alajuela muy hermoso y todo se ve muy rico porque se ve que hay gusto cuando se trabaja con amor me partia por un rico café y una reposteria ni hablar exquisito,5,google_places_api,crema dela crema café,2025-05-28
porq es muy agradable para tomar un rico cafe y su pan super delisioso y saludable,5,google_places_api,casa pan,2023-04-04
la reposteria es riquisima recomiendo los pastelillos de palmito y los de pollo,5,google_places_api,casa pan,2019-08-29
lugar acogedor con linda decoración una excelente atención y amabilidad por parte de las chicas que atienden la comida y bebidas deliciosas y excelente presentación tuvieron un lindo gesto de decorar el postre por cumpleaños y colocar música de fondo muchas gracias y espero volver,5,google_places_api,poné café,2026-06-07
la atención al cliente es pésima la persona de recepción cero amable y servicial al momento de la salida del lugar se le agradeció y no tuvo pero ni la decencia de volver a ver y decir con mucho gusto o algo por el estilo únicamente me arrebató las llaves sin decir ni una palabra eso deja mucho que desear del profesionalismo de una persona,2,google_places_api,hotel heredia,2024-09-01
hice una reservación por whatsapp me confirmaron la tarifa al llegar al día siguiente a la hora que les había informado me dijeron que solo quedaban habitaciones más caras y no mantuvieron la tarifa que me dijeron a pesar de mostrar los mensajes tuve que dejar el lugar y buscar otra opción la mujer de la recepción no tiene buen trato al cliente,1,google_places_api,hotel heredia,2025-02-17
tiene 4 estrellas pues es muy aseado y por eso me gusta mucho también el ambiente es familiar y trata de mantener un estilo propio con la decoración a lo cual se vuelve agradable lo negativo es la recepción unos muchachos muy jóvenes e inexpertos que dónde lo ven con una dama para dentro pareciera que son cuatreros del oeste los que estamos llegando deberían poner atención en eso,4,google_places_api,hotel heredia,2022-02-12
no está mal el servicio al cliente está bien lo único que vi fue que deben de fumigar más los cuartos hay hormigas y también vi una cucaracha de resto todo bien,4,google_places_api,hotel heredia,2023-05-30
pésimo servicio,1,google_places_api,hotel heredia,2026-01-24
muy bonito y muy cómodo pero lo único que no me gusto fue que aparecieran cucarachas en el sillon y en la ducha,3,google_places_api,hotel encanto colonial heredia costa rica,2023-06-01
excelente me pegaron una de las mejores y satisfactoria relación que hasta este día me duele mi rosado jajaja,5,google_places_api,hotel encanto colonial heredia costa rica,2024-02-16
lugar muy fresco y ventilado limpio y mucha amabilidad además aseado,5,google_places_api,hotel encanto colonial heredia costa rica,2021-04-08
es un lugar súper lindo estilo hogar donde uno esta tranquilo,5,google_places_api,hotel encanto colonial heredia costa rica,2018-03-06
excelente precio y productos,5,google_places_api,hotel encanto colonial heredia costa rica,2025-12-02
increíble el lugar es super ameno nos atendieron super rápido a pesar de estar medio lleno el lugar sirvieron la comida en menos de 10min un increíble rise beans estaba deliscioso el ceviche se convirtió en uno de mis favoritos de la zona los precios increíbles para la calidad de la comida en serio que buena experiencia muchas gracias,5,google_places_api,donde papá restaurant,2026-02-01
la comida muy rica el lugar super ameno y con aire y la atención también genial primera vez pero no la última que vendré,5,google_places_api,donde papá restaurant,2026-06-20
la porción es muy pequeña para ser un plato fuerte tras reclamar solo dijeron esto no es una soda no espere un plato grande cobraron 4200 cuando el menú dice 3800 tras reclamar solo me devolvieron 200 colones revisen bien la factura al pagar por cierto el chifrijo parecía sopa puro caldo y sin sabor no lo recomiendo,1,google_places_api,donde papá restaurant,2025-11-29
el lugar es hermoso súper tranquilo para conectar con la naturaleza y disfrutar ideal para ir en pareja en familia o en grupo de amigos mucha tecnologia completamente equipada solo un pequeño detalle por mejorar sería la limpieza,4,google_places_api,amani glamping,2026-06-27
es un lugar muy acogedor y silencioso las personas muy responsables con todo la decoración que se encargó estuvo excelente recomendado 100 pueden visitar este maravilloso lugar con la seguridad que les encantará,5,google_places_api,amani glamping,2026-07-04
definitivamente recomendamos el lugar es precioso y con muchas cosas para hacer perfecto para una experiencia diferente y especial está muy bien equipado el anfitrión es muy amable y el recibimiento muy especial el único punto que podría mejorar es el servicio de comidas en nuestro caso nos costó coordinar y tuvimos que esperar bastante pero toda la experiencia que en general que fue muy buena le resta peso a ese punto,5,google_places_api,amani glamping,2026-04-19
un lugar hermoso muy bien equipado con detalles de lujo ideal para relajarse rodeado por naturaleza 100 recomendado,5,google_places_api,amani glamping,2026-01-30
un lugar muy increíble buena ubicación y super tranquilo se siente mucha paz el lugar tiene una ubicación perfecta aislado de la ciudad y el ruido pero cerca de todo,5,google_places_api,amani glamping,2026-05-31
excelente comida y el lugar muy agradable con muchas zonas verdes calle al lugar accesible puede ir cualquier vehículo,5,google_places_api,hotel montaña de piedra,2026-02-18
excelente lugar para ir con la familia las cabañas muy acogedoras y con un rico olor a pino excelente la comida y la atención de todo el personal extensa zona verde que invita a una agradables caminata por los senderos muy agradecidos por preocuparse por buscar hasta encontrar unos documentos personales que extraviados durante nuestra estancia,5,google_places_api,hotel montaña de piedra,2021-05-04
ejercicio,5,google_places_api,casa bribri,2025-04-30
muy limpio y buena atención,5,google_places_api,hostal piedra grande,2022-03-05
falta un parqueo,3,google_places_api,hostal piedra grande,2023-11-24
bueno,5,google_places_api,hostel costa rica,2018-12-02
bonito lugar para estancia y caminar un poco alejado pero caminata a cascadas no para principiantes al camino le falta mucha rotulación está sobre calle pública de lastre y 4 riachuelos q cruzar a pie la mejor costilla de cerdo q me he comido la trucha solo en el día,4,google_places_api,cabañas colibrí,2026-01-03
el lugar es agradable y tranquilo sin embargo no son cabañas independientes y no es tan amplio como aparenta en las fotos es una sola cabaña con cuatro habitaciones cada una con entrada independiente y algunas facilidades cómo refrigeradora no están totalmente equipadas hay un rancho con fregadero y una mesa como para disfrutar ahí los alimentos que lleven pero los huéspedes deben llevar los utensilios de cocina si los requieren mi esposo y yo la pasamos muy bien porque tuvimos esa área solo para nosotros es probable que cambie si hay más gente el desayuno es continental hay gallo pinto con costo adicional razonable para entrar y salir de la propiedad hay que llamar la persona que nos recibió fue atenta mi puntuación es de 3 porque esperaba una cabaña independiente y amplia,3,google_places_api,cabañas colibrí,2019-07-29
la cabaña está bien para pasar el rato pero necesita múltiples mejoras en nuestro caso no estaba adecuadamente limpia y el piso estaba muy sucio las mesas y encimeras estaban pegajosas y las almohadas eran muy incómodas fuera de eso pasamos una linda tarde el host responde rápido y el lugar es seguro la respuesta del dueño en la parte de abajo no coincide con mi estadía porque nosotros no llevamos animales la prepotencia y resistencia a mejoras solo va a seguir bajando el rating del lugar deberían aprender a reconocer las opiniones de gente que pagó para estar ahí en vez de echarles la culpa en ningún momento se hizo un comentario hostil como para que ataque con acusaciones falsas la retroalimentación es lo que le lleva a mejoras continuas no lo que le bota el negocio saludos,1,google_places_api,fox hole,2025-04-16
una muy linda cabaña para compartir con la familia,5,google_places_api,fox hole,2026-01-25
célebre mis 50 años con mis hermanas fue mágico el lugar muy bonito acogedor y seguro,5,google_places_api,fox hole,2025-08-22
hermoso lugar tranquilo mi familia amigos y yo pasos un fin de semana super estamos esperando volver,5,google_places_api,fox hole,2023-04-21
el lugar es un paraíso créanme que es aún mejor en persona que en fotos cada detalle y el perfecto mantenimiento que le dan al lugar hace que parezca que está recién construido se puede salir caminando a hacer senderismo y encuentras ríos y cataratas impresionada de este pedazo de paraíso y el dueño con un nivel de cordialidad y servilismo admirable y olvidamos algunas cosas y el siempre en todo momento anuente a colaborarnos y siempre responde un 10000 del 1 al 10,5,google_places_api,treehouse mountain view,2025-04-18
el lugar está mejor en persona que en las fotos el servicio al cliente del dueño fué sobresaliente y los detalles muestran que se le da excelente mantenimiento hay que tomar en cuenta que la entrada es para carros 4x4,5,google_places_api,treehouse mountain view,2025-04-17
impresionante lugar parece que está uno estrenando las instalaciones excelente mantenimiento senderos de ensueño al frente con cataratas y ríos y el dueño la mejor actitud servicial y maravilloso se convirtió en mi lugar favorito para vacacionar,5,google_places_api,treehouse mountain view,2025-04-23
lindo lugar para eventos familiares y de empresas,5,google_places_api,complejo turistico tica linda,2026-02-04
la cabaña la conocí en una experiencia previa en 2018 es adecuada y acogedora con una agradable vista la puntuación corresponde al mal trato y pésimo servicio de los anfitriones de dicha propiedad por motivos de salud nos resultó imposible la estadía en la cabaña los anfitriones manejan una arbitraria política respecto a los cambios en la reserva que no es comunicada al cliente de ninguna manera sino que sólo les sirve para negar cualquier solicitud de cambio la fecha original de mi reserva es en un día de semana de relativamente poca demanda y mi intención era cambiar por otra fecha semejante el trato de los anfitriones es intransigente y poco comprensivo,1,google_places_api,cabaña antares,2024-10-24
un lugar acogedor muy cómodo con una vista espectacular cama súper cómoda áreas muy limpias un excelente lugar para pasar con la pareja tiene cocina equipada y parrilla para asar carne si deben traer productos personales de limpieza y una cobija extra,5,google_places_api,cabaña antares,2023-02-03
las instalaciones muy bonitas la vista hermosa puntos de mejora por el precio que se pagó no da crédito a lo mucho que faltaba no hay artículos de limpieza personal los utensilios de cocina son viejos y en muy mal estado no hay un coffee maker la esponja y jabonera de cocina sucias personalmente no volvería ya que la relación de precio vs lugar y servicio no fue adecuada,2,google_places_api,cabaña antares,2024-01-06
muy lindo lugar para pasar en parejas el clima ideal único punto de mejora más leña para la fogata en nuestra visita al día siguiente nos quedamos sin luz desde las 6am por dicha la cocina es de gas y se puede cocinar,4,google_places_api,cabaña antares,2021-04-19
un sitio lleno de paz de detalles con buenos acabados espacio muy cómodo con excelente vista lastimosamente la señal no era muy buena no es culpa del sitio en si pero me hubiese encantado compartir desde nuestro portal en vivo parqueo mas que amplio buenos servicios gran detalle el dejar una buena variedad de películas para poder escoger,5,google_places_api,cabaña antares,2019-01-11
lugar hermoso tranquilo con cabinas muy cómodas y un muy excelente servicio de los dueños,5,google_places_api,cabinas salova,2026-07-07
lugar maravilloso mucha paz,5,google_places_api,las brisas,2022-04-30
simplemente hermoso lugar,5,google_places_api,las brisas,2025-06-20
excelente atención bellísimo lugar mucha naturaleza ideal para relajarse y muy buenos precios,5,google_places_api,las brisas,2019-02-27
buena atención y un lugar excelente para relajarse,5,google_places_api,las brisas,2020-06-19
un hermoso lugar pero un infierno el dueño no respeta a nadie no habla como la gente a todo mundo le grita y no te da controles para el portón buenos te los da quebrados y no funcionan y si tenes familiares ellos no te pueden visitar porque ellos no viven ahí insulta a tus visitantes y les dice que si quieren entrar que paguen en fin muy desagradable,1,google_places_api,villas tramonti,2015-03-13
excelente lugar se reslira un excelente ambiente y el aire de la zona es espectacular recomiendo al cien por ciento visitar el lugar para los amantes de la montaña y se lugares especiales de montaña se puede llegar en cualquier tipo de vehículo,4,google_places_api,villas tramonti,2023-12-27
excelente lugar mistico la vibra positiva se respira desde la primera impresión un lugar para pasarla muy bien el personal de la recepción lo mejor del lugar muy recomendado,5,google_places_api,villas tramonti,2018-03-14
pedi un combo de papas y nuggets y esto fue lo que recibi es completamente asqueroso las papas estaban hechas en aceite super viejo y ni hablar de los nuggets lo medallones del maxi pali no la recomiendo para nada,1,google_places_api,soda tyj sucursal heredia,2025-09-24
la peor para recibir un taco y una hambuerguesa anteriormente pedidos duraron más de 30 minutos después de haber llegado lis encargados sin mucha actitud para servicio al cliente la zona es super peligrosa personas de actitud sospechosa salían y entraban a un lado del local me sentí insegura y molesta por tanta espera no yo ahí jamás volveré no lo recomiendo,1,google_places_api,soda tyj sucursal heredia,2022-01-20
la ultima vez llegue a este lugar con mucha hambre y pedí unos tacos y unas hamburguesas dure 38 minutos con exactitud a lo cual uno de los empleados me entrego 3 tacos y sobre las hamburguesas me dijo lo siguiente después de todo el tiempo de espera y me estaba entregando la comida me dice vieras que no puedo hacerte las hamburguesas por que no tengo el pan pero acá están los tacos ya se imaginan el enojo casi 40 min por 3 tacos que a decir verdad se sentían añejos y muy duros lastima que no mostré foto pero en fin,1,google_places_api,soda tyj sucursal heredia,2021-09-14
super recomendado tyj recomiendo la pagina de tyj para pedir express sale 1000 veces mas barato que pedir por uber eats y el tiempo de espera depende de la hora y el pedido,5,google_places_api,soda tyj sucursal heredia,2021-03-13
muy rico los tacos son deliciosos y tiene buenos precios,5,google_places_api,soda tyj sucursal heredia,2024-11-05
exelente delicioso y buen servicio el cliente excelente se recomienda mucho,5,google_places_api,soda corazón de jesús,2020-07-25
la primera vez pedí una empanada arreglada de carne y me la dieron de pollo y pues rica no estaba pero por el precio está bien pero la segunda vez compré un combo de hamburguesa papas y refresco el cual me parece caro 3900 pero dije bueno seguro vale la pena pero la torta de carne sabía fea como añeja y papas muy pocas también las salsas nada que ver,3,google_places_api,soda corazón de jesús,2024-09-13
exelente el pollo es de lo mejor no es grasoso siempre atienden bien está en una calle principal así que hay mucho ruido pero su producto muy bueno y cómodo en precio,4,google_places_api,soda corazón de jesús,2024-09-08
pedí 2 sandwich y el pan estaba tan añejo que me rompió las encías y la carne era bistec picado horrible pedí un fresco natural y tardaron más de 45 minutos y no me hicieron el fresco luego no tenían vasos para darme,1,google_places_api,soda asia,2026-05-11
realicé el pedido para traerlo yo misma la persona que me atendió muy amable sin embargo con el arroz con camarones y verduras solamente lo pedí para mi tuve que empacar la mitad del entero y la salsa se puso muy aguada y me dio un sabor muy feo a todo el contenido,3,google_places_api,soda mis delicias 2,2024-11-04
pasamos a comer un combo 9 con arroz cantones camarones empanizados grandes y deliciosos papas fritas y ensalada cuentan tienen aderezo ranch excelente servicio y atención rapida y eficiente,5,google_places_api,soda mis delicias 2,2025-03-10
me encanto el lugar es una soda que de verdad te llena con un plato quedas saciado lo recomiendo mucho,5,google_places_api,soda mis delicias 2,2025-10-18
buen sabor de la comida pedí un combo de arroz con pollo en salsa agridulce que la salsa tenía un color algo intenso pero el sabor estuvo muy bueno,5,google_places_api,soda mis delicias 2,2022-07-17
tengo que dar la clasificación solo por el tiempo de espera en fila y la duración para atender una persona a la vez lo cual puede ser más de 10 minutos sumado con que les llega mucha gente por la propaganda en redes ni vi lugar para comer solo para llevar tienen una tienda de conveniencia a la par actualización después de 3 intentos para comprar pude probarlos y mantengo la misma calificación el sabor está bien pero el empanizado se cae del pollo con el mix de las salsas y el picante este último muy acuoso no venden solo el pollo se debe comprar con los patacones obligado,3,google_places_api,soda valhalla heredia,2026-04-11
el sabor del pollo no estaba mal sin embargo el empanizado se desprendía los patacones muy pequeños y aguados el picante le quitaba el sabor al pollo en lo personal tiene que haber un equilibrio pero es cuestión de gustos caro para la porción pequeña de pollo que lleva,3,google_places_api,soda valhalla heredia,2026-05-16
ninguna queja en el servicio pero no es lo mio la salsa y el chi le si son brutales lo demas bueno vayan y prueben ojala a otros si les guste,2,google_places_api,soda valhalla heredia,2026-03-29
el pollo estaba deliciosa y tenia sabor caribeño,5,google_places_api,soda valhalla heredia,2026-04-27
2 intentos fallidos no cumplen con el horario deberían actualizarlo para no perder el tiempo 12 15 y cerrado,3,google_places_api,soda valhalla heredia,2026-04-23
hace años era el mejor pollo a mi gusto por lo mismo de vez en cuando le dábamos la oportunidad aunque cada vez decepcionaba más y ayer que pedí y me hicieron esperar 25 min por que no tenian cocinado me entregaron este pollo prácticamente quemado así como las papas todo se sentía que ya estaban hechos desde hacía rato y los volvieron a freír para entregarlo lastimosamente no volveré a pedir en este lugar ya que son varias las oportunidades que le dimos y siempre va a peor,1,google_places_api,soda la amistad,2026-02-12
pedí unas salchipapas y me llegó esto si ven bien las fotos aquí de las salchipapas aparecen a la francesa no al gajo y lo peor es que de casi 5000 colones que pagué por pedidos ya solo 2500 me van a regresar una decepción total,1,google_places_api,soda tyj bajo de los molinos,2026-06-02
pedi nuggets y literal eran nuggets de pipasa cero pollo demasiado mal deberían de especificar a la hora de pedir además la atención es pésima no hay nadie atendiendo y duran muchísimo nunca más,1,google_places_api,soda tyj bajo de los molinos,2026-02-17
gente full recomendados muy buena la comida full orden les recomiendo probar el cantones esta buenísimo,5,google_places_api,soda tyj bajo de los molinos,2026-02-18
entregaron las papas en una cajita de reposteria y el entero de cantones parece medio las papas no tienen sabor y el cantones al contrario esta muy salado y sabe a mucho condimento,1,google_places_api,soda tyj bajo de los molinos,2026-03-25
la comida está bien y tienen opciones vegetarianas a un buen precio pero tienen un pésimo servicio no son amables nunca contestan por el whatsapp y no reciben llamadas aunque el mensaje automático que tienen dice que se puede llamar pero no atienden,2,google_places_api,soda tyj bajo de los molinos,2025-12-08
serviciales la comida es deli preparada en el momento por lo que vale la espera o ordenar con anticipación el pollo acá es delicioso pero el raviol es de otro nivel 20 10,5,google_places_api,soda tome y jale mercedes norte,2025-12-15
precio muy elevados por 1 producto que en otro lado hasta el combo sale más cómodo pero el sabor bastante bueno no tengo quejas muy bueno y la atención súper bien,3,google_places_api,soda tome y jale mercedes norte,2026-04-01
la comida es deliciosa el sabor es único probé varias cosas del menú y todas estaban exquisitas el precio es justo para la calidad y cantidad de la comida el servicio es muy bueno y agradable es para ir a recoger solamente el tiempo de espera es un poco alto dependiendo de la demanda pero vale la pena la espera es riquísimo,5,google_places_api,soda tome y jale mercedes norte,2022-08-08
deliciosa olla de carne espectacular barato y rico muy amables las chicas de servicio,5,google_places_api,soda paco alfaro mercado de heredia,2025-04-05
personal mal entrenado solo sirven la comida pero no saben ni los precios todo se lo preguntan al prepotente mal educado y falto de servicio al cliente que trabaja en la caja hay varios otras sodas mejores en el mercado y muchas mas en heredia,1,google_places_api,soda paco alfaro mercado de heredia,2025-02-19
buen servicio rápido y buena calidad en la comida,5,google_places_api,soda paco alfaro mercado de heredia,2026-02-15
nunca pidan natilla para lo q cobran mínimo deberían de dar natilla normal la q me dieron era pura agua la tortilla medio cocinada y no tienen los precios en ningún lado demasiado caro para lo q es lo único bueno fue la crema pero tampoco para que cueste 2mil colones,2,google_places_api,soda paco alfaro mercado de heredia,2024-02-18
fui con mis compañeras de trabajo el día sábado y estuvi delicioso el pinto con la carne en salsa tortilla plátanos y queso maduro muchas gracias,5,google_places_api,soda paco alfaro mercado de heredia,2025-03-31
todo rico pero los cocineros son descuidado con su apariencia personal me refiero a que no usan tapa bocas ni malla en la cabeza yo no se como el ministerio de salud no les a caído en un supervicion por que en toda cosina es obligado usar tapa bocas y malla en la cabeza ellos están cosinando y hablando mucho y cuando nosotros las personas hablamos senos sale la saliva en brisa y aveces a chorros o gotas y eso es antiginico también ellos no usan guantes y yo mire ados de los cosineros de ese lugar secando e el sudor con las manas peladas yo estoy pensando en ir a denunciar al ministerio de salud para que ejerzan la manipulación de alimentos con mucho cuidado a como debe ser,1,google_places_api,soda la amistad,2026-03-18
la comida es muy buena los platos son muy grandes tienen variedad de opciones la soda es lo que conocemos como los famosas venta de comida china el lugar es pequeño se recomienda si quieres comer bastante a bien precio,4,google_places_api,soda la amistad,2023-10-11
excelente recomendación para pasar a comer buena comida con buen sabor y porciones grandes todo muy fresco y buenos combos además de muchas opciones en el menú puedes estacionar frente al local si tienes suerte junto a la calle porque siempre está lleno tienen opciones de pago por efectivo o tarjeta sin problemas además tienen servicio de comida para llevar,4,google_places_api,soda la amistad,2023-12-17
ahí realmente cocinan aveces bien cuando se les da la gana hay veces que el arroz cantonés sabe tanto a aceite quemado deberían tener más cuidados en eso y mejorar la calidad es indeciso saber cuando lo harán bien,2,google_places_api,soda la amistad,2025-12-08
un gran lugar para ir a comerse una buena sopa de pollo y la porción de la sopa es grande se los recomiendo,5,google_places_api,soda la amistad,2024-08-01
muy buena atención seguí la recomendación que me dieron para mi desayuno y me encantó buenos precios ambiente tranquilo y baño muy limpio se nota que preparan los alimentos no sólo de manera profesional pero con su toque familiar,5,google_places_api,soda el toldito,2026-06-27
todo delicioso gran variedad de productos a elegir las porciones de pollo pechuga son enormes y deliciosas las hamburguesas son la sensación un sabor unico y con un servicio al cliente sin igual,5,google_places_api,soda donde escuadra,2022-02-22
súper recomendado precios muy bajos y calidad de comida ojalá puedan probar todo lo que venden ahí,5,google_places_api,soda donde escuadra,2022-12-19
no conocía el lugar super rico todo y muy amables hay que apoyar al comercio local no a las franquicias,5,google_places_api,soda donde escuadra,2025-02-03
super bueno muy buena porción de comida delicioso todo excelente servicio y amables aparte de rápidos para servir,5,google_places_api,soda donde escuadra,2024-08-13
pésimo servicio llame a pedir exprés desde las 6 y a las 8 no nos ha llegado el pedido y tras de todo ni contestan el teléfono si no pueden debieron llamar y no dejan a los clientes esperando,1,google_places_api,soda donde escuadra,2024-09-01
acabo de llegar y ya no existe está cerrada y no avisan hacen que uno pierda el viaje,1,google_places_api,soda gino s,2026-02-10
muy delicioso,5,google_places_api,soda gino s,2026-07-14
lugar muy acogedor la dueña súper simpática y generosa un menú súper creativo y delicioso aparte de que puedes pedir por glovo y otras plataformas lo recomiendo al 1000,5,google_places_api,soda gino s,2020-02-07
solo una vez he probado su comida un raviol con papas estaba muy bueno,5,google_places_api,soda gino s,2021-06-02
super recomendó superó mis expectativas,5,google_places_api,soda gino s,2022-10-31
me encanta venir por un rico casado hecho con tanto amor que me sabe a familia deliciosos casados,5,google_places_api,soda la familia,2026-03-16
excelente lugar ubicado en barva según nos comentaron iniciaron hace un año los precios son muy accesibles y el lugar muy acogedor tienen poco espacio para comer ahí pero se puede pedir para llevar igualmente se puede parquear sobre calle ya que no pasan muchos carros las porciones son excelentes y sabor muy bueno,5,google_places_api,soda tuka s,2021-06-29
que tristeza los visitamos hoy desde lejos y estaba cerrado deberían pensar un poco más en sus clientes y al menos dejar un comunicado en redes sociales pero ni eso ni un cartel afuera del local ni acá por google lástima,2,google_places_api,soda tuka s,2026-01-04
comida muy buena precios buenísimo si se pide en combis tiempo de espera es casi nulo cinco minutos,5,google_places_api,soda tuka s,2025-10-17
para salir de un apuro está bien comida de buen sabor,4,google_places_api,soda tuka s,2026-01-08
empezaron muy bien pedí en par de veces antes de hoy día y el pollo totalmente distinto muy salado y no parecía ni estar recién hecho más bien venía bastante frío las papas fritas llegaron entre una salsa que parecía sopa rosada y fria además mi orden venia incompleta trataron de corregir la orden pero tenia que esperar mas tiempo osea comerme el resto de la orden fría creo que deberían ponerse de acuerdo en quien recibe las ordenes y quien las despacha apoyo el comercio local pero aquí no vuelvo a comer,2,google_places_api,soda tuka s,2022-08-13
terrible acabo de pasar a comprar un raviol para llevar y apenas le pegue un mordisco salió un mal olor casi me muero la carne está mala como se les ocurre quién sabe desde cuando tienen preparado eso y que no tengan los cuidados necesarios no lo recomiendo para nada,1,google_places_api,soda d licuoss mercado municipal heredia,2025-10-29
el lugar es pequeño y estaba lleno pero encontramos campo para dos en una acogedora el servicio es atento y rápido la limonada con hierbabuena estaba en su punto de acidez dulzura y cantidad pedimos el panini de atún muy bien logrado y las papas deliciosas recomendados,5,google_places_api,black café,2025-12-27
nos desayunamos unas empanadas argentinas yo probé la de carne y estaba buena hay mucha variedad de postres probé 2 de ellos un rollo de pecanas muy bueno y el otro rollo de pie de limón también muy bueno eso sí son bastante grandes así que los compartimos el lugar es muy lindo y la atención buena,4,google_places_api,black café,2026-01-20
muy rico todo limpio salimos repletas muy buena atención al detalle hasta los platos son lindos los sándwiches estaban deliciosos y aunque se ven pequeños llenan bastante traen bastante por dentro esperamos bastante para la tacita del café hecho en galleta pero nos avisaron que iba a tardar porque estaban haciendo nuevas el local es pequeño pero acogedor me gustó mucho volvería,5,google_places_api,11 11 cafe,2025-09-07
una cafetería muy original con platos dulces y salados muy buenos y sobre todo muy originales como sus bebidas calientes servidos en vasos de galleta y chocolate a very original café with very good sweet and savoury dishes and above all very original hot drinks served in biscuit and chocolate cups,5,google_places_api,11 11 cafe,2024-09-24
tuve una experiencia pésima primero el servicio al cliente era lento luego de lograr pedir tardaron 1 hora es llevarme los chocolates calientes fríos llego primero la comida ya había terminado de comer y me trajeron las bebidas al final seguramente a la mesera se le olvidó pedirlos una lástima mal servicio feos productos comida fría precio alto no recomendado,1,google_places_api,11 11 cafe,2026-02-28
hicimos el viaje desde cartago para el famoso cafe en vaso de galleta al llegar nos informan que se debe de llamar a reservar los vasos antes entonces los que tenian ya estaban reservados nos dio tanta cólera qué nos levantamos y nos fuimos un local tan pequeño y caro no debería de jugar así con los clientes ni reservando el vaso vuelvo,1,google_places_api,11 11 cafe,2025-12-30
el servicio al cliente muy bien sin embargo a las habitaciones si les hace falta su mantenimiento,4,google_places_api,hotel maguey,2026-05-04
estuvimos una noche la habitación en la que nos hospedamos es muy bonita el balcón es divino pero el aire acondicionado se dañó y no pudimos dormir bien la luz de la habitación no servía tenía como un corto circuito me parece que deberían de revisar las habitaciones antes de entregarlas,2,google_places_api,hotel maguey,2022-05-05
un espacio tranquilo y seguro perfecto para descansar y con todas las facilidades excelente ubicación la anfitriona siempre estuvo atenta y el contacto de asistencia victor siempre con la mayor disponibilidad y disposición para ayudar ante cualquier situación e inclusive con recomendaciones de lugares en la zona no pudimos haber elegido otro lugar más perfecto para disfrutar nuestro fin de semana 100 recomendado cerca del centro para cualquier necesidad,5,google_places_api,rio sarapiqui lodge,2026-04-27
la dueña es muy gentil y siempre atenta a escuchar,4,google_places_api,hospedaje en sarapiqui,2026-07-04
excelente lugar 15 000 colones una noche por habitación individual está a tres cuadras caminando de la terminal de autobuses caribeños la habitación tenía aire acondicionado y agua caliente la dueña es muy amable el lugar tiene un río en la parte trasera y un puente colgante que lo atraviesa así como varias sillas mesas y hasta una hamaca para que puedas disfrutar de la vista tiene wifi 5g pude realizar varias videollamadas sin interrupciones eso sí la entrada está medio escondida detrás de una tienda azul con un tucán llamado araya,5,google_places_api,hospedaje en sarapiqui,2024-02-26
un oasis de elegancia y sabor inolvidable visitar yan s bistro es un verdadero deleite para todos los sentidos desde el momento en que cruzas la puerta te recibe una atmósfera sofisticada y un diseño verdaderamente lindo su ambiente climatizado ofrece el escape perfecto gracias a un aire acondicionado impecable que te permite disfrutar de la velada con total comodidad la experiencia se eleva aún más gracias a su personal son sumamente amables atentos y dedicados a cuidar cada detalle de tu visita la propuesta gastronómica es extraordinaria dos platos fuertes obligatorios son la sopa de mariscos con un sabor profundo fresco y reconfortante y la entraña cocinada a la perfección jugosa y llena de sabor para cerrar con broche de oro guarda espacio para el final los postres son una auténtica obra de arte culinaria y algo que definitivamente no debes dejar de probar un restaurante altamente recomendado para los amantes de la buena cocina y los espacios con encanto,5,google_places_api,yan s bistro,2026-06-28
una joya de verdad me encantó este lugar es increíble cómo está sumergido en la naturaleza pero al mismo tiempo es súper accesible al estar sobre la carretera principal para mí lo mejor de todo fue la comida no hay un plato menos rico que otro se nota que el menú está muy bien pensado las instalaciones son modernas hermosas y te invitan a quedarte horas ahí además me gusto que tengan senderos jardines y áreas con estanques para caminar como opinión personal es algo totalmente nuevo en la zona y vale muchísimo la pena,5,google_places_api,yan s bistro,2026-06-17
comida deliciosa y muy buena atención el lugar bellísimo super recomendado,5,google_places_api,yan s bistro,2026-05-25
un restaurante único donde se combina la elegancia con la naturaleza con platos y cervezas además de alta cocina exclusivos en la zona muy lindo y rico todo sin duda volveremos,5,google_places_api,yan s bistro,2026-05-25
excelente experiencia gran variedad de comida muchas gracias a su equipo de cocina la experiencia fue fenomenal,5,google_places_api,yan s bistro,2026-05-26
fuimos a almorzar y guau no podíamos creer lo deliciosa y hermosa que era la comida el ceviche fue el mejor que he probado en puerto y muy fresco la ensalada del chef era enorme y deliciosa con aderezo de aguacate y pollo al curry cosas que nunca ecu encuentro en sarapiquí como entusiasta y gringa quedé súper impresionada y feliz de tener comida con sabores tan frescos y elegantes definitivamente regresaré y lo recomiendo a todos además el restaurante es fresco con aire acondicionado las cervezas están muy frías y el personal y el dueño son muy amables lo que hace que la experiencia sea aún más placentera,5,google_places_api,restaurante pub stones,2023-10-08
los batidos de naturales fueron muy ricos la comida estuvo genial y fue muy rápido entre lo solicitado y lo servido,5,google_places_api,restaurante la oficina,2025-08-24
es un proyecto bastante acogedor y perfecto para escapar de la vida urbana el recibimiento y las instalaciones fue lo mejor cerca en carro se puede llegar a muchos tour operadores de puerto viejo hope garden apoya un emprendimiento que ofrece una comida riquísima a unos 10 min caminando o súper cerca en carro,5,google_places_api,hope garden sarapiquí,2023-08-13
pasamos una noche y nos encanto es un sitio maravilloso y los propietarios son muy atentos y detallistas,5,google_places_api,hope garden sarapiquí,2024-02-15
este lugar no existe la ubicación te lleva a un lote baldio y preguntando a los lugareños no me dan razon,1,google_places_api,hotel bed and brekfast huetares,2024-05-20
excelente lugar para descanzar y una excelente atencion,5,google_places_api,hotel bed and brekfast huetares,2018-11-10
horrible esa reseña que pusieron que es apto para niños no es real no deberían poner lodge en su letrero más bien deberían ponerle motel porque eso era lo que parecía mi papá mi mamá y yo pasamos una noche y fue la noche más horrible que he pasado personas hablando personas riéndose gemidos en altas horas de las noche hasta las 4 de la mañana no pudimos dormir nada así que si usted quiere descansar ahí no vayan tal vez es que nosotros nos confundimos pero no cuando vi que lo calificaban como apto para niños lo cual no es en fin fue pésimo porque todo se escuchaba como si estuvieran afuera de nuestra puerta deberían tener mas consideración y aclarar bien que ahí podríamos escuchar ese tipo de cosas,1,google_places_api,cabinas la quebradita,2023-08-15
es un alojamiento con la calidez es como si pasaras un fin de semana con la abuelita atendidos por doña xenia quien es toda una mam quien estará atenta a todo requerimiento la comida es espectacular todos los días colegas algo distinto basado en la gastronomía de costa rica son un emprendimiento con mucho futuro,4,google_places_api,cabinas la quebradita,2020-01-06
excelente atención lugar limpio y cómodo el restaurante es acogedor y se disfruta de buena comida,5,google_places_api,cabinas la quebradita,2020-06-22
muy económicas bonitas y super tranquilo,5,google_places_api,cabinas tipicas,2026-05-19
muy convenientes pero por favor limpien bien me salieron dos cucarachas,3,google_places_api,cabinas tipicas,2025-09-15
excelente ubicación el lugar es ideal para pasar la noche y continuar el viaje o hacer tours por la zona,4,google_places_api,cabinas tipicas,2024-04-11
un buen alojamiento para pasar la noche y no tener que regresar tarde es súper barato y queda muy céntrico de todo,3,google_places_api,cabinas tipicas,2024-03-31
buen precio muy limpias solo le falta tener tv por cable,4,google_places_api,cabinas tipicas,2022-11-11
costa rica es linda pero es carisima,5,google_places_api,cabinas el toro,2024-12-14
pinchos,5,google_places_api,cabinas el toro,2026-03-11
fue lo único que encontramos disponible en la virgen y agradecemos que nos recibieron tarde no están mal si muy descuidadas para empezar en el baño encontramos un sapo destripado empezando a decomponerse a las ventanas les faltaban varias celosías la puerta principal estaba desmontada por lo que costaba abrirla en el marco de la puerta un camino de comejen vivo en fin nada que no se resuelva con un poquito de atención,3,google_places_api,cabinas el rio,2025-06-02
no hay servicio de televisión las puertas no están en buen estado ya que se traban y en las habitaciones hacen falta toma corrientes fuera de eso estéticamente muy lindas cabinas el precio muy accesible,3,google_places_api,cabinas el rio,2020-02-13
atención excelente cabinas muy cómodas es un bello lugar te invito a venir y disfrutar de la belleza en este lugar,5,google_places_api,cabinas el rio,2022-03-20
muy lindos los apartamentos,5,google_places_api,cabinas lencho,2024-07-03
6 rojos hasta las 10 am del otro dia mas barato imposible,5,google_places_api,cabinas el bosque,2019-11-13
visitando a mi gran amiga arisela,5,google_places_api,cabinas el bosque,2017-12-09
excelente,4,google_places_api,cabinas el bosque,2019-08-02
buena cantidad y buen precio un muy buen lugar para comer muy recomendable,4,google_places_api,soda cuatro,2023-04-24
excelente comida servicio y precio,5,google_places_api,soda cuatro,2019-01-05
excelente atención y muy buena comida,5,google_places_api,soda cuatro,2025-05-20
exelente servicio y muy buena atención y deliciosas comidas,5,google_places_api,soda delicias yorle,2020-10-04
exelente comida exelente antencion 100 recomendado,5,google_places_api,soda delicias yorle,2022-08-01
delicioso excelente trato y muy buen menú,5,google_places_api,soda delicias yorle,2021-03-15
todo es súper bonito y la comida es deliciosa,5,google_places_api,soda delicias yorle,2023-10-10
muy rico,4,google_places_api,soda delicias yorle,2021-06-30
las porciones de su comida de verdad llenan su sabor es muy bueno un lugar que ofrece calidad por precio,5,google_places_api,soda la casa de moya,2022-08-25
me encantó muy sabroso sus comidas,4,google_places_api,soda la casa de moya,2023-03-12
el mejor ceviche q e probado,5,google_places_api,soda la casa de moya,2024-05-14
muy rico en río frío,5,google_places_api,soda la casa de moya,2021-09-03
muy bien,5,google_places_api,soda la casa de moya,2022-07-26
la comida y la cantidad siempre ha estado muy bien excelente calidad buen precio acepta tarjetas servicio eficiente y buena atención,5,google_places_api,soda la viña,2022-06-16
delicioso todo lo que te ofrecen excelente servicio y muy buenos precios altamente recomendados,5,google_places_api,soda la viña,2020-07-27
delicioso y la atención excelente muchas gracias,5,google_places_api,soda la casita del buen sabor,2023-05-09
la atención fue de primera la olla de carne y el casado de dorado un éxito,5,google_places_api,soda la casita del buen sabor,2019-10-06
muy ricas tortillas,4,google_places_api,soda la casita del buen sabor,2021-12-07
riquisimo,5,google_places_api,soda la casita del buen sabor,2019-09-13
solo bueno,5,google_places_api,soda la casita del buen sabor,2019-06-08
great food and great prices the chef makes you feel at home if you put in the effort to speak spanish we ll be back for sure comida excelente y precios increíbles el chef te hace sentir como en casa si te esfuerzas por hablar español seguro que volveremos,5,google_places_api,soda sabor dominicano,2025-04-16
exelente lugar,5,google_places_api,soda sabor dominicano,2025-09-08
todo muy rico delicioso y super económico lo único que no tienen mesas es solo para llevar,5,google_places_api,soda 2 hermanos,2022-03-30
muy buena atención calidad es sus comidas precios muy accesibles,4,google_places_api,soda 2 hermanos,2022-08-06
estuvimos cerca navegando el rio sarapiqui uno de los señores que atiende nos lo recomendó al salir a mano izquierda tercer entrada llegamos al lugar limpio buena atención los precios al ver el menú los precios son justos te digo el tamaño de los platos la calidad de preparación perfecta los batidos son yardas gigantes 6 buenísimos ahora hablemos de la sopa crema de mariscos se lleva la estrella de oro pueden comer hasta 2 personas gracias quedamos encantados,5,google_places_api,mi lindo sarapiquí,2026-01-02
precios accesibles buen ambiente,5,google_places_api,cafetería y panadería good,2026-05-22
la comida excelente el servicio maravilloso y los precios sin igual,5,google_places_api,cafetería y panadería good,2023-10-29
muy acogedor es un lugar en el que se puede descansar muy bien las habitaciones son muy limpias tienen baño privado es muy seguro y lo mejor es que hay lugares cercanos para comer y la playa está muy cerca,5,google_places_api,cabinas ballena encantada,2021-01-08
a 1 km de la playa hermosas cabinas muy limpias amplias con aire acondicionado parqueo tv internet etcétera,5,google_places_api,cabinas ballena encantada,2019-01-10
cabinas muy espaciosa excelente ubicación muy bien equipada con amplió baño y excelente aseo,5,google_places_api,cabinas ballena encantada,2019-04-12
bonito lugar muy seguro comodo y muy cerca de la playa,5,google_places_api,cabinas ballena encantada,2019-01-08
súper cerca de la entrada del parque marino ballena cola de la ballena aproximadamente a 3 minutos caminando excelente atención del propietario y el personal administrativo muy buena opción para venir en familia buen precio y cabinas súper equipadas parqueo aire acondicionado ventilador pantalla mesa de comedor sartén coffee maker olla arrocera hervidor de agua y utensilios de cocina,5,google_places_api,cabinas la chirincocas,2024-01-06
excelente atención muy acogedoras limpias y seguras cuentan con aire acondicionado y abanico televisión por cable refrigerador microondas y todo lo necesario para cocinar están ubicadas a 50 metros de la entrada al parque nacional bahía ballena por lo que puedes ir a pie a la playa y alrededores dejando el vehículo guardado en el parqueo organizar una parrillada nocturna en el ranchito o relajarte en la piscina después de un día en la playa una opción económica pero con todas las facilidades para un viaje inolvidable en un ambiente familiar y tranquilo,5,google_places_api,cabinas la chirincocas,2021-10-26
muy cómodas con todo lo que uno necesita realmente utensilios de cocina baño muy bonito aire acondicionado etc y muy accesibles y cerca del mar,5,google_places_api,cabinas la chirincocas,2024-05-13
muy lindas las cabinas me encantan les recomiendo que vallan,5,google_places_api,cabinas mar y sol,2024-11-08
super recomendada muy elegante y comodo,5,google_places_api,cabinas mar y sol,2025-03-22
muy bueno,5,google_places_api,cabinas mar y sol,2024-11-02
el trato que dan es excelente además hay áreas para compartir con cocina y un refrigerador,5,google_places_api,cabinas punta uvita,2019-01-11
lugar genial para pasar con la familia mis 2 hijos de 13 y 3 años encantados cerca de la playa comodidad amueblada lugar completo para pasar unas excelentes vacaciones y lo mejor a buen precio recomendada y si hablamos del personal nos quedamos cortos con lo maravilloso de su trabajo no se arrepentirá,5,google_places_api,cabinas beto,2021-01-12
sitio rústico a 10 min del parque natural el mejor atardecer de todo costa rica desperté con los cantos de los animales que parecía que estaba en mitad de la selva buena atención y mejores precios de la zona,5,google_places_api,cabinas beto,2022-01-25
mal servicio realice una reserva y al llegar a la cabina no estaba terminada tenia un hueco en el techo del baño al realizar el reclamo e indicar que no me iba a quedar no quisieron reintegrar el dinero del deposito,1,google_places_api,cabinas beto,2022-12-29
excelente lugar muy acogedor muy tranquilo y limpio,5,google_places_api,cabinas beto,2024-01-18
muy buena ubicación además de estar muy bien amueblada sin duda volvera a visitarlas,5,google_places_api,cabinas beto,2021-01-13
un lugar increíble pero la atención personalizada y cálida de sus propietarios es única nos ayudaron y orientaron en todo momento un sitio limpio tranquilo y totalmente natural,5,google_places_api,surf villas of dominicalito,2025-09-18
playa dominicalito en perez zeledon un lugar tranquilo con vistas hermosas aguas tranquilas y no visitada por muchas personas bastantes surfeadores extranjeros los visitan,5,google_places_api,villa luna dominicalito,2023-08-15
teníamos pago el lugar hace dos meses llegamos y nos enteramos que ya no lo alquilaban tuvimos que salir a buscar otro hospedaje porque no nos supieron dar respuesta,1,google_places_api,om suite om cabinas,2019-03-11
un lugar cálido y relajante donde el sonido de la naturaleza es sin lugar a dudas el más hermoso desestrezante,5,google_places_api,om suite om cabinas,2017-10-12
excelente para una noche o hasta un mes todo limpio impecable excelente internet lo justo para un espacio comodo el aire excelente bien equipadas todo super limpio sabanas y todo huele a limpio es una excelente opcion muy cerca de la uisil se puede ir caminando,5,google_places_api,cabinas vista verde pz,2026-03-21
es un lugar totalmente recomendado para cualquier persona que desee hospedarse,5,google_places_api,cabinas vista verde pz,2026-01-01
pequeño muy bien detallado pocas habitaciones pero semi equipadas huele muy bien en términos generales un muy buen descanso solo que es mérito llamar a reservar,4,google_places_api,cabinas vista verde pz,2019-06-21
necesito un número para reservar,3,google_places_api,cabinas vista verde pz,2026-05-23
excelente no hay más que pedir la atención del administrador super genial muy amables mis próximas vacaciones ahí mismo iría si encuentro disponibilidad,5,google_places_api,coco beach home,2025-04-19
una experiencia maravilloso,5,google_places_api,coco beach home,2025-01-02
pésimo servicio tuvimos que ir al servicio sanitario de recepción porque el de la habitación nunca sirvió estaba taqueado y nisiquiera solucionaron nada la misma comida para los 3 tiempos de comida y tras de eso salieron cosas como pelos en la comida las habitaciones súper sucias y desagradables nunca limpiaron ni una sola sábana ni paño el aire acondicionado tampoco sirvió fue una muy mala experiencia no la recomiendo para nada adicionalmente la piscina tiene cerámica quebrada y 2 niños incluyendo mi sobrino se cortaron el pie horrible y su respuesta ante eso fue a si ya hay varios niños que se cortan en lugar de resolver pues no para nada el peor lugar de mi vida nunca más,1,google_places_api,coco beach condos,2024-01-03
la información proporcionada al momento de la compra fue publicidad engañosa las habitaciones tienen una distribución demasiado mala no hacen buena limpieza de las habitaciones en nuestro caso en las noches en la habitación entraba un olor nauseabundo peor que una cañería muy muy desagradable ofrecen servicio de coffe maker y ni funciona el restaurante es muy retirado de las habitaciones lo único rescatable es el servicio del restaurante la atención es excelente y la comida absolutamente deliciosa pero de mi parte no volvería a usar el servicio de este hotel ah nos tuvieron que cambiar de habitación ya que el aire acondicionado inundó la habitación,2,google_places_api,coco beach condos,2022-05-23
con buen ubicación sólo que el parqueo no es tan cómodo es pequeño y se llena rápido las comidas que ofrecen en conjunto con el hotel las palmas no fueron de mi agrado un comida sin amor sencilla nada apetitosa el trato de doña rosa fue bueno pero considero deberían tener más personas que hagan la limpieza de las habitaciones ya que a la señora le toca hacer de todo limpieza atención al público atender el bar o rancho solucionar problemas etc,4,google_places_api,coco beach condos,2022-01-26
nos encontramos algo muy diferente a lo que aparece pésimo servicio al cliente mal encarados molestos por atendernos todo sucio las habitaciones despedían un olor fétido la piscina daba asco osea jamás jamás volvería menos una recomendación van para la quiebra sino cambian,1,google_places_api,coco beach condos,2023-10-01
theives ladrones when i arrived they refused to hist me because they had booked all the rooms and they refused to give me a refund laughed at me and told me to get lost cuando llegué se negaron a llamarme porque habían reservado todas las habitaciones y se negaron a darme un reembolso se rieron de mí y me dijeron que me perdiera,1,google_places_api,coco beach condos,2022-01-18
excelente estadía recomendado 100,5,google_places_api,casa de playa,2019-10-17
muy buena atención muy nobles y el lugar muy bonito,4,google_places_api,casa de playa,2019-09-13
muy cómodo y atentos,5,google_places_api,casa talamanca,2019-04-27
andrés es aparte de amigo un excelente anfitrión cuenta con todos los servicios para un hostel y la mejor vista amo este lugar me siento como en casa,5,google_places_api,hostel casa marina,2023-02-08
un lugar mágico super recomendado,5,google_places_api,hostel casa marina,2018-02-26
excelente,5,google_places_api,hostel casa marina,2020-12-17
excelente ambiente súper tranquilo cabinas equipadas con refrigeradora plantilla para cocinar o al menos sartén eléctrico olla arrocera coffee maker y horno de microondas cubiertos y vajilla básica con cuarto de pilas cerrado y tendedero,5,google_places_api,kokito beach villa y bungalows playas del coco,2025-01-18
el lugar es agradable seguro es acogedor puedes llevar tus alimentos o bien sales a caminar encuentras automercado megasuper panadería restaurantes u otros el único detalle es que no cuenta con un servicio sanitario wc por lo demás tanto las cabinas equipadas básicamente y la casa muy deliciosa equipada a la perfección no hay parqueo bajo techo buena recepción de internet fuimos un grupo de 15 personas y la pasamos genial,4,google_places_api,kokito beach villa y bungalows playas del coco,2022-11-23
el lugar es bonito sin embargo la piscina bastante sucia se nota que no le hacen mantenimiento con regularidad,3,google_places_api,kokito beach villa y bungalows playas del coco,2026-02-03
hermoso lugar con piscina para compartir en familia puede reservar su espacio,5,google_places_api,cabinas familiares playas del coco,2021-12-30
las fotos que adjuntan son otra cosa a lo que realmente es llegamos y las sábanas totalmente sucias inclusive llegamos y las sábanas eran del hospital con el logo de la ccss el baño y servicio sin lavar el tubo del lavatorio no servía el colchón muy mal y el piso podrido todo en un estado sumamente descuidado para un precio totalmente ilógico y la piscina igual el agua turbia y por último en el cielo razo se escuchaban ruidos muy fuertes de algún tipo de roedor no lo recomiendo para nada,1,google_places_api,cabinas don carlos,2024-01-05
muy feas,4,google_places_api,cabinas don carlos,2016-09-15
cachete,5,google_places_api,cabinas don carlos,2015-12-17
buena,5,google_places_api,cabinas don carlos,2016-01-02
lugar bonito pero demasiado caro,3,google_places_api,cabinas don carlos,2016-12-23
excelente ubicación a pesar de lo cerca que está del centro es muy silencioso y tranquilo el encargado muy servicial y amigable cabinas bien equipadas para estadías cortas el baño debería tener ganchos para colgar paños o ropa la habitación donde me hospedé solo tenía una pequeña mesa para la ropa para 3 personas es imposible acomodarse con esos pequeños detalles haría mucha diferencia,4,google_places_api,cabinas rosas del mar,2024-01-12
una excelente relación calidad precio cerca de la playa y del centro pero en un lugar silencioso lo que te permite descansar cabinas equipadas con a c y cómodas ideal para familias o personas que buscan un lugar cómodo para quedarse por temas de trabajo ruteros tour operadores etc recomendadas,4,google_places_api,cabinas rosas del mar,2024-08-03
buen precio por la cercanía a la playa solo a 100 m de la playa y a 100 m de la calle principal donde están todos los restaurantes excelente servicio,5,google_places_api,cabinas jivao,2024-05-31
sencillas humildes pero excelentes para pasar la noche tienen cocina de gas tv refrigerador coffe maker pila baño privado olla arrocera ollas cubiertos ventilador mesita sin microondas a 75 metros del centro muy seguras,5,google_places_api,cabinas jivao,2018-01-15
habíamos acordado unas cabinas en específico se había aclarado cuales eran a la hora de llegar nos dieron otras olían mal y no estaba en buenas condiciones el precio no es el adecuado cobran más de lo que deberían no las recomiendo,1,google_places_api,cabinas jivao,2020-08-18
lugar espacioso buena relación con el precio falta un poquito de mantenimiento no brindan sábanas ni toallas,4,google_places_api,cabinas jivao,2021-12-29
cantina mediterránea es el espacio perfecto para los amantes del buen vino y la gastronomía mediterránea más que una tienda de vinos es una sala privada diseñada para catas exclusivas cenas privadas con reservación y degustaciones gourmet aquí podrás disfrutar de exquisitas tablas de jamón salames y quesos además de creativos cócteles a base de vino en un ambiente íntimo y sofisticado como extensión de soda mediterránea mantiene la tradición de explorar sabores del mundo con catas de vinos de alemania italia argentina chile portugal y francia entre otros países en cantina mediterránea cada visita es una experiencia única que celebra el arte de maridar el buen vino con momentos inolvidables,5,google_places_api,cantina mediterranea,2025-01-25
una clásica soda tica donde podes comer riquísimo y a buen precio 10 puntos,5,google_places_api,soda al oeste,2025-04-12
muy agradable ambiente buen desayuno la atención super buena el baño tiene agua caliente pero la habitación en la que estuve olia demasiado a humedad y se ve el hongo en los techos y paredes aparte de eso todo súper,4,google_places_api,hotel geliwa,2025-12-08
es un lugar de mucha paz tranquilo se descansa bastante bien el desayuno muy bueno y la atención de la muchacha exelente para el que tiene niños puede llevarlos hay una piscina que pueden disfrutar mucho y el precio bastante comodo de mi parte muy agradecido y volvere pronto si dios quiere,5,google_places_api,hotel geliwa,2025-08-03
el hotel está muy céntrico las habitaciones individuales son muy cómodas y bonitas la habitación cuenta con cama matrimonial mesita de noche ropero escritorio y silla ventilador televisión y baño completo con espejo y agua caliente cuenta con wifi no tiene restaurante pero la atención del personal es buena lo malo es que no tiene acceso para personas con discapacidad en silla de ruedas muletas etc dado que las habitaciones se encuentran en segundo y tercer piso y el único acceso son gradas tampoco cuenta con parqueo,5,google_places_api,hotel kardey,2025-11-02
el anexo tiene cuartos nuevos y con espacio y cocinas compartidas súper recomendado para quienes viajan por trabajo,5,google_places_api,hotel kardey,2026-03-23
mi experiencia no fue buena habitación muy pequeña y no me sentí cómoda con el aseo,2,google_places_api,hotel kardey,2025-06-17
lugar céntrico y tranquilo con habitaciones pequeñas pero que cumplen con lo necesario para pasar la noche es cómodo y el baño tiene ducha el servicio que brindan es bastante agradable ofrecen sugerencias de donde comer o cuáles lugares visitar ya que hay bastante donde visitar,4,google_places_api,hotel kardey,2022-07-10
muy buenos precios excelente atención parqueo y habitaciones básicas pudimos hospedarnos con nuestro perro y la ubicación del hotel es super práctica recomendado para estadías cortas pero como está en el centro si tienen problemas para dormir por el ruido mejor ir preparados,3,google_places_api,hotel interamericano,2025-02-09
el lugar nos pareció muy ordenado y el personal muy amable y agradable muy cómodo espacios comunes muy convenientes sólo tuvimos problemas con que no había mucha disponibilidad de atención por la mañana y con el agua caliente,4,google_places_api,hotel herza,2018-07-29
es tranquilo tiene opción de cocinar le falta tener aire acondicionado esta ubicado un lugar muy accesible fácil de llegar ah no tiene parqueo eso le falta,4,google_places_api,hotel herza,2020-01-04
restaurante el patio 2 0 opción para comer en ambiente casual con menú variado la comida cumple bien en sabor y presentación aunque el servicio puede ser irregular en momentos de más movimiento ambiente agradable para pasar el rato con precios en rango medio 5 000 10 000 por persona,4,google_places_api,el patio 2 0,2026-04-12
el lugar es tranquilo buena música el personal es amable pero tardaron mucho en traer la comida era un chifrijo una boca de chicharrón y tacos de birria y tardaron alrededor de 30 40 minutos en servir la comida y en el lugar no estaba lleno ni a la mitad,4,google_places_api,el patio 2 0,2023-11-18
muy rico todos los ingredientes frescos y los frescos de pura fruta,5,google_places_api,el patio 2 0,2025-06-11
para el tipo de restaurante que es la comida es buena y tiene un excelente precio atienden y sirven rápido,5,google_places_api,restaurante mundo de sabores,2026-03-16
siempre estoy buscando comida china y hasta este momento este es el mejor que hemos probado en el área porciones grandes y con mucho sabor,5,google_places_api,restaurante mundo de sabores,2023-06-06
un lugar muy conocido por todos los turrialbeños que gustan del buen sabor de la comida china mundo de sabores,5,google_places_api,restaurante mundo de sabores,2024-03-08
es un lugar espectacular en todo el sentido de la palabra la atención que nos dieron me gustó mucho muy atento el muchacho y servicial y respetuoso la comida espectacular y los precios también les recomiendo la bandeja surtida la full es como para cuatro personas pero en mi experiencia creo que comen más pero muy buena más bebidas también los cócteles y buen en general todo me encantó el lugar 10 de 10,5,google_places_api,santo barril,2026-04-01
excelente servicio nos encantó la atención la señorita super amable y la comida ni que decir nos pedimos el full santo y estaba delicioso todos súper recomendado,5,google_places_api,santo barril,2026-02-07
me encantó un lugar con excelente comida y variedad cuenta con un servicio amable y un ambiente familiar que te hace querer volver lo recomiendo,5,google_places_api,santo barril,2026-07-10
llegamos por casualidad y nos encantó el local la comida tradicional patacones chifrijo y casado y el personal tan amable un acierto,5,google_places_api,restaurante las rosas de san luis,2025-08-04
excelente precio tienen express para la zona alrededor de las américas una excelente opción para la noche el horario es de 7 a 10 de la noche por lo que es una salvada si uno no quiere cocinar y por el precio sale muy comodo para comprar para varias personas además la comida es buenísima,5,google_places_api,soda las brisas,2019-03-06
buen precio buena cantidad de comida y muy deliciosa lugar acogedor cuenta con servicio express,5,google_places_api,soda las brisas,2023-08-08
es un lugar de comida rápida muy rica y económica personalmente me encanta la empanada arreglada y las papas nachos,4,google_places_api,soda las brisas,2023-01-23
la comida fue muy buena y fresca el ambiente es amable y atractivo,5,google_places_api,soda las brisas,2019-06-01
comida muy buena y excelente servicio es una soda por aquello,5,google_places_api,soda las brisas,2023-05-07
sitio ideal para desconectarte del estrés eso sí hay que venir dispuesto a descansar y apreciar la naturaleza se acceso fácil en calle pavimentada desde el centro de santa rosa de turrialba los anfitriones son muy atentos y las cabañas acogedoras,5,google_places_api,cabañas la naciente,2026-06-06
hermoso y excelente lugar atención increíble,5,google_places_api,finca buena vista,2023-11-12
lindo lugar para disfrutar en familia desconectado de todo,5,google_places_api,finca buena vista,2020-09-01
excelente lugar en todo el sentido,5,google_places_api,finca buena vista,2021-02-15
muy tranquilo,4,google_places_api,finca buena vista,2018-09-24
accesible y con vistas espectaculares del volcán hay que mantener prendido el fuego de la cocina de leña xq sino en la noche el frío puede ser terrible tienen internet refri microondas ducha cocina eléctrica y de leña hay cobijas pero mejor traer pijamas y cobijas bien calientes está suficientemente amueblado cada cabaña o cabina cuenta con 2 cuartos y cada cuarto cuenta con 2 ó 3 camas máximo 7 personas se asigna una cabaña por familia por 20mil colones por persona por noche es un muy buen lugar,5,google_places_api,volcan turrialba lodge,2025-11-30
está ubicado en un sitio espectacular y el alojamiento tiene mucho encanto sin embargo está muy descuidado la cocina está muy pobremente equipada y no hay agua caliente está muy alto y hace frío pero la calefacción que hay no es funcional es un lugar que con muy poco esfuerzo podría ser genial,3,google_places_api,volcan turrialba lodge,2025-07-14
lo único bueno tiene buenas vistas ya que está antes de ingresar turri fuera de eso el lugar deja todo para desear el precio de 30mil colones es razonable para una noche en un hotel pero esto no se le acerca a ser un hotel jamás es un complejo de habitaciones sumamente viejas y sucias donde ni siquiera hay agua caliente para bañarse el lugar parece abandonado el restaurante estaba cerrado y no habían personas hospedadas le hace falta cariño y una mejor administración al lugar no hay señas para ingresar ni saber dónde parquear de las peores experiencias pagando el precio que pagué hubiera podido encontrar algo mucho mejor,1,google_places_api,hotel green mountain turrialba,2024-01-03
la casa es muy bonita al estar rodeado de densa vegetación el acceso es para autos con altura medio para arriba las habitaciones sencillas pero con lo necesario para dormir tranquilamente sin ruido sólamente los de la fauna del lugar hay internet y televisión por cable la cocina con lo necesario para cocinar,5,google_places_api,natural paradise guest house,2025-07-22
vista muy bella y se pueden observar todo tipo de aves,5,google_places_api,natural paradise guest house,2020-10-10
gran belleza natural flora y fauna rios y ambiente tranquilo,5,google_places_api,natural paradise guest house,2019-06-09
las habitaciones son muy pequeñas aunque hay que decir que muy limpias no tienen aire acondicionado solamente ventilador lo que las hace muy calientes en verano cuenta con una cocina de uso común y el trato muy amable un poco lejos del centro de la ciudad pero en un barrio tranquilo,3,google_places_api,hospedaje yaldai,2023-11-16
el lugar es demasiado lindo las habitaciones súper limpias acomodadas los baños excelentes atención buenísima totalmente recomendado,5,google_places_api,hospedaje yaldai,2019-11-07
cerca del centro aprox 3 minutos en carro habitaciones pequeñas pero limpias con abanico buena atención y muy tranquilo,5,google_places_api,hospedaje yaldai,2023-07-31
muy bueno,5,google_places_api,hotel esmeralda,2026-02-14
excelente servicio los dueños son muy amables uy serviciales,5,google_places_api,hotel esmeralda,2022-06-14
exelente lugar de escuela y academia de tecnicas abanzadas de trapesistas sexuales de reconocimientos catedraticos solo masters,5,google_places_api,hotel esmeralda,2019-07-14
perdón no ví el hotel y si pase no me di cuenta estaba enfocado en otros asuntos,5,google_places_api,hotel esmeralda,2021-05-26
excelente en todo sentido de la palabra,5,google_places_api,hotel esmeralda,2023-11-03
cómodo y seguro,5,google_places_api,hostel aguilar,2020-02-14
el lugar es bonito le falta un poquito más de amor me quedaron debiendo en la privacidad ya que casas y otros glamping donde se pueden ver entre si para mí eso me quita la privacidad en cuanto al resto hay buen parqueo el aseo fue excelente el camino dentro de la propiedad es estrecho y con mucha pendiente si se topa otro vehículo de frente alguno de los dos debe retroceder todo el trayecto como consejo y sugerencia deberían de haber islas para esperar a que el otro vehículo pase,4,google_places_api,las colinas glamping,2026-07-02
pésimo lugar paños sucios manchados y mal olor los chalets mal pintados servicios que no funcionan mal mantenimiento del lugar los jacuzzis son diminutos y horribles las fotos no son lo que es no caigan en el engaño en el glamping deluxe no hay agua potable solo de un bidón de agua que se ve sucio por dentro,1,google_places_api,las colinas glamping,2026-04-23
las cabañas no están tan montaña como las imaginé están muy cerca de calle principal por lo que se escucha la música full y el karaoke de uno de los establecimientos de afuera el concepto de la fogata comunitaria muy bien el problema es que la ubicaron al centro de las cabañas y no tiene una hora de cierre por lo que cuando se reúnen si quieres descansar vas a tener a la gente hablando afuera hasta que se retiren y en mi caso la puerta no cerraba bien quedan rendijas y al frente de fogata fue fatal escuchar todo y no solo eso como están tan pegaditas pues las actividades nocturnas de una pareja se escuchaban por lo que el concepto descanso no funciona bien en estas cabañas si eso es lo que buscan recomiendo quedarse en otro lugar el servicio bien y el desayuno bien,3,google_places_api,casa tucan camping,2026-01-26
cómodas y lugar limpio,5,google_places_api,cabinas el angel,2025-09-04
las habitaciones son nuevas espaciosas y muy limpias ademas el lugar es muy tranquilo,5,google_places_api,cabinas el angel,2023-12-20
es un lugar muy espacioso y muy tranquilo y el personal es muy discreto y además es un lugar muy limpio,5,google_places_api,cabinas el angel,2024-01-17
muy limpias cómodas y discretas,5,google_places_api,cabinas el angel,2023-12-24
comida deliciosa atención exquisita de su propietaria la cabina es muy sencilla y le faltan comodidades cómo agua caliente,4,google_places_api,cabinas el almendro,2019-02-11
comida casera muy buena,4,google_places_api,cabinas el almendro,2018-05-06
no le faltó nada de lo ofrecido si quieren estar cerca de la naturaleza lo recomiendo mil por mil,5,google_places_api,casitas eco bambú,2022-10-23
excelente servicio e instalaciones rodeado de naturaleza,5,google_places_api,casitas eco bambú,2023-08-18
es correcto este lugar no existe,1,google_places_api,cabinas el bambú,2026-06-30
el lugar no existe,1,google_places_api,cabinas el bambú,2025-12-22
soda de comida rápida variedad de menú la comida es hecha en el momento es bastante comida y muy rica las porciones son grandes el lugar es un lugar medianito lugar familiar para compartir precios económicos,5,google_places_api,soda elena,2025-11-02
pongo esta calificación por ciertas cosas que observé primero el hecho que quería café está en el menú y no había según que la comida estando lista en la ventanita el muchacho que servía se puso a hablar y tardo un poco en darnos la tercero estaban atendiendo a otras personas y nuevamente se puso a hablar y duro en entregar la orden de dicha mesa puntos de mejora sería bueno que el acceso de la cocina se más lejos que la caja retirar las cortinas negras porque aparenta que la soda está cerrada por lo demás las papas estaban deliciosas el pan de la hamburguesa está un poquito duro pero comible el fresco de frutas si está sumamente dulce y el precio muy bueno así que lo recomiendo vayan el local tiene pintura llamativas de lo que ofrecen,4,google_places_api,soda elena,2025-03-26
decepción total la primera vez pedí unas papas y fue un baño de salsas queso y repollo qué en la vida me imagine y la segunda vez pedi la hamburguesa con papas primero le ponen un palillo de dientes dentro de la hamburguesa y no avisan segundo pido sin lechuga ni tomate y viene con eso luego la torta toda tiesa y el jamón todo frio sin hablar del trato de los peores servicios al cliente de la historia nunca más,1,google_places_api,soda elena,2025-11-16
sodita ubicada en el centro de turrialba a la par del hotel la esmeralda abre a las 6 am exc para cuando se require trabajar temprano fin de semana o entre semana los precios son muy económicos y la comida muy rica y fresca pedí un pinto con 2 huevos rancheros maduros y pancito más cafe con leche y pagué 2600 colones recomendadísimo,5,google_places_api,soda octubre29,2025-11-02
un lugar increíble para comer super rico todo y la atención de las chicas super linda tambien es bastante barato y todo bonito como cuidan a las chicas que visitan en el baño tienen toallitas sanitaria,5,google_places_api,soda octubre29,2026-04-12
fuimos un grupo grande a desayunar y no tardaron mucho en atendernos a todos estaba todo buenísimo,5,google_places_api,soda octubre29,2026-05-25
un buen lugar para ir a comer cualquier momento del día pedí una tortilla palmeada de queso y sinceramente fue la mejor tortilla palmeada de queso que he probado en toda mi existencia excelente servicio sólo decir que el fresco de té frío no fue muy de mi agrado fuera de todo muy bien un ambiente tranquilo seguro y familiar nuevamente decir que la tortilla palmeada de queso la estrella de la casa,5,google_places_api,la eskina soda cafeteria,2025-05-25
muy buenas comidas,5,google_places_api,soda donde tavo turrialba,2024-07-09
excelente,5,google_places_api,soda donde tavo turrialba,2021-06-25
muy buena,5,google_places_api,soda la deportiva,2025-01-21
comidas rápidas de muy buena calidad,5,google_places_api,soda la deportiva,2019-06-17
única en su especie,5,google_places_api,soda la deportiva,2019-05-06
todo excelente los precios súper buenos y el servicio rápido pasamos a desayunar y otra vez a almorzar muy buen sazón volvería hoy y siempre,5,google_places_api,soda la eskina 2,2025-09-15
buenísimo y barato excelente lugar para comer cuando uno pasa por turrialba,5,google_places_api,soda la eskina 2,2026-04-28
el casado que pedí delicioso el picadillo muy rico y el bistec encebollado ni se diga recomendado,5,google_places_api,soda la eskina 2,2025-04-21
un lugar con más de 45 años de historia deliciosa comida y personal muy amable,5,google_places_api,soda la cañada mercado de turrialba,2025-01-25
el pollo con papas estaban riquillas las papas no sé como le venden un pollo quemado y ni les importa y las fotos no reflejan la realidad estaban peor,1,google_places_api,soda de may,2021-07-14
la comida estaba bien tenía buen sabor y la presentación estaba bien cuidada incluso siendo para llevar el problema tal vez fue el tiempo porque para ser solo 3 personas y todas del mismo núcleo no había nadie más en el restaurante si me parece que 20 minutos es un poco excesivo pero al menos toda la comida estaba fresca el ambiente durante la espera se sentía un poco apagado pero la pecera es interesante,4,google_places_api,soda de may,2023-10-27
se come muy rico de verdad a un precio cómodo,5,google_places_api,soda de may,2025-04-30
comida bien elaborada y rica un lugar muy limpio y agradable atención eficiente,5,google_places_api,soda de may,2019-05-30
cafeteria muy bonita limpia y acogedora solo pasé por un café con budín los precios muy convenientes y buena comida,5,google_places_api,soda y cafetería mas q café,2026-02-26
rico un lugar familiar muy aseado con parqueo al frente y céntrico con boleta sino a 25mts hay un parqueo público pasamos por un desayuno,5,google_places_api,soda y cafetería mas q café,2023-11-08
una soda en el centro de turrialba con amplio menú buen precio limpia y agradable bien ambientada y exquisitamente atendída delicioso el rice and beans y los casados del día buen café,5,google_places_api,soda y cafetería mas q café,2024-11-09
un lugar agradable muy limpio súper ágiles para atender y preparar la alimentación música a un nivel agradable,4,google_places_api,soda y cafetería mas q café,2025-05-23
es la mejor soda en la que he comido enserio tienen que probarlo,5,google_places_api,soda kaday s,2018-01-12
una soda excelente todo super rico,5,google_places_api,soda kaday s,2018-09-29
excelente sabor de cada platillo ademas el servicio es espectacular y la calidad precio es más que justa super recomendable,5,google_places_api,soda cata,2023-08-16
las mejores chalupas del mundo las como desde hace años y no me canso simplemente magníficas,5,google_places_api,soda cata,2023-10-20
todo muy rico la atención al cliente muy amable,5,google_places_api,soda cata,2023-12-03
muy buena comida y excelente atención,5,google_places_api,soda anita,2026-06-24
rice and beans con pollo delicioso totalmente recomendado,5,google_places_api,soda anita,2025-09-02
una excelente experiencia tanto en comida como en servicio se tarda un poco en salir la comida pero son sumamente serviciales y amables la comida además es de excelente calidad y realmente rica el lugar es pequeño y cuenta con pocas mesas por lo que no es apto para grupos de personas el baño es el mismo de todos los demás locales pero a lo que he visto lo mantienen limpio y ordenado cuenta con parqueo semi amplio,5,google_places_api,secret coffee,2025-07-12
el servicio fue super personalizado por parte del staff y el dueño don eugenio es muy simpático y atento pedí un pastel de pollo y un té chai frío ambos deliciosos me llevé también un tres leches con flan para compartir con mi pareja y sinceramente debí haberme llevado dos ese día fui con una amiga solo a tomar café pero vimos salir varios platos fuertes de la cocina y se veían brutales 100 recomendados,5,google_places_api,secret coffee,2025-10-16
el local es pequeño tiene dos mesas y una pequeña barra no obstante también ofrece mesas en exteriores allí es donde hay más espacio lo malo es que si llueve dejan de ser una opción la atención es inmejorable son muy serviciales se esmeran por hacer qué el cliente se sienta bienvenido el sabor de los alimentos estuvo muy bien excepto por el fresco de maracuyá a este le faltaba fruta los precios son elevados los baños son los del centro comercial los mismos para todos los locales se ubican en la parte de atrás,4,google_places_api,secret coffee,2024-10-01
se trata de una pequeña panadería cafetería en el centro de turrialba tienen muchas opciones de repostería los precios son muy accesibles cuentan con alrededor de cinco mesas el local se ve muy limpio la atención es excelente y expedita el sabor de los productos es muy bueno pero deben saber que el café es instantáneo no de máquina de expreso la música que pusieron en mi visita fue muy agradable y apropiada para la ingesta de alimentos,5,google_places_api,betania coffee bakery,2024-07-04
la comida es muy rica y las personas que trabajan súper amable vale la pena,5,google_places_api,betania coffee bakery,2025-09-27
excelente atención y productos el mejor pan y los precios justos,5,google_places_api,betania coffee bakery,2024-07-19
personal atento y amable productos ricos y buena porción,4,google_places_api,betania coffee bakery,2024-08-22
un lugar muy hogareño y acogedor la ensalada con salmón estaba deliciosa y el tamaño de la porción era generoso creo que se les olvidó el aderezo que se supone trae pero fuera de eso el platillo estaba muy bueno el salmón estaba muy bien salteado los patacones estaban muy buenos también excelentes acompañamientos el servicio era muy amable y rápido y el baño estaba limpio y ordenado la iluminación y decoración del lugar es muy hogareña y acogedora es como ir a comer a la casa de un amigo en general una experiencia muy agradable quiero volver más temprano para probar las opciones de cafetería,5,google_places_api,del barrio cocina café,2026-06-21
excelentes postres excelente atención y unos frappés deliciosos,5,google_places_api,kap coffee shop,2022-06-22
excelente atención,5,google_places_api,kap coffee shop,2022-09-03
un lugar que vale la pena visitar para saborear de una panadería de alta calidad su repostería es fresca y se nota la calidad de sus ingredientes siempre sorprendiendo con algo diferente en su menú en mis dos visitas ha habido algo diferente el café por igual es buenísimo pasen a darle una oportunidad a este nuevo proyecto no se arrepentirán,5,google_places_api,gigi s bakery,2025-06-15
espectacular comimos un budín que estaba tan deli que ni le tomé foto y la torta chilena y queque de chocolate que estaban deliciosos el café en v60 en su punto y la atención buenísima,5,google_places_api,gigi s bakery,2025-09-19
un lugar con gusto sabor y tradición aquí el concepto farm to table se vive en cada plato ingredientes frescos producto local y cocina hecha con dedicación el pan artesanal de masa madre llega a la mesa con ese aroma que abre el apetito y marca el inicio de la experiencia cada detalle suma sabores honestos ambiente cuidado y una experiencia culinaria que se disfruta sin prisa,5,google_places_api,bria café,2026-03-15
muy bonito buena atención del personal,4,google_places_api,parque el arca de noé,2026-02-17
el zoológico es pequeño y si se visita este lugar vale la pena entrar a las piscinas también es un lugar bonito para pasar la mañana y si se toma en cuenta la obra de bien social tan importante que se está ayudando es un lugar muy adecuado para pasar unas horas si va solo al zoológico o todo el día en familia si visita también el balneario las condiciones del canil donde están los perros necesitan unas mejoras urgentes,4,google_places_api,parque el arca de noé,2025-07-17
un hermoso lugar con juegos mecanicos comida 3 piscinas y con hermosos animales en el zoologico y muy bien cuidados y alimentados monos loras osos perezozos aguilas cocodrilos tortugas un venado y toros y vacas gigantes cabras y ovejas muy bueno para la familia,5,google_places_api,parque el arca de noé,2024-03-28
excelente lugar para visitar con niños y en familia tienen muchos animales están muy bien cuidados y el lugar es céntrico pequeño y se recorre en poco más de una hora lo recomiendo muchísimo porque además ayudamos a los niños huérfanos,5,google_places_api,parque el arca de noé,2018-11-16
el jardín de dota es uno de los mejores lugares de montaña de costa rica hay cabañitas de madera y vistas paradisiacas que junto a un clima frío hace esta de una aventura increíble,5,google_places_api,jardín de dota,2025-03-26
es el paraíso terrenal el más bello sitio de costa rica fresco aire puro belleza escénica y tranquilidad insuperable,5,google_places_api,jardín de dota,2025-09-22
precioso lugar para apreciar la naturaleza,4,google_places_api,jardín de dota,2025-08-30
un excelente día de tour en la granja de cafe,5,google_places_api,jardín de dota,2025-05-11
gracias tour aventura por ayudarnos a hacer este sueño realidad quedamos altamente agradecidas por la atención amabilidad y paciencia que recibimos por parte de todo el equipo principalmente adrián que nos recibió y atendió con tanto esmero y dedicación en cancún pronto conversamos para planificar el próximo viaje,5,google_places_api,agencia de viajes tour aventura,2025-01-30
súper recomendado viajar con tour aventura desde la atención de quien responde los mensajes de whatsapp hasta la atención de los guías es increíble todos súper atentos amables y con una excelente disposición los precios están muy buenos e incluía el transporte desde y hacia san josé desayuno almuerzo frutas y café y el viaje a la isla definitivamente voy a volver a pasear con tour aventura,5,google_places_api,agencia de viajes tour aventura,2024-10-27
la confianza que me inspiró isaac me ayudó a vencer mis miedos y poder vivir una experiencia única haciendo canyoning por primera vez,5,google_places_api,pura aventura costa rica,2026-03-14
excelente experiencia guía de calidad tienes la certeza de que vas muy seguro y principalmente es muy comprensivo y motivacional recomendado,5,google_places_api,pura aventura costa rica,2026-03-14
fue mi primera vez haciendo canyoning y lo amé gracias a isaac y equipo por siempre hacerme sentir segura y con confianza 100 recomendados gracias también por las fotos 10 10,5,google_places_api,pura aventura costa rica,2025-07-21
muy bueno el tour super recomendado,5,google_places_api,aventura costa rica tours,2026-04-10
increible tour super recomendado,5,google_places_api,aventura costa rica tours,2026-04-10
puriscal un lugar de la ciudad gustoso para promocionar una cascada así como turismo rural,3,google_places_api,catarata el salto del indio san miguel de puriscal costa rica,2025-09-17
un lugar de gran variedad de aves y calides limonence q contribuye con la reforestacio,5,google_places_api,avistamiento de aves el guayacán,2025-12-30
un lugar muy hermoso rodeado de naturaleza con una paz que no se cambia por nada del mundo,5,google_places_api,avistamiento de aves el guayacán,2023-06-02
lugar hermoso para comunicarse con la naturaleza excelente atención de su propietario erick,5,google_places_api,avistamiento de aves el guayacán,2023-06-01
bellísimo lugar sus senderos vista y canto de los pajaritos recomendado,5,google_places_api,avistamiento de aves el guayacán,2023-06-01
super recomendado comida deliciosa,5,google_places_api,avistamiento de aves el guayacán,2023-06-01
bonita experiencia,5,google_places_api,birdwatching dominical avistamiento de aves y naturaleza,2025-03-28
lindas vistas buena comida y buena atención ideal para practicar avistamiento de aves o caminar por la montaña,5,google_places_api,albergue ecológico avistamiento de aves tapantí finca hongos tapantí,2018-06-06
los guías locales romain e ignacio tienen mucho conocimiento son amables educados tienen paciencia para explicar y hacen todo lo posible para que uno vea el quetzal y el pájaro campana los recomiendo a ambos,5,google_places_api,tours romain arias avistamiento de aves,2019-05-01
don roman tiene una gran pasión y amor por el bosque nuboso el tour ofrece una experiencia valiosa pudimos ver al quetzal desde su nido totalmente recomendado,5,google_places_api,tours romain arias avistamiento de aves,2021-04-04
muy buen servicio de guía para observación de aves great guide service for birdwatching,5,google_places_api,tours romain arias avistamiento de aves,2019-04-18
es un paraíso natural alejado virgen con bellísima flora y fauna fue un domingo para cambiar pantallas y estrés de la semana y respirar aire puro los senderos son muy señalizados no hay donde perderse dense la oportunidad de visitar un lugar tan increíble gracias jorge y familia por este paraíso natural,5,google_places_api,bosque nuboso palo verde,2026-04-06
empezando por el camino se debe ir en carro 4x4 o 4x2 pero puede que le cueste en especial el último km después del portón sobre todo a la salida el lugar tiene varios senderos muy bien señalizados gran cantidad de pájaros y plantas los amantes de los hongos lo van a disfrutar el sendero de 11 km está bueno como entrenamiento es un intermedio hay bastante pendiente además si se visitan las cataratas se hacen unos 15 km buen hiking muy recomendado,5,google_places_api,bosque nuboso palo verde,2025-07-01
una experiencia maravillosa un lugar con senderos hermosos y muy bien marcados no hay necesidad de guía hay dos cascadas lindisimas el circuito largo son 13kms de una dificultad media en los senderos se puede ver variedad de hongos y muchos árboles y plantas se escucha el canto de distintas aves el costo de la entrada es de 3 mil colones y se debe coordinar con josé masis tienen parqueo gratuito y baños,5,google_places_api,bosque nuboso palo verde,2025-07-12
el lugar es muy bonito y seguro se accede a través de una servidumbre larga y está ubicado al fondo justo al lado del río hay espacio para montar tiendas cerca del río y a pesar de estar en una zona cálida el lugar es muy fresco gracias a la naturaleza y la proximidad al agua la naturaleza que rodea el sitio de camping es muy hermosa y cuenta con todos los servicios necesarios incluyendo un rancho con cocina y baños muy limpios,5,google_places_api,campos azules birding tours christian camp,2025-08-11
es un lugar que se respira paz es muy rico en su flora y por lo tanto atrae la fauna se ver hermosas y diversos tipos de aves el río es un sueño su agua fría y cristalina y la parte culinaria es una delicia por sus ingredientes naturales producidos ahí mismo la parte más bella son sus anfitriones personas llenas de dios y amables con calor humano y vestidas de humildad definitivamente dios hizo una obra de arte y nos premió para poder disfrutar de ella,5,google_places_api,campos azules birding tours christian camp,2022-09-26
lindo lugar muy tranquilo y familiar muy bueno para observar aves y con una poza muy linda y fresca lo recomiendo mucho,5,google_places_api,campos azules birding tours christian camp,2022-09-26
es un lugar súper agradable desconectado del mundo y el stress ambiente de paz y avistamiento de aves en todo momento,5,google_places_api,campos azules birding tours christian camp,2021-08-21
muy bueno para para disfrutar de la naturaleza y hacer avistamiento de aves lo recomiendo de paso entre san josé y limón apoye al emprendor local y haga turismo rural,4,google_places_api,el viejo del monte,2026-06-12
la universidad de costa rica probablemente tiene cosas que mejorar sin embargo es un centro de enseñanza comprometido con el desarrollo del país en todas las áreas de ahí que referirse a sólo una escuela no es lo apropiado un alto porcentaje de buenos profesionales han pasado por aquí,4,google_places_api,ucr escuela de biología eb,2023-08-01
instalaciones muy cuidadas y modernas la colección entomológica y el herbario son una maravilla,5,google_places_api,ucr escuela de biología eb,2025-12-21
la universidad de costa rica tiene que parar con la des forestación de árboles que esta haciendo ya que muchos de sus especies se están perdiendo de sus campos ya en más de 20 años se nota la gran des forestación de sus campos,5,google_places_api,ucr escuela de biología eb,2020-01-22
es super lindo caminar x esa parte de la ucr muy tranquilo se escuchan muchísimos pajaritos hay un hotel de abejas y el mariposario,4,google_places_api,ucr escuela de biología eb,2021-05-14
mucha biología presente excelente servicio 5 estrelllas,5,google_places_api,ucr escuela de biología eb,2025-08-08
disponible para alquilar espacios para cursos eventos y actividades también cuenta con un espacio pequeño insonorizado para grabar podcast y contenido,5,google_places_api,colegio de biólogos de costa rica,2026-05-22
recibí una charla en un salón con mala organización de las mesas hay que darle prioridad a la seguridad,3,google_places_api,colegio de biólogos de costa rica,2019-08-02
buena ubicación,5,google_places_api,colegio de biólogos de costa rica,2022-10-13
en 1974 octubre un año después de la creación de la una fuimos incorporados con la guía del dr rolando mendoza como director a la tarea de desarrollar el departamento de biología específicamente en la carrera de bachillerato en biología que se nutria con estudiantes provenientes de la escuela normal superior que vino a ser sustituida por nuestra unidad académica ahí empezó nuestra historia que se extendió hasta mayo del 2012 pienso que a algunos podría interesar este breve apunte de los primeros días,5,google_places_api,escuela de ciencias biológicas,2025-08-21
como te quiero escuela magnifica,5,google_places_api,escuela de ciencias biológicas,2022-10-09
excelente preparación académica,5,google_places_api,escuela de ciencias biológicas,2025-10-18
bien,5,google_places_api,escuela de ciencias biológicas,2020-01-19
centro de servicios al público e investigación en biotecnología modernos equipos y diferentes servicios al sector ambiental agrícola y biomédico,5,google_places_api,centro de investigación en biotecnología cib,2021-03-09
en centro en investigaciones biotecnológicas avanzadas,5,google_places_api,centro de investigación en biotecnología cib,2017-04-14
muy lindo,5,google_places_api,centro de investigación en biotecnología cib,2020-12-30
es un sitio muy bonito pero de acceso restringido para la investigación por ahora no hay servicios esperamos que pronto se pueda ingresar más fácilmente y contar con servicios en la estación de la universidad de costa rica,5,google_places_api,reserva biológica alberto manuel brenes,2021-03-29
ojalá la ucr haga pronto la inversión para tener las instalaciones en buen estado increíble lugar para investigación,5,google_places_api,reserva biológica alberto manuel brenes,2023-11-18
de los mejores lugares para la investigación y estudio de la riqueza de cr,5,google_places_api,reserva biológica alberto manuel brenes,2016-10-11
excelente investigación en la ucr,5,google_places_api,centro de investigación en biología celular y molecular cibcm,2021-06-15
en el 2016 conocí a marisol y me ha ayudado muchísimo en mi vida la he recomendado a más de 15 personas y todo mundo sumamente satisfecho ella es una maestro del subconsciente de los factores ocultos que nos impactan nuestra salud ánimo y hace que tomemos decisiones de cierta forma en mi experiencia con ella he aprendido mucho sobre la mente gracias marisol,5,google_places_api,ecuanimes decodificación biológica en costa rica,2023-11-07
mi experiencia con marisol fue muy gratificante ella es una persona muy amable y profesional desde la primera sesión empecé a experimentar algunos cambios y le tengo mucho agradecimiento por su ayuda por medio de la biodescodificacion,5,google_places_api,ecuanimes decodificación biológica en costa rica,2023-11-14
marisol ha sido un ángel en mi vida y en la de mi familia llegué dónde ella con un tumor en el útero y médicamente declarada estéril desde los 15 años y trabajando con ella conflictos de mi mamá hoy tengo a una princesa de 3 años conmigo y ese tumor desapareció ella me cambió por completo la manera de ver la vida y de entender todo lo que nos pasa tengo amigas que han superado situaciones tan complicadas que ni con todo el acompañamiento profesional habían podido trascender y se han sanado de enfermedades cómo cáncer de cuello de útero con el acompañamiento de mari que si la recomiendo creo que todos absolutamente todos en la vida deberían regalarse la oportunidad de tener una sesión con ella es como empezar a armar el rompecabezas de la vida de cada uno y ahora sí con cada pieza en su lugar poder entender porque somos de x manera lo que sentimos cómo reacciona nuestro cuerpo lo que expresa la información guardada que tiene que ni siquiera nuestro cerebro conoce me permitió dejar de juzgarme y juzgar a los demás y entender que somos seres tan maravillosos completos y mágicos que tenemos la capacidad de crear lo que sea que queramos gracias por existir y llegar a mi vida mari,5,google_places_api,ecuanimes decodificación biológica en costa rica,2023-11-12
la experiencia con marisol ha sido transformadora he podido canalizar emociones sentimientos y ver la vida desde otra perspectiva super recomendada,5,google_places_api,ecuanimes decodificación biológica en costa rica,2023-11-11
gracias al proceso que he llevado he tenido cambios importantes en mi vida en aspectos de salud emocionales y de relaciones la comprensión tan profunda que he logrado a través de las terapias y la guía de marisol me coloca totalmente en otro lugar en mi vida un lugar donde la prosperidad toma un nuevo sentido total bienestar en todas sus posibilidades gracias por toda tu ayuda marisol,5,google_places_api,ecuanimes decodificación biológica en costa rica,2023-12-04
esta lleno de cocodrilos y las autoridades se hacen de la vista gorda porque no les importa solo la plata les interesa,2,google_places_api,playa blanca,2021-01-08
mucha basura ni me pude meter bolsas flotando en el agua y demas basura,1,google_places_api,playa blanca,2023-05-21
hace un mes fuimos a limon queria conocer playa bonita me habian dicho siempre que la gente de limon es muy hospitalaria pero la experiencia fue lo contrario la gente super agresiva no conociamos ni sabiamos adonde comer ibamos despacio tratando de ubicarnos en el centro de limon y nos pitaban y gritaban cosas como que las personas estan estrezadas y creen que el pais es suyo 4 horas de viaje para tenerque devolvernos sin disfrutar porque tan siquiera pudimos comer una muy mala experiencia la verdad esuna pena,1,google_places_api,poza playa bonita,2025-12-18
piscina natural muy buena honda pero hay mucha vida acuática peces cangrejos entre otros agua cristalina pero hay que llevar zapatos buenos para el agua y para ir ya que en el camino hay muchos corales secos que lastiman se no se lleva buen calzado,5,google_places_api,poza playa bonita,2025-06-01
la poza de playa bonita o poza de portete es un destino imprescindible para quienes buscan una experiencia auténtica en contacto con la naturaleza su combinación de aguas cristalinas senderos fascinantes y tranquilidad la convierte en un lugar ideal para relajarse y explorar es un tesoro que merece ser disfrutado y conservado es un destino natural perfecto para los amantes del turismo ecológico y el senderismo este lugar ofrece una experiencia única que combina belleza natural aventura y tranquilidad consejos para visitantes llevar calzado cómodo repelente de insectos protector solar y agua suficiente agua profunda saber nadar,5,google_places_api,poza playa bonita,2025-01-26
fuimos alrededor de las 10 am solo había cedimento supongo que la poza se ve más bonita cuando sube la marea,3,google_places_api,poza playa bonita,2025-04-29
lo que más me llamó la atención fue el estado de limpieza de las instalaciones el piso de la sala de masaje se veía sucia con signos evidentes de falta de limpieza había varios ganchos para el cabello tirados en el piso y una cantidad importante de polvo algo que resulta especialmente preocupante en un lugar dedicado al bienestar y la relajación los baños estaban peor son bonitos pero estaban sucios los sillones de la sala de estar estaban manchados en cuanto al masaje la calidad fue regular y no estuvo a la altura de lo que esperaba por el servicio ofrecido además al solicitar un té con sustituto de azúcar me indicaron que no contaban con esa opción considero que la limpieza la atención a los detalles y la calidad del servicio son aspectos fundamentales en un spa lamentablemente en esta ocasión la experiencia no cumplió con mis expectativas lo único que reconozco es que a diferencia de otras ocasiones el personal fue muy cordial la recepcionista era amable,2,google_places_api,presence spa wellness center at intercontinental,2026-05-31
fué la propiedad del sr josé maría castro madriz último jefe de estado y primer presidente de la recién constituida república de costa rica aunque esté en gran abandono el recorrerlo permite reflexionar sobre nuestra historia que pocos valoran,5,google_places_api,museo nacional de la carreta,2021-05-09
varias carretas y dos casas de adobe una de las casas está por repararse así que no puede verse por dentro,3,google_places_api,museo nacional de la carreta,2025-08-04
super lindo estar acá esta edificación se merece el premio a patrimonio social y cultural costarricense se pueden apreciar grandes emblemas y símbolos nacionales incluyendo el pabellón nacional costarricense hay banderas por doquier guarias moradas también pude apreciar el hecho que existe un salón completamente dedicado tanto a super inventos de antaño como el transformador bobinas reles motores e inclusive inventos novedosos y actuales como la red funcional hidroeléctrica representada por la planta hidroeléctrica del río reventazón o las innovaciones geotérmicas y plantas solares estas muy bien representadas por imágenes fotográficas e inventos muy llamativos para medir la cantidad de fotones que llegan hacia una placa de grafito o carbono 12 jjjj s u p e r r e c o m e n d a d o i r y a p r e c i a r l o m á s p o s i b le ddddd,5,google_places_api,museo histórico y tecnológico del grupo ice,2018-10-22
demasiado hermoso es digno de admirar las cosas que se llegaron a usar en la comunicación en un pasado y ver lo que hoy tenemos el ice es el ice lástima que los que llegan a administrar le quieren hacer mucho daño y el pueblo junto debemos cuidarlo,5,google_places_api,museo histórico y tecnológico del grupo ice,2019-12-14
es un lugar ideal para conciertos al aire libre céntrico de fácil acceso y un ambiente tranquilo y seguro el terreno forma un anfiteatro natural idóneo,5,google_places_api,anfiteatro natural del museo de los niños,2023-03-28
hay que tomar en cuenta que la ubicación de este lugar se encuentra por los peores barrios de la capital recomiendo ir en auto nunca caminando,4,google_places_api,anfiteatro natural del museo de los niños,2025-12-16
muy bien distribuido el espacio el acceso es muy cómodo hay varios parqueos buena seguridad y sobretodo es muy céntrico perfecto para eventos al aire libre,5,google_places_api,anfiteatro natural del museo de los niños,2019-04-13
yo estaba muy emocionada,5,google_places_api,anfiteatro natural del museo de los niños,2022-12-05
"mayela es una señora dulce y acogedora. Generalmente no recomendaría reservar un hotel en esta área porque parece inseguro, pero está a poca distancia de la terminal de autobuses tracopa y es una casa de huéspedes fantástica si necesita un hotel en esa área. La habitación y el baño son muy cómodos y limpios. Hay una cocina bonita y limpia. Me encantó quedarme allí.",5,google_places_api,casa mayela,2026-02-25
"nuestro grupo de 4 personas se hospedó en el albergue hermano de rancho naturalista colina abajo desde el albergue principal rancho naturalista rancho bajo ambos albergues son administrados por los mismos dueños nos encantaron las habitaciones de rancho bajo son enormes, funciona con Internet toneladas de aves alrededor del albergue realmente no necesitaban viajar a ningún lado para ver 20 tipos diferentes de colibríes la comida era maravillosa y rancho bajo estaba menos lleno y más como su alojamiento personal en comparación con rancho naturalista ambos albergues estaban increíblemente limpios y el personal era divertido, muchos de ellos nos avisaban sobre nuevas aves, vida silvestre que acaban de ver alrededor del albergue y extremadamente flexibles en cuanto a la preparación de alimentos, tipos de comida, sacar comida para atraer a las aves, limpiar las habitaciones, etc., ya estamos planeando un viaje de regreso siempre y cuando podamos conseguir las habitaciones de arriba en rancho bajo, que se abren directamente al gran balcón con los comederos para colibríes, oropendula y habitaciones de enredaderas de madera.",5,google_places_api,rancho naturalista,2026-03-02
buena comida para toda la familia incluso opciones vegetarianas y buenos precios por la cantidad de comida,5,google_places_api,soda asia,2019-05-28
propiedad muy hermosa el hotel en sí es como un hermoso jardín a 5 minutos a pie del supermercado y de la ciudad principal para comer estacionamiento privado con puerta cerrada con llave por la noche lo único a tener en cuenta es que la selección de desayuno es muy limitada,5,google_places_api,hotel claro de luna,2026-04-04
"Tuvimos una excelente experiencia, el servicio es muy amable y atento. La cena en el jardín es una experiencia muy agradable con buena iluminación y un hermoso cielo sobre nosotros. La comida estuvo excelente. Recomiendo completamente los ñoquis a la sorrentina. También pedimos el carpaccio de salmón como aperitivo y agregamos una focaccia blanca. Fue increíble. Consideraría una cena elegante dados los precios, pero la comida era buena. Mi compañero comió el filetto la gorgonzola y fue muy vívido. Ojalá hubiéramos podido comer postre, pero estábamos muy llenos. son generosos",5,google_places_api,restaurante la dolce vita,2026-03-25
"una experiencia inolvidable en rancho cielo alto el espíritu de la comida y el ambiente en general son realmente excepcionales los asientos para la cena a las 5:00 p. m. están en el momento perfecto para disfrutar de las espectaculares vistas y una increíble puesta de sol, lo que hace que toda la experiencia sea aún más especial. memorable. Realmente no puedo alabar lo suficiente este lugar y al equipo. Una visita obligada.",5,google_places_api,rancho cielo alto,2026-03-18
Me alojé solo una noche. Personal amable y servicial. Ubicación conveniente cuando pasa y viene del aeropuerto. Interior de buen gusto. Excelente desayuno.,4,google_places_api,fleur de lys hotel,2026-01-22
"Paramos en nuestro camino a los Llanos de Cortez, comida deliciosa, no te la pierdas, excelentes porciones y jugo fresco a un precio decente, prueba la maracuyá o la casa deliciosa. Tuve el plato de pollo con salsa que venía con una ensalada regular y una ensalada de macarrones que estaba deliciosa.",5,google_places_api,soda la negrita,2026-04-04
"La primera vez que nos hospedamos en un albergue, las habitaciones eran agradables y los baños con aire acondicionado dentro de nuestra habitación real no funcionaban, aunque la construcción, la sección del techo era realmente genial, un gran lugar para todos en el albergue, definitivamente lo recomendaría ya sea para pasar la noche o por un período prolongado.",4,google_places_api,tamarindo hostel resort,2017-03-13
"Un bonito lugar para ver alguna parte cultural del país. Además, el edificio es muy bonito y está cerca de la ópera y el teatro. Puedes comprar entradas directamente en el museo cuando lo visitamos, no hubo tiempo de espera. El precio ronda los 8.400 crc para adultos.",5,google_places_api,museos del banco central de costa rica,2026-01-06
Las arepas estaban deliciosas y el servicio excelente. Definitivamente necesito probar la reina pepiada y la pelua.,5,google_places_api,arepazo,2026-04-24
"Comida típica de CR Servicio muy amable Pensé que estaba al final de mi viaje de 10 días y todos los restaurantes habían sido honestos, no este. Me culpo por bajar la guardia, pero me cobraron alrededor de 30 más que el precio de nuestra comida. Evite que no sean honestos.",1,google_places_api,soda la concha loca,2025-11-26
"choco café monteverde es un excelente restaurante para disfrutar de una comida deliciosa en un ambiente acogedor y acogedor, el menú ofrece platos frescos y sabrosos, el servicio es amigable y su café es excelente. Nuestros expertos tropicales, los huéspedes de Costa Rica siempre disfrutan de parar aquí para almorzar, cenar o tomar un café relajante mientras exploran Monteverde. Muy recomendable.",5,google_places_api,choco café restaurante y cafetería,2026-07-04
"Las ventajas de este hotel son la ubicación, las camas cómodas y el personal increíble. Teníamos una habitación frente a la playa con un balcón, lo cual es dinero extra. Me imaginé tomando un café por la mañana sin tener que vestirme, bajar y pagar 5 por cada taza, lo cual sin cafetera en la habitación era la única opción. No había vasos en la habitación para tomar una copa por la noche ni siquiera un vaso para enjuagarse la boca cuando se cepilla los dientes. algunos cajones, pero otra habitación tenía menos espacio para la ropa. No hay asientos para el hotel en la playa. Los asientos allí son de un particular que quería cobrar 20 por usar las tumbonas. En general, el hotel es bonito, pero sin las comodidades para disfrutar de la habitación no vale la pena.",3,google_places_api,lia hotel jaco adults only,2026-06-01
"Los guardias fueron muy atentos y amables. Fuimos al museo con la familia y disfrutamos mucho de nuestro tiempo después de que nos fuimos, nos dimos cuenta de que habíamos dejado una bolsa con mi sombrero para el sol y algunos recuerdos en algún lugar del museo. Tomamos un Uber de regreso al museo, pero teníamos pocas esperanzas de que nuestra bolsa todavía estuviera allí. Sorpresa, los guardias habían rescatado nuestra bolsa y la habían guardado en la recepción para nosotros. Aprecio sinceramente sus esfuerzos y el museo y el jardín de mariposas eran encantadores. 5 estrellas",5,google_places_api,museo nacional de costa rica,2026-03-08
"Vaya, esta fue una experiencia de 10, 10, el camarero Carlos fue extremadamente amable, la comida deliciosa y la música perfecta para el lugar, la manera perfecta de terminar nuestro viaje en Costa Rica.",5,google_places_api,pasta pronto express y catering,2026-03-26
"Fue una gran experiencia, una hospitalidad increíble, la comida fue fantástica y nos hicieron sacar números de un sombrero para ganar una bolsa para la casa. Lo recomiendo encarecidamente.",5,google_places_api,restaurante el fogoncito,2026-07-07
"la arquitectura es increíble, la piscina era increíble, las habitaciones estaban limpias pero muy anticuadas, la gente era maravillosa y, aunque me decepcionaron un poco las habitaciones en sí, cada habitación tiene un enorme balcón en la terraza y era realmente bastante cómoda si buscas una experiencia w o ultra moderna, este no es el lugar para ti, pero si quieres estar cerca de la playa en un lugar seguro y acogedor con una terraza y una piscina increíbles, deberías quedarte aquí. Realmente apreciamos lo encantador que fue el personal.",5,google_places_api,toro blanco,2026-01-31
"chez coco es un encantador lugar para desayunar de inspiración francesa en santa teresa con un ambiente playero relajado, los tazones de batidos son frescos y coloridos y los platos de huevo están perfectamente preparados con ese simple toque francés. Un lugar encantador para comenzar el día con excelente comida y buenas vibraciones.",5,google_places_api,chez coco,2025-11-12
"lugar realmente increíble comida increíble cocina amplia buen menú con muchas opciones personal súper amable y amigable y probablemente una de las vistas más increíbles de cualquier bar restaurante en la azotea en el que he estado, una verdadera experiencia de 5 estrellas y comida, mi única crítica sería la misma que le doy a todos los demás lugares en Costa Rica, es increíblemente caro.",5,google_places_api,azotea calle 7,2026-07-01
mi refresco favorito en turrialba tienen un buen casado y algunas opciones más también tienen pizzas pero no me parecieron tan atractivas simples pero eficientes y baratas,5,google_places_api,soda popo s,2018-11-25
"Esta joya de hotel está ubicada justo en el corazón de Santa Elena Monteverde, es fácil llegar a la ciudad y todas las atracciones, los jardines eran preciosos y el ambiente en general era muy sereno. Nuestra habitación era hermosa y espaciosa, muy limpia, además no había aire acondicionado, pero cada noche era muy fresca y con las ventanas abiertas permitía dormir muy cómodamente. El personal fue muy atento. El restaurante del hotel también era muy bueno. Recomendaría encarecidamente un hotel a cualquiera que venga a Monteverde. No podemos esperar a volver.",5,google_places_api,senda monteverde,2026-04-23
"Pasé por un bocado rápido y comí un plato de casado fresco con pollo en salsa, la comida salió rápida y, lo más importante, deliciosa.",5,google_places_api,soda lucrecia,2025-02-28
lugar encantador el servicio al cliente es de clase mundial,5,google_places_api,orosi al natural spa,2018-04-25
"Tuvimos una estadía maravillosa en Roots Family Hostel en Puerto Viejo. La ubicación es perfecta, justo en el corazón de la ciudad, lo que facilita explorar todo. El personal es increíblemente amable y siempre está listo para ofrecer consejos útiles sobre qué hacer y ver en el área, lo que realmente marcó la diferencia durante nuestra estadía. Por solo 7 días al día. Puedes alquilar una bicicleta directamente en el albergue, lo cual recomiendo ampliamente. Andar en bicicleta por Puerto Viejo es una manera increíble de experimentar el área con sus hermosas playas y su vibrante cultura. La cocina está bien equipada con todo lo que necesitas para cocinar tus propias comidas, lo cual es una buena ventaja. El único inconveniente de nuestra estadía fue que la habitación que reservamos era una habitación individual para cuatro noches y, si bien era funcional, era un poco pequeña y bastante ruidosa. Las paredes son delgadas, por lo que se puede escuchar mucha actividad en las áreas comunes. Sin embargo, considerando el precio y todas las otras excelentes características del albergue, este fue un problema menor en general. Recomiendo encarecidamente Roots Family Hostel a cualquiera que visite Puerto Viejo. Excelente ambiente, personal amable y una base perfecta para explorar esta hermosa parte de Costa Rica.",5,google_places_api,roots family hostel,2024-11-18
"el área de estacionamiento tiene un pequeño letrero al costado del camino que se puede pasar por alto. La puerta para comenzar, que se muestra en la foto, está justo al sur del área de estacionamiento. Camine unos 50 metros y gire a la izquierda. El camino de grava termina en el establo de vacas de los agricultores. Si mira a la izquierda del cobertizo, verá la pequeña puerta. Llegué a las cataratas en 1 hora y 15 minutos y regresé en 1 hora. Si llueve, esto podría tomar mucho más tiempo y el barro definitivamente lo retrasará. Cualquiera que diga que este sendero no vale la pena el esfuerzo. es simplemente suave jaja si disfrutas de los sonidos de la naturaleza y la jungla, esta es una manera increíble de pasar la mañana, el agua es un poco fresca, pero es genial nadar, los guías aquí cobran entre 45 y 60 dólares por un recorrido, sin embargo, si eres un excursionista decente o eres bueno siguiendo el sendero obvio, esto no es necesario, hay señales naranjas y flechas pintadas por todas partes, probablemente una de las cascadas más bonitas que puedas ver.",5,google_places_api,catarata vuelta del cañon,2026-04-22
"Me encantó alojarme en el albergue Nosara, la gente es estupenda, las habitaciones están limpias y son de buen tamaño, y la proximidad al océano es la mejor. Me sentí muy seguro al quedarme aquí como viajero solitario. También me encantó que me recibiera D, que es el mejor.",5,google_places_api,hostel nosara,2026-02-07
"Me encanta este lugar reservado durante 2 semanas sin saber nada y no me arrepiento de comenzar. La ubicación es perfecta y se puede caminar a cualquier lugar desde el día que llegué hasta el día que me fui. El personal y todos los invitados fueron increíblemente acogedores y amables. Los eventos sociales diarios fueron muy divertidos y una excelente manera de conocer nuevos huéspedes. La comida era deliciosa. Las áreas comunes estaban limpias y hermosas y el ambiente social fue la mejor parte. El maravilloso personal que me hizo sentir como en casa. Volveré muy, muy pronto.",5,google_places_api,lost boyz,2026-06-30
"muy agradable b b limpio y cómodo el desayuno era abundante y agradable los propietarios fueron muy amables y serviciales nos dieron agua fresca de manantial de su granja el único inconveniente para nosotros fue el tren que pasa justo por la casa cada hora desde las 5:30 a. m. hasta las 8:30 p. m. si eres madrugador o tienes el sueño pesado, no hay problema, pero para aquellos que deseen dormir más tarde es molesto.",4,google_places_api,casa mora bed and breakfast,2018-11-20
"Nos alojamos 2 noches en nuestra habitación de caravana y nos encantó, es muy acogedor, limpio y tranquilo, cerca de la playa y Luis es un tipo muy agradable que nos hizo sentir como en casa. Nos hubiera encantado quedarnos más tiempo.",5,google_places_api,hospedaje combi dream bird,2026-04-17
hotel basico,2,google_places_api,hotel geliwa,2024-01-15
muy bueno,5,google_places_api,soda karito s,2025-11-15
excelente lugar de café local amigable muy buen café buen ambiente asientos al aire libre cosas interesantes dentro sombreros camisetas a la venta definitivamente échale un vistazo,5,google_places_api,rolling waves coffee,2026-02-22
"reserve este complejo vistas increíbles bungalows limpios y modernos piscina climatizada al aire libre vida silvestre monos y tucanes comida realmente excelente en el restaurante el gerente general Ryan también fue más que útil al trabajar con nuestros guías turísticos para reprogramar múltiples actividades no reembolsables debido a un problema con el alquiler del auto, nos ahorró un montón de dinero, tiempo, estrés, el personal fantástico y la experiencia en general se lo recomendaría a cualquiera, definitivamente regresaría",5,google_places_api,junglo resort spa,2026-02-17
"Tuvimos una maravillosa estadía aquí con una hermosa vista del océano. Ampliamos nuestra estadía con una habitación que daba al jardín. El personal es amable y servicial. El estar a poca distancia del parque y en la playa fue fantástico. Somos nadadores de aguas abiertas y disfrutamos de 5 km de natación durante nuestra estadía. Los pájaros, monos y tapires deambulan por los jardines.",5,google_places_api,karahe hotel,2026-02-25
"Nos alojamos aquí en el último minuto después de haber sido decepcionados por nuestro hotel original. El servicio ha sido perfecto y fueron muy serviciales con nosotros. La habitación es muy moderna y claramente está recién hecha. Todo tiene un tamaño bastante decente y hay muchas instalaciones para cocinar, pero no una placa para parrilla. Teníamos una olla arrocera, una nevera, una licuadora, una máquina de café y una máquina para freír. En general, fue una experiencia muy agradable. No hay piscina, pero está a 5 minutos a pie del centro y, de todos modos, hicimos excursiones en su mayoría. Es mucho más tranquilo por la noche que en los otros hoteles. en la carretera principal del centro debido a los 5 minutos a pie",5,google_places_api,hotel nativo arenal,2026-04-02
"Esta ha sido una estadía increíble, una cocina al aire libre con parrilla para cocinar su propia comida, a un precio razonable, las habitaciones de la piscina están decoradas de manera agradable y limpia, con refrigeradores, los propietarios son acogedores y amigables, los restaurantes cercanos y las playas no están muy lejos. Recomiendo encarecidamente alojarse aquí.",5,google_places_api,hotel carlota tamarindo,2023-02-03
"Me alojé en La Ruka dos veces en un corto período de tiempo porque me gustó mucho. Es súper limpio, tranquilo, bien mantenido, con muchos espacios y equipos excelentes para trabajar, socializar y hacer ejercicio. Me gustó que tienen su propio shala de yoga con actividades diarias y excelentes equipos y un gran jardín que te hace sentir como si estuvieras en la jungla. El océano también está a solo unos pasos y está a solo una corta caminata de Cocles o Puerto Viejo. El personal es súper amable, atento y servicial. Sinceramente, uno de los mejores albergues en los que me he alojado. No puedo recomendarlo. suficiente",5,google_places_api,la ruka hostel,2026-06-12
"Dios mío, el paisaje aquí es increíble, superó con creces mis expectativas. Es verdaderamente un lugar ideal para relajarse, extremadamente espacioso y tranquilo. Amo a la dueña y a sus dos hijas, son muy amables y entusiastas y les deseo a todos unas vacaciones inolvidables.",5,google_places_api,loma tranquila,2026-01-16
"Nuestra reciente estadía en Planet Hollywood Costa Rica fue extremadamente decepcionante y estuvo muy por debajo de los estándares que esperábamos de un resort de lujo con todo incluido como miembro de Marriott Bonvoy Gold Elite. Me decepcionó especialmente la experiencia general. Esperaba un cierto nivel de hospitalidad y servicio de las propiedades afiliadas a Marriott, pero este resort no cumplió ni siquiera con las expectativas básicas. Pagamos más por una clase de estrella esperando un servicio elevado y beneficios exclusivos. Desafortunadamente, vimos muy poco valor en la actualización. La experiencia premium que se prometió simplemente no se entregó y ciertamente no justificó el costo adicional desde el momento en que llegamos, el servicio fue inconsistente y frustrante, los pedidos del servicio de habitaciones rara vez eran precisos, a casi todos los pedidos les faltaban artículos o eran incorrectos, lo que hacía que lo que debería haber sido un servicio conveniente fuera un inconveniente continuo. El servicio de asistente personal, que se promociona como uno de los beneficios clave de la clase estrella, era esencialmente inexistente cada vez que necesitábamos ayuda. Nuestro asistente personal asignado no estaba disponible o no respondía, lo que hacía que el servicio fuera prácticamente inútil. El servicio de limpieza fue igualmente decepcionante. Las toallas usadas se retiraban regularmente de nuestra habitación, pero a menudo no se reemplazaban, lo que nos obligaba a comunicarnos repetidamente con la recepción solo para recibir. toallas limpias, el minibar era otro problema constante, nunca se reponía por completo a pesar de múltiples solicitudes y con frecuencia faltaban bebidas y refrigerios básicos por el precio que pagamos. Esperábamos un servicio atento, atención al detalle y unas vacaciones relajantes y sin preocupaciones. En lugar de eso, pasamos demasiado tiempo dando seguimiento a problemas que deberían haberse manejado automáticamente. sugiere que el costo adicional simplemente no vale la pena, no podemos recomendar este resort a los viajeros que esperan un servicio confiable, atención consistente al detalle y la experiencia premium todo incluido que se anuncia.",2,google_places_api,planet hollywood costa rica by royalton an autograph collection all inclusive resort,2026-07-05
"Me senté cerca de la piscina, lejos del bar. Le pregunté a la camarera si podía conseguir un vaso de agua. Ella dijo que fuera al bar y ordenara, si no alcohol, ¿qué diablos es eso? Habría dejado una propina, pero no esta noche.",1,google_places_api,hotel y casino cocal,2026-06-12
"Excelente área para la vida silvestre. Vimos 28 especies de aves y 2 tipos diferentes de primates. Caminamos hasta una bonita cascada. El camino hacia la entrada es un poco accidentado, pero vale la pena conducir.",5,google_places_api,reserva biológica lomas de barbudal,2026-01-27
"servicio excepcional y un ambiente maravilloso, ante todo, el personal y especialmente el propietario pierre son absolutamente increíbles y ofrecen el tipo de hospitalidad que no se ve todos los días. Es increíblemente servicial, atento a cada solicitud y lleno de excelentes consejos y recomendaciones. La ubicación es excelente y el centro de la propiedad cuenta con una excelente área de reunión con sillones hamacas y una mesa de billar que hace que el ambiente sea muy agradable. Hay una cocina totalmente equipada que era muy conveniente para cocinar nuestras propias comidas y un gran supermercado está ubicado cerca. El desayuno también fue bueno y sabroso. El hotel ofrece una amplia variedad de actividades y tours que puedes reservar directamente a través de ellos y los precios son en realidad más baratos que reservar directamente con las compañías de viajes. Las habitaciones son sencillas pero limpias y la ducha estaba caliente. Excelente resultado. Muy recomendable para una estancia cómoda y acogedora.",5,google_places_api,tucan hotel,2026-07-13
"en el check in nos dieron una habitación degradada de la que habíamos reservado originalmente con solo 2 camas, no 3 como se muestra en la descripción o en las fotos de la habitación que reservamos, así que tuvimos que irnos, pero nos dieron un reembolso parcial y se quedaron con 30 por usar el aire acondicionado de su habitación y mi familia usó las duchas mientras yo buscaba otra habitación. Pensé que 15 era más justo, pero no quería perder aún más tiempo discutiendo con ellos al respecto. Todavía estoy molesto porque perdimos una hora registrando, descargando el equipaje y buscando otra. hotel recarga de equipaje estancia en la calle en kokoro en lugar de eso nos acomodaron en el último minuto las habitaciones de su propiedad son mucho mejores la recepción es mucho más amigable y la tarifa es la misma",1,google_places_api,cabinas lumbres arenal,2022-03-12
"Hotel realmente limpio y agradable, la ducha no funcionaba correctamente, pero no hay problema, solo dígaselo al personal y ellos lo arreglarán. Las habitaciones son espaciosas y la cama es cómoda. Me reembolsaron 1 noche y la segunda 50 porque tuve que irme antes. Gracias.",4,google_places_api,hotel y cabinas midey,2019-09-21
"este lugar fue súper divertido fuimos el miércoles a la noche de karaoke y las vibraciones eran altas, incluso vimos un perezoso mientras cenábamos la comida estaba bien, pero las bebidas eran realmente deliciosas el servicio era bastante lento, a menudo teníamos que avisar a nuestro camarero si queríamos algo, pero parecía que les faltaba personal definitivamente lo recomendaría si está buscando un lugar divertido y animado durante la noche.",4,google_places_api,hot rocks,2026-06-20
debes quedarte aquí nuestra habitación estaba súper limpia con baño privado y ambiente de resort de agua caliente con múltiples piscinas súper limpias y acogedoras el personal fue más que increíble y extremadamente servicial nos encanta este lugar y dos noches no fueron suficientes definitivamente regresaremos aquí para vivir una experiencia increíble Ojalá pudiera darles 10 estrellas se lo merecen tanto hermoso destino que me alegro de haber encontrado,5,google_places_api,arenal backpackers resort,2026-02-02
"Mi esposo y yo nos quedamos en Monteverde durante 5 días. Vinimos aquí todos los días para desayunar, almorzar o cenar porque eso es lo mucho que nos encantó. Hemos probado otros lugares y podemos decir con seguridad que este lugar es sin duda el mejor de la ciudad. Nos quedamos impresionados desde el principio. El primer día pedimos té de hibisco, salmón, tostadas, empanadas, tazón tailandés, frutero y terminamos con pan de plátano y pastel de queso con maracuyá, perfección absoluta. Marcan todos los requisitos. Calidad, servicio, limpieza, ambiente, tamaño de porción, precio, variedades, el ambiente del diseño interior. coincide con la cultura del personal y la comida la comida se cocina con mantequilla de ghee de alta calidad, pan, postres, salsas, papas fritas, todas hechas en casa, después de nuestra última cena, nos fuimos viendo un doble arcoíris, la manera perfecta de terminar nuestra luna de miel aquí.",5,google_places_api,café orquideas,2026-02-25
"absolutamente increíble, cada plato fue excepcional, realmente no podemos recordar la última vez que nos encantó cada plato, de principio a fin, la comida, el ambiente del servicio de vino e incluso la música fueron perfectas. Esta fue nuestra primera noche de nuestra luna de miel en Costa Rica y no podríamos haber elegido un mejor lugar para celebrar. Grandes elogios para el chef y todo el equipo por una experiencia tan inolvidable. Muy recomendable.",5,google_places_api,num restaurant cocina del caribe con alma mediterránea,2026-07-13
"En primer lugar, vi muchos sitios web que decían que este era un hotel de tres estrellas. De ninguna manera es un hotel de tres estrellas. Es un lugar sencillo para decir que las habitaciones estaban limpias y las camas eran increíblemente cómodas. El aire acondicionado y la televisión funcionaban bien. El wifi era irregular y mi habitación no tenía agua caliente, pero sorprendentemente la ducha fría se sintió increíble. Está al final de un callejón oscuro que da un poco de miedo caminar de noche, pero está muy cerca de todo y de la playa.",4,google_places_api,cabinas coco alegre,2021-12-05
"excelente comida y ubicación, a pocos pasos de la playa, nos lo pasamos muy bien aquí y disfrutamos de los asientos al aire libre y hablamos con el personal, nos dieron recomendaciones y fueron muy amables. Los tacos estaban sabrosos, frescos y bellamente servidos.",5,google_places_api,del mar taco shop,2025-08-30
"Nos lo pasamos genial. Mi esposa estaba nerviosa porque era la primera vez que hacía tirolesa, pero se sentía cómoda con la mentalidad de seguridad de los guías. Además, fueron muy divertidos. Todos hicieron un gran trabajo como guías y Roy fue especialmente bueno enseñándonos sobre las plantas y la vida silvestre de Costa Rica. Es hermoso, muy fácil y divertido. También recomendamos excelentes fotografías.",5,google_places_api,canopy safari,2026-04-19
"hermoso hotel, la mejor parte es la piscina absolutamente increíble, simplemente me encantó con la hermosa puesta de sol y los alrededores, vastos jardines con tantos pájaros coloridos. Las bebidas también fueron muy buenas entre las mejores piscinas de hotel en las que hemos estado, también una gran ventaja para el adorable gato negro durmiendo en el bar. Sin embargo, la recepción fue un poco desviada, parecía que faltaba personal o algo así, nadie realmente ofreció ayuda con el equipaje y junto a la piscina no había personal solo en el restaurante, no obtuvimos ninguna información sobre las comodidades del hotel, ya sea que la puerta de entrada no tuviera personal para guiar o responder preguntas sobre el camino angosto que conduce al hotel la habitación era grande teníamos dos camas dobles con un balcón enorme con una linda vista el inconveniente era que el baño estaba muy, muy anticuado, especialmente la ducha, incluso había un pequeño trozo muy afilado junto al orificio de drenaje que podría ser muy peligroso pisar, notamos al personal cuando hicimos el check out, pero no estoy seguro de si se estaba haciendo algo al respecto, el desayuno fue excelente, el ambiente, la comida, los alrededores absolutamente impresionantes.",4,google_places_api,cristal ballena,2026-04-07
"soda los yoses es mi lugar para una comida rápida y económica. Aquí encontrará el típico casado costarricense para menores de 7 años y seguramente lo dejará satisfecho, aunque puedo comer fácilmente aquí todos los días, a menudo se les acaban las proteínas principales bastante temprano en el día, por lo que a la hora del almuerzo es posible que no les quede mucho. No considero que esto sea algo malo, solo gobierne en consecuencia, puede obtener jugos de frutas naturales y ver el juego mientras disfruta de los sabores de este hermoso barrio escalante lovejonezin",4,google_places_api,soda los yoses,2018-06-30
Pasamos una noche en la casona del cafetal y dormimos bien. La habitación estaba limpia y era espaciosa. Es muy tranquila. Los alrededores son agradables y vimos muchos pájaros. El desayuno era bueno y el personal era agradable.,4,google_places_api,hotel y restaurante la casona del cafetal,2026-03-21
Excelente servicio con una sonrisa genuina y comida absolutamente deliciosa. Nos fuimos en coma alimentario. El flan y el maracuyá cr me br lée estuvieron entre los mejores postres que hemos probado.,5,google_places_api,bastos restaurante,2026-01-08
"excelentes opciones en el menú, muchos mariscos, teníamos empanadas, tacos y pescado entero, el taco sabe a tamal, así que le da sabor a la carne en la empanada, estaba húmeda, tierna y sabrosa.",5,google_places_api,la zona del sabor comidas tipicas y más,2025-01-09
"En general, buena comida, pero es cara. Obtienes lo que pagas.",4,google_places_api,el hicaco seafood,2026-04-13
Uno de los mejores lugares del mundo para ver el atardecer. Las bebidas en Sentido Norte son inigualables. Luis y Eliezer son increíbles. Son camareros increíbles. Lo recomiendo encarecidamente para cenar y disfrutar de las vistas.,5,google_places_api,sentido norte,2026-07-14
Nos quedamos en Coco a finales de enero. Caminamos por la playa hasta este extremo de la bahía. Parece ser un restaurante donde se reúnen los lugareños. Está frente a la playa y la comida y las bebidas tenían un precio razonable. Nuestro camarero fue muy agradable.,5,google_places_api,bar restaurante matapalo,2026-04-01
"mariano es un anfitrión maravilloso y arakari fue nuestra estadía favorita en Costa Rica. El albergue ecológico es auténtico y una verdadera artesanía. Recomendaría encarecidamente esta estadía si está planeando un viaje a Costa Rica, no lo decepcionará.",5,google_places_api,arakari ecolodge environmental project,2026-04-12
"después de volar durante 9 horas y viajar durante 14 horas como mujer sola un poco de publicidad engañosa está bastante lejos de todo no hay tiendas, bares ni restaurantes el hotel no tiene un restaurante que esté abierto solo después del desayuno la sala de desayuno continental no tiene tetera ni cafetera ni siquiera una botella de agua. Me dijeron que no caminara solo por la noche cuando pedí una bebida. Me dijeron que bebiera agua del grifo y enfrentara una noche sin cenar. Me quedé el tiempo suficiente para usar el lento wifi y reservar otro hotel. Salí perdido. 60 y obtuve una habitación súper en otro lugar, muy anticuada pero limpia, sábanas viejas y descoloridas, pero limpias, eso es todo lo que vi. Si vas, asegúrate de parar en el supermercado en el camino para tomar una bebida para la habitación.",1,google_places_api,hotel plaza real,2020-03-10
"el albergue es extremadamente inseguro y el dueño le gritó a una chica a la que le robaron dinero en el albergue en lugar de ayudar y he visto su respuesta aquí y es mentira, ella nunca dijo algo así mientras lloraba, él dijo que quieres decir que todos los latinos roban, aunque ella nunca dijo nada así, simplemente estaba estresada y triste y él fue extremadamente grosero, lo cual no tiene sentido a menos que tengas algo que ocultar. El anfitrión debería haber sido amable y servicial, pero él es todo lo contrario, evítalo y especialmente para las mujeres, evítalo. la misma persona no hay varias cuentas mi cuenta ya existe desde hace 10 años su respuesta trae comentarios y suposiciones no relacionadas que cambian el tema en lugar de abordar lo que realmente sucedió. También es incorrecto que hubo muchas personas en la habitación durante la mayor parte de la estadía. Solo había otra persona y solo después hubo cuatro huéspedes en total. Todos nos mantenemos en contacto. La preocupación siempre ha sido su reacción cuando falta dinero. Defensivo y desdeñoso en lugar de apoyo. Mencionar casilleros o acusaciones no relacionadas no cambia eso como huésped en apuros en un país extranjero. No es realista esperar que alguien sepa el procedimiento exacto en el que pidieron ayuda y orientación, que normalmente es el papel de un anfitrión. Usted se negó a ayudar de cualquier manera y fue extremadamente agresivo y atacó sin ningún motivo. Me paré justo al lado.",1,google_places_api,chillout hostel barrio escalante hostel in san jose costa rica,2026-02-12
Nos alojamos aquí 1 noche de camino a la costa caribeña. Nos lo pasamos muy bien. La propiedad es increíble. Hay muchas aves en el jardín y todo se ve verde y bien mantenido. La cena. El bistec de Nueva York estuvo delicioso y Aaron fue súper amable y un gran anfitrión. El desayuno afuera en la mañana también fue muy agradable e hicimos una corta caminata antes de continuar nuestro viaje. Definitivamente recomiendo este lugar.,5,google_places_api,hotel casa turire,2026-06-30
este es el mejor chicharrón con aguacate del mundo el servicio fue excelente el gerente explicó el menú y recomendó los cortes de carne tuvimos la mejor experiencia y nos fuimos con el estómago lleno,5,google_places_api,ahumadictos cartago,2026-05-19
"Nos hospedamos en Edward Family Inn al final de nuestro viaje a Costa Rica y fue el lugar perfecto para nuestra última noche. Es un lindo y cómodo lugar convenientemente ubicado cerca del aeropuerto. Edward brindó un servicio excelente e hizo todo lo posible para satisfacer nuestras necesidades, incluida la organización del transporte para nuestra salida del aeropuerto a las 2:00 am. Su hospitalidad hizo que nuestro viaje temprano en la mañana fuera libre de estrés. Lo recomiendo encarecidamente para cualquiera que necesite una estadía cómoda y acogedora cerca del aeropuerto.",5,google_places_api,edward y familia inn,2026-06-01
Mi novio y yo estamos de visita desde los EE. UU. y decidimos cenar aquí esta noche. Ambos estamos de acuerdo en que esta es la mejor comida india que hemos probado. El servicio fue excelente y el ambiente fue muy agradable y agradable.,5,google_places_api,naans curries an ethnic indian restaurant coco,2026-02-09
excelente lugar para relajarse excelente para quedarse con la familia cerca de todo,5,google_places_api,playa negra home s,2025-01-07
"No he comido aquí y ahora no lo haré porque me dijeron que tenía que pagar 2 para usar el baño. Fui a otro lugar y compré comida. Después de eso, solo dejo un 3 estrellas porque creo que 1 estrella es demasiado bajo considerando que no he comido aquí y ahora no lo haré.",3,google_places_api,soda vargas,2025-02-27
"este restaurante está ubicado en cocles el menú es extenso, comí un plato de tilapia con salsa de maracuyá y verduras y estaba absolutamente delicioso, la salsa era rica y complementaba el plato increíblemente y, por supuesto, tenía que acompañarlo con arroz y frijoles, el alimento básico caribeño, el ambiente es muy abierto, tenían música en vivo y un servicio increíble, también tuvimos tragos de maracuyá que fueron la mezcla perfecta de licor y maracuyá, este es definitivamente un lugar al que regresaré en Costa Rica.",5,google_places_api,sol del caribe,2026-06-29
"Mi esposo dijo que podía comer este desayuno todos los días, probablemente una de las mejores comidas que hemos tenido en Nosara.",5,google_places_api,rosi s soda tica 2,2026-04-16
"Las habitaciones son sencillas pero muy limpias. Tenga en cuenta que aquí no hay agua caliente, pero tampoco hace mucho frío. Está tibio. El propietario es atento y servicial. Está a 5 minutos a pie de la playa y de las tiendas de la carretera principal. Muy recomendable.",5,google_places_api,cabinas solmarena,2022-12-05
"Este es uno de mis albergues favoritos. Las vistas son increíbles, con perezosos y pájaros. El área común es tranquila y todos los huéspedes tenían vibraciones positivas. Además, los baños eran especialmente hermosos. Pude preparar comidas deliciosas en la cocina compartida. Me quedé allí noches adicionales porque era muy acogedor.",5,google_places_api,spanish by the river turrialba,2025-11-28
increíble calidad de la carne perfectamente ejecutada buena sal no hay necesidad de nada más una gran sorpresa para mí control absoluto del fuego conocimiento increíble de la carne aunque los camarones estaban demasiado cocidos nunca me dejaría retener una estrella es un gran lugar con un personal capacitado hermoso personal de hecho mucho amor en el lugar se nota por la forma en que el equipo interactúa entre sí 7 5 la experiencia regresaría en un abrir y cerrar de ojos,5,google_places_api,steak house sal y fuego,2026-01-30
buen precio buena comida servicio rápido,5,google_places_api,soda el buen sabor,2025-06-20
"Ubicación perfecta Me alojé aquí 3 noches a minutos del centro y de la playa de Jacó. Las piscinas son maravillosas. Tienen un área de reunión con libros de futbolín, etc.. Había alguien en la recepción las 24 horas, los 7 días de la semana. Sí, las habitaciones estaban un poco anticuadas, pero no me quitaron nada de mi estadía. No tuve quejas sobre la limpieza. La cama era cómoda. Caja fuerte en la habitación.",4,google_places_api,hotel mar de luz,2026-03-04
"gran hotel, muy limpio y acogedor, el equipo es muy acogedor y apoya con cualquier cosa y súper actitud y sonriente. Las habitaciones son simplemente geniales, cómodas y acogedoras. Todos los accesos a las salas de estacionamiento y la entrada del hotel son con códigos y muy fáciles de usar. Hay un área común con equipo de cocina completo y algunos juegos de mesa. Excelente disposición. Seguro que regresará si vuelve a estar en La Fortuna. El video se realizó desde la habitación con balcón del segundo piso.",5,google_places_api,fortuna retreat,2025-12-05
"una verdadera joya escondida, asegúrese de tomarse un momento para aprender sobre su historia mientras esté allí, hace que la experiencia sea aún más especial. Cada pieza es original y hecha a mano, lo que realmente aumenta el encanto y no se pierda su pastel de café y zanahoria, uno de los mejores de la zona.",5,google_places_api,plaza de la cultura,2026-04-23
"Me alojé en este hotel hace un par de años y todavía lo recuerdo con cariño. Los hermosos jardines en particular son la mejor parte. La piscina. Los jardines y las vistas. Está un poco escondido, por lo que se siente tranquilo y seguro, pero aún así está muy cerca para caminar y conseguir comida. Explora la ciudad. Las habitaciones son básicas pero cómodas. También nos encantó el desayuno recién hecho todos los días y el comedor era fantástico.",5,google_places_api,hotel secreto la fortuna,2026-01-26
muy buen lugar para comer y beber personal agradable buen humor deliciosos batidos batidos y cócteles y buena comida estuvimos allí dos veces para batidos y 1 para cenar y lamento tener que irnos de Cahuita,5,google_places_api,island restaurant,2026-02-23
"queso asado y pastel de zanahoria estaban bien, el pastel de zanahoria estaba esponjoso y con crema de queso",5,google_places_api,kam breakfast bakery,2026-07-03
buena comida no hay mucho espacio si quieres comer allí sería mejor pedir comida para llevar,3,google_places_api,soda yoguis gravilias,2017-12-14
nuevo y lindo lugar en uvita ambiente abierto y acogedor cacao de la más alta calidad servido como bebidas elixir en batidos vendidos como barras frijoles y delicias deliciosas. Joselyn me recibió con calidez y procedimos a tener una dulce conversación mientras ella con alegría preparaba mi bebida elixir. Gracias joselyn por hacer que mi primera visita fuera inolvidable. También organizan eventos los domingos por la noche para la comunidad. Es tan maravilloso.,5,google_places_api,quantum cacao café,2026-04-19
"valor razonable y lo disfrutamos aquí teníamos una habitación sin aire acondicionado, lo que significaba que no había ventanas, por lo que era muy ruidoso, ruidos de la jungla, no me importa, pero el maldito personal de perros y gatos era bastante amable, pero rara vez regresaba a usted si tenía preguntas. cansado después de 10 días también hay 2 restaurantes a poca distancia del hotel. La playa local tiene arena negra pero es hermosa. El parque nacional Cahuita tiene algunas playas impresionantes, pero el área donde se puede nadar es limitada.",3,google_places_api,cabinas nirvana ecolodge,2020-03-05
"Un lugar súper increíble en el que me quedé por 2 semanas. Me encanta estar aquí. Lupita, la anfitriona es súper amable, siempre está dispuesta a ayudar y resolver cualquier problema que puedas tener. Volvería sin duda.",5,google_places_api,cabinas lupita,2025-10-31
"Realmente disfrutamos de nuestra estadía, el personal es súper amable, excelente ubicación cerca de la playa y en la parada de autobús de la ciudad, a solo una corta distancia a pie, y un supermercado cerca del dormitorio es muy básico, no tiene cortinas alrededor de la cama, pero una vez que te instalas en una cocina cómoda, un baño agradable y bien abastecido, limpio.",4,google_places_api,soul rebel hostel puerto viejo,2025-10-07
"Reservé este lugar para un viaje de fin de semana a Cahuita y fueron fenomenales por el precio de 30 colones por noche. Sus comodidades fueron excelentes, desde aire acondicionado hasta un delicioso desayuno gratuito, TV, mini refrigerador y una piscina al aire libre. Volvería a reservar al 100 y estoy considerando regresar para disfrutar más del área. El personal de recepción también fue súper amable y acogedor. Soy de los Estados Unidos y este lugar tenía un servicio e instalaciones de mejor calidad que muchos Hampton Holiday Inn que cobran tarifas más altas de 150 a 200 por noche en general. impresionado",5,google_places_api,villa del mar hotel boutique,2025-10-13
"El propietario es un hombre muy amable y fue flexible con nosotros. Además, las habitaciones están limpias y libres de insectos. La ubicación es excelente, pero no puedo recomendar este lugar ya que el desagüe de la ducha estaba terriblemente obstruido y toda la bañera se acumulaba. No es nada agradable. Además, los colchones necesitan ser actualizados desesperadamente. No hay agua caliente en la ducha, pero tenga en cuenta que esta es la norma para esa área debido al clima cálido y húmedo, según tengo entendido, si las revisiones posteriores hablan de buenos colchones y una ducha que realmente drena, diría que lo haga y se quede. aquí especialmente por el precio justo",3,google_places_api,cabinas el chante,2018-08-01
"Precios muy justos, el arroz con pollo con albóndigas estaba increíble y tenía un valor muy razonable, entonces mi hijo, a quien solo le quedan 300 colones para gastar del dinero que le dimos, intentó comprar un helado, resultó ser 500 y tuvieron la amabilidad de dárselo de todos modos, gente dulce, comida casera, lugar concurrido, pero vale la pena.",5,google_places_api,soda la fuente,2026-05-28
Estuvimos muy cómodos y muy satisfechos con nuestra estadía de tres noches la semana pasada. Tuvimos una experiencia positiva con la ubicación del personal. Desayuno por la mañana. Nadar por la mañana. Ubicación perfecta para la ciudad y la feria callejera del jueves por la noche. Me encantó el ambiente. Solo para adultos. Genio. Gracias. Lo recomiendo encarecidamente.,5,google_places_api,in the shade hotel coworking 300mbit fiber,2026-03-08
"Mi esposo y yo comimos la pizza de prosciutto de rúcula y el flan de caramelo, la comida es deliciosa y el servicio es bueno. Disfruté el diseño del espacio y el ambiente general.",5,google_places_api,moromo forneria,2026-05-11
"Paramos en este refresco en nuestro camino desde el aeropuerto a la fortuna y fue una sorpresa tan agradable. El servicio fue rápido, la comida estaba deliciosa y el dueño fue increíblemente amable. Fueron muy pacientes con mi español roto. Las empanadas eran enormes y absolutamente deliciosas. No estaba tan ocupado como algunos de los lugares cercanos, pero estamos muy contentos de haberlo elegido. Recomendamos encarecidamente parar aquí.",5,google_places_api,soda la negrita,2025-12-12
"Definitivamente recomiendo hospedarnos aquí en el área de la fortuna. Disfrutamos de la hora feliz en el bar del lugar y tenían asientos fuera de las habitaciones para relajarse en mecedoras. En nuestro caso, la piscina estaba fría pero era perfecta después de un día caluroso de caminata. Las habitaciones no son las más limpias y las camas solo tienen sábanas delgadas, pero elegiría este lugar nuevamente simplemente por su excelente ubicación, personal amable y ambiente divertido. Había estacionamiento gratuito en la calle, lo cual nunca fue un problema para nosotros.",5,google_places_api,poshtel arenal,2026-04-02
"un lugar maravilloso, limpio, tranquilo, buen aire acondicionado y agua caliente, a solo 5 minutos en auto de la ciudad, restaurantes a poca distancia, carla y el personal son increíbles, excelente comunicación a través de correo electrónico y whatsapp, fueron muy pacientes conmigo durante mis viajes, siempre poniendo el servicio en primer lugar, la cama es con cubierta tipo almohada y muy cómoda, una ducha muy grande, un armario de buen tamaño y las copas de vino son un buen toque. Disfruté el porche delantero y el desayuno por el precio y el valor. Los bungalos son el camino a seguir. Deseo que otros lugares se centren en el servicio como lo hace este personal.",5,google_places_api,la fortuna waterfall bungalows,2025-12-02
"Qué lugar tan encantador para hospedarse. La dueña del albergue es súper acogedora y está llena de información sobre lo que es bueno hacer en Tortuguero. Incluso nos dejó usar su teléfono para reservar nuestras entradas para el parque nacional cuando no estaba funcionando en el nuestro. Nos quedamos en el dormitorio, que era espacioso y tenía su propia cocina en la parte trasera. Había muchas áreas para sentarse, incluidas hamacas. El jardín estaba lleno de vida silvestre, incluidos tucanes y monos, y el albergue está muy cerca de la hermosa playa.",5,google_places_api,cabinas tortuguero,2026-02-10
"Nos alojamos aquí por dos noches cuando llegamos por primera vez a Costa Rica, está a unos 30 minutos en coche del aeropuerto y está escondido. Nos recibieron con una bebida refrescante y nos registramos en nuestra habitación. Nos alojamos en La Piedra y era hermoso. Todo estaba impecablemente limpio. Un baño encantador y una cama grande y cómoda. Había un minibar con bebidas a precios razonables y algunos bocadillos. Teníamos una terraza exterior con tumbonas y la vista era maravillosa. Todas las ventanas tenían mosquiteros para permitir que se abrieran y había un ventilador, así que lo encontramos fresco por la noche y tranquilo. Además, la piscina es preciosa y los jardines están muy bien cuidados. El desayuno estaba incluido y la elección fue buena. Soy celíaco y necesito comida sin gluten y lo atendieron muy bien. También comimos allí, lo cual fue realmente bueno. Fue una forma encantadora y relajante de comenzar nuestro viaje y definitivamente recomendaría alojarse aquí.",5,google_places_api,finca rosa blanca,2026-02-06
"Tienes que darte la oportunidad de reiniciar volviendo a las raíces de cómo interactúan los seres humanos mientras disfrutamos de la vida. La configuración es increíble, pero lo que sucede dentro es casi inmejorable. El programa de Surf Synergy lo tiene todo. Es el mejor programa de surf de bienestar del mundo. Mi hijo y yo nos sentimos mimados y atendidos, y nuevamente la interacción con el resto de los invitados ha sido increíble.",5,google_places_api,surf synergy surf and wellness resort,2026-06-09
"Mi semana en Lamangata fue nada menos que mágica desde el momento en que llegamos, el personal hizo todo lo posible para hacernos sentir bienvenidos y se ocupó de la mejor hospitalidad que he experimentado. La comida fue increíble todos los días. El surf fue muy divertido, ya sea que seas nuevo en el surf o más experimentado. Junior es un entrenador increíble, estaba muy bien informado, alentador e hizo que cada sesión de surf fuera placentera. Las habitaciones y toda la propiedad son impresionantes, bellamente diseñadas, impecables y se sentían lujosas y al mismo tiempo relajadas y acogedoras. Uno de los aspectos más destacados fue el grupo de invitados, tan divertido y positivo. ambiente que hizo que la experiencia fuera aún más especial. Lamangata logra el equilibrio perfecto entre relajación, aventura y diversión. No puedo esperar a mi próxima visita.",5,google_places_api,lamangata,2025-12-14
Este es un hotel hermoso y muy bien pensado en Monteverde. Las habitaciones están bien diseñadas y cada una tiene una vista increíble de la península de Nicoya a lo lejos. El balcón era increíble. El ambiente del hotel. Su propiedad y el área en general son muy relajantes y tranquilos. El personal es increíble y hace que el lugar sea tan atractivo. Los desayunos están incluidos y son deliciosos. Tuvimos nuestras tres cenas en el hotel y quedamos satisfechos con el sabor y la variedad. El jacuzzi es delicioso. Recomendamos encarecidamente esta propiedad a cualquiera que busque una estadía exclusiva pero no demasiado costosa. Eso es relativamente hoy. en monteverde,5,google_places_api,hotel belmar,2026-03-15
"Fui a Costa Rica a principios del mes pasado e hice que Natura planificara nuestro viaje, además de crear un plan increíble repleto de actividades. El equipo de Natura es extremadamente atento y responde ayudándonos con las solicitudes de último minuto. Realmente los recomendaría a cualquier persona interesada en hacer una caminata de varios días y con varias paradas por Costa Rica.",5,google_places_api,natura tours travel costa rica,2025-08-04
"Como en la mayor parte de Costa Rica, el propietario fue muy amable y servicial. Nuestra habitación tenía aire acondicionado, pero estábamos justo con el ventilador, la vista era increíble, realmente disfrutamos de nuestra estadía de 2 noches, definitivamente volveremos.",5,google_places_api,hotel la uvita,2019-01-11
"Una experiencia agradable, muy diferente para nuestra zona, una mezcla de diferentes restaurantes, hamburguesas italianas, mexicanas, una cafetería, cerveza, vino, tragos combinados, helados, el lugar italiano incluso ofrece pasta sin gluten por un recargo de 1000 colones. No es fácil encontrar que en esta área la pizza era buena, tacos, tan linda vista de Cartago. Fuimos durante el día, creo que sería aún mejor por la noche, mirando las luces de la ciudad.",4,google_places_api,contenedores gastro park,2019-01-11
un lugar increíble para descansar y fusionarse con la naturaleza,5,google_places_api,glamping campo alegre,2025-01-17
El panini de salmón estaba muy bueno. Me encantaron las papas fritas y no hay muchos lugares que las preparen como este. El batido de fruta fresca también fue excelente. Precio justo.,5,google_places_api,café orquideas,2026-05-03
qué experiencia tan increíble primero paulo hizo que la estadía fuera muy especial su atención al detalle su espíritu acogedor disposición para ayudar y solo su amable presencia hizo que la estadía fuera muy especial nos encantó nuestra estadía en la casa al atardecer perfecta para nuestra familia de cuatro hermoso diseño y muebles la cocina era perfecta para nuestros juegos de cartas nocturnos y la piscina era genial para chapuzones rápidos la ubicación no podría haber sido más perfecta calle tranquila pero cerca de tantos lugares fantásticos y de la playa con las mejores puestas de sol ya hemos recomendado a quin a mis amigos y continuaremos haciéndolo gracias por ser un parte de nuestras mejores vacaciones,5,google_places_api,quin surf residence,2026-01-08
Hice una clase de yoga con Kristen hoy y ella estuvo fuera de serie. Increíble. Me animó gentilmente a hacer posturas que no sabía que podía hacer y tenía una energía tan encantadora y afectuosa. Qué placer tomar su clase. Lo agradezco mucho.,5,google_places_api,believe surf yoga santa teresa,2026-02-10
"Alexander fue un anfitrión increíble, muy amable y atento, y por eso le doy todo el crédito del mundo. Fue fantástico estar justo en la jungla y su lugar es lindo y lleno de encanto, con animales, pequeños senderos de la jungla y pájaros para observar. El desayuno fue muy bueno, tanto con buffet como con artículos hechos a pedido, aunque la configuración de la cabaña es muy adecuada para una familia. Lamentablemente, no pude dar más de 3 estrellas porque la calidad del sueño es mala. Las sábanas, las almohadas y los colchones no están a la altura del estándar, incluidas varias otras propiedades en Costa Rica. No dormí bien y me molestó mucho porque Alexander fue tan maravilloso que me ofreció mejores almohadas cuando le expresé mi malestar, tal vez sea más como 3, 5 estrellas.",3,google_places_api,posada andrea cristina,2020-03-02
"Teníamos un plato para dos con camarones, fajitas, cerdo, chips de plátano verde, salsa y frijoles, el plato estaba bien preparado, todo se sentía fresco, sabores bien equilibrados con la cantidad adecuada de condimentos, muy sabroso pero aún así con una sensación casera que es muy refrescante en lugares como este.",5,google_places_api,la terraza by richys,2021-10-17
"Tuvimos una estadía maravillosa en Villa la Sirena 21 durante las primeras semanas de marzo. La unidad estaba muy limpia y bien equipada. Excelente cocina y una gran barbacoa, si le gusta cocinar, tiene una hermosa terraza cubierta, perfecta para relajarse con su café de la mañana o cócteles por la noche. Puede ver monos en los árboles distantes y muchos pájaros desde la terraza. Hay alrededor de 40 villas en la comunidad cerrada bien mantenida. Está a pocos pasos de la piscina de la playa de arena negra y del restaurante del hotel. También hay una segunda piscina infinita en en la cima de la colina, nunca tuvimos problemas para conseguir una tumbona a pesar de que era temporada alta, el personal de la oficina fue muy servicial al reservar recorridos donde lo recogen justo en la puerta de entrada, el restaurante tiene vista a la piscina y la playa, la comida era muy buena y el personal fue excelente. La hora feliz fue una agradable sorpresa. La ciudad de Coco está a 15 minutos en auto, donde hay muchos restaurantes, tiendas de comestibles, etc. Compramos una membresía a corto plazo muy razonable en el club cercano en Coco para cambiar de escenario. Tienen canchas de pickleball y tenis, un gimnasio, piscina y un restaurante. Lo recomendamos encarecidamente. este pequeño y acogedor paraíso",5,google_places_api,bahia pez vela resort,2026-04-24
"Tuvimos una increíble experiencia de rafting en rápidos, definitivamente uno de los aspectos más destacados de nuestro viaje. Nuestros guías, Ralf y Star, fueron fantásticos, amables, conocedores e hicieron que todos se sintieran seguros y confiados desde el principio. Explicaron todo claramente y mantuvieron toda la experiencia divertida y relajada. Es una gran actividad para familias con el equilibrio perfecto entre emoción y tranquilidad. La recomendaríamos al 100%.",5,google_places_api,aventuras del sarapiquí,2026-03-29
"Grace y Tracy han sido absolutamente maravillosas con nosotros durante nuestra estadía. Son las personas más dulces que jamás haya existido y harán todo lo posible por ti. La comida es increíble y nos encanta su desayuno y pasar las mañanas con ellos. Si buscas un buen lugar para detenerte, incluso para tomar una copa, este es tu lugar.",5,google_places_api,cafe mar azul,2025-12-31
"Increíble, mi hijo eligió este lugar y decidimos parar. Comimos un gofre con fresas y plátanos. El gofre era increíblemente ligero y esponjoso con una capa exterior caramelizada que era deliciosa. Sirven café recién hecho y expreso, el mejor café que he probado desde que visité el país. Era tan bueno que tomé un café helado para llevar. El servicio fue rápido. El personal fue amable y hospitalario. Si te sientes como un mono, prueba el mono gofre. No te decepcionará.",5,google_places_api,waffle monkey flamingo,2026-03-05
"aunque el mercado tiene algunas gemas, es más o menos exactamente la misma basura producida en masa que se encuentra en todas partes, desde San José hasta Quepos y Jacó, y hasta Golfito. Dudo mucho que los vendedores realmente creen sus propios productos, considerando que puedes encontrar exactamente las mismas cosas en cualquier tienda de souvenirs del país. Hay algunas gemas con productos únicos e interesantes allí, pero la experiencia se arruina porque varias personas intentan venderte cosas por 4 5 veces su valor real en souvenirs. Intenta encontrar a alguien que esté fabricando sus productos. En el puesto es difícil en San José, pero en Dominical, Quepos y Uvita tienen mercados que, aunque están llenos de la misma basura cara, tienen algunos artesanos legítimos, los precios son más o menos los mismos, pero son productos genuinos hechos a mano.",1,google_places_api,mercado de artesanías,2026-07-05
"Excelente ubicación cerca de la playa y en una calle tranquila. Me he alojado en el área cuatro o cinco veces y esta es la primera vez que me hospedo en este hotel y definitivamente regresaremos. Tuve una estadía excelente y quedé realmente impresionado por lo bien que lo manejaron. El propietario Dan está muy involucrado en las operaciones del día a día y se puede sentir el orgullo y el cuidado en cada detalle. Las instalaciones estaban impecables y bien mantenidas y la ubicación hizo que fuera fácil llegar a todos los lugares a los que necesitaba ir sin dejar de sentirme relajado y tranquilo. Lo más destacado para mí fue la piscina hermosa, limpia y clara. cuidado con especial atención, lo que realmente distingue a este lugar es lo lejos que llega el propietario para los huéspedes, desde pequeños toques bien pensados hasta el registro personal para asegurarse de que todo fuera perfecto, el nivel de servicio fue más allá. Definitivamente me hospedaría aquí nuevamente y lo recomiendo encarecidamente a cualquiera que busque un hotel cómodo y acogedor bien administrado. Si es importante, también puede tirar el papel higiénico aquí, mientras que en la mayoría de los lugares en los que me he alojado no se puede. Hay una tienda de comestibles en el lugar y el propietario la dirige estuvo cerrada un día y la abrió solo para ayudarnos a conseguir algunas cosas. Recomiendo encarecidamente alojarse aquí.",5,google_places_api,palm beach inn playa grande guanacaste costa rica,2026-01-08
"es un lindo hotel boutique que satisfizo nuestras necesidades y marcó todas las casillas, especialmente con niños a cuestas, me refiero a entrar y tener monos aulladores comiendo mangos, es bastante inolvidable. Las iguanas al lado de la piscina eran tan geniales, mis hijos estaban en el cielo. La ubicación es excelente en la ciudad. El estacionamiento necesita mejoras con la zanja que sale de la carretera. El personal es amable. Las habitaciones eran en su mayoría limpias, cucarachas, pero necesitan mantenimiento en las paredes agrietadas. Las puertas se deslizan y se cierran por completo, etc. Siento que solo necesita algunos proyectos de fin de semana. 5 estrellas completas, pero mi hija se cortó el pie con las baldosas de las escaleras de la piscina lo suficiente como para necesitar puntos. No podía ir a la playa. No podía hacer snorkel en el océano y afectó su capacidad para caminar. Muy triste. Le dije al personal y nadie se disculpó ni hizo mucho. Pedí curitas o un botiquín de primeros auxilios y me dijeron que había una farmacia al otro lado de la calle. Fue realmente frustrante y triste que se cortara el pie tan profundamente con las baldosas de la piscina o tal vez había un trozo de vidrio en la piscina. La naturaleza que rodea el hotel es hermosa. Me encanta el ambiente también. la comida del restaurante es insatisfactoria, también una coca cola es 5. Teníamos el bungalow más grande con un patio lateral cercado que era ideal para los niños para dejarlos correr afuera en un área cerrada por el precio y la experiencia en general que recomendaría, pero daría mi advertencia.",4,google_places_api,hotel pasatiempo,2026-04-25
a pocos pasos de Banana Beach propiedad encantadora personal amable ubicación privilegiada realmente no se puede pedir más,5,google_places_api,hotel atrapasueños dreamcatcher hotel,2026-02-18
me encanta,5,google_places_api,villas tramonti,2016-12-23
Este hotel es un oasis absoluto en medio de una ciudad concurrida. Tiene un hotel tranquilo y una piscina con una gran terraza cubierta por árboles llenos de monos y un paseo fácil hasta la playa y cualquier cosa en la ciudad. La cafetería adjunta ofrece la comida y el café de la más alta calidad que hemos tomado. Agustín es un gran anfitrión. Sin duda nos hospedaremos aquí nuevamente.,5,google_places_api,refugio lodge hotel en tamarindo,2026-03-08
"nuestra casita estaba a la vuelta de la esquina de este gran lugar, por lo tanto, la visitamos a menudo disfrutamos de los nachos y las bebidas de la hora feliz, muchas veces los propietarios son canadienses muy hospitalarios y divertidos, vimos el último juego si el juego olímpico de hockey masculino aquí la energía era increíble, el personal es increíble, muy recomendable para una excelente compañía de comidas y bebidas.",5,google_places_api,coco s tiki bar,2026-03-21
gran lugar para quedarse,5,google_places_api,cabinas coco azul guanacaste,2023-01-07
Disfruté absolutamente de mi estadía en casajungla. Elegí quedarme más lejos de la ciudad para evitar el ruido y sentí que esa decisión funcionó a mi favor. Tranquilidad por la noche y muy fácil acceso a la playa. El servicio fue excelente y servicial. Me encantaron las vibraciones hippies únicas. Me quedé en la cama doble privada y el aire acondicionado funcionó perfectamente. Un lugar perfecto para publicar mi corta estadía en Jacó. Lo recomiendo encarecidamente.,5,google_places_api,casajungla hostel,2025-05-02
"Por el precio, es una buena oferta para Costa Rica. Un pequeño albergue familiar que solo tiene cinco habitaciones, pero es todo nuevo. Cada habitación tiene aire acondicionado y un bonito baño con ducha grande. Está ubicado en un pequeño vecindario cerca del centro de La Fortuna, en un pequeño río con linda vista del volcán Arenal.",4,google_places_api,hotel campestre arenal,2020-01-07
"una cafetería mini y elegante con postres deliciosos. Es un buen lugar para relajarse para un jefe amigable por la tarde. Recomiendo este lugar a todos. Este es mi café favorito en Alajuela. Por cierto, esta tienda vende lindas prendas de punto hechas a mano, como posavasos y colgantes.",5,google_places_api,crema dela crema café,2024-06-29
"Nuestra estadía en Cabinas Corazón fue perfecta. Los anfitriones son maravillosos e hicieron todo lo posible para ser atentos y serviciales durante toda nuestra estadía. La propiedad en sí es hermosa. Hay una gran piscina con flores y árboles frutales. Hay un edificio de rancho central con un baño cerca de la piscina. El rancho tiene una parrilla y una mesa al aire libre y preparamos un banquete navideño desde que estuvimos allí durante las vacaciones. Nos hospedamos en la suite de safari de buceo, que era espaciosa y presentaba algunas obras de arte local hechas a mano. La cocina era excelente y estaba bien equipada con los utensilios y elementos básicos necesarios para almacenar y prepare la comida, la ubicación era perfecta, estábamos a minutos de tamarindo y fue agradable alojarse en un lugar más tranquilo que las concurridas zonas turísticas. Hay una tienda de comestibles al otro lado de la calle y varios restaurantes y tiendas en el área y autobuses turísticos para excursiones y nuestro servicio de transporte al aeropuerto nos recogió en la propiedad. Definitivamente nos hospedaremos nuevamente.",5,google_places_api,hotel cabinas corazón,2024-01-03
"Me encanta este lugar Diego, el dueño es una persona muy agradable y todo el personal, un menú equilibrado, un excelente gin tonic, una piel de papa deliciosa, maravillosa y natural, hasta ahora, las mejores papas y, por supuesto, ensalada de trucha.",5,google_places_api,café local,2025-09-01
"Me he hospedado en el hotel Lía varias veces y cada vez estoy más impresionado. Si ha estado viniendo a Jacó por un tiempo, reconocerá esta propiedad como la antigua Copacabana. Lo notable no es simplemente que fue renovado, sino que fue reinventado. Los nuevos propietarios claramente tuvieron una visión y la siguieron. Nada parece accidental. La arquitectura. El paisaje. La piscina. Una cosa que aprecié especialmente fue que la propiedad tiene diferentes personalidades dependiendo de dónde se encuentre, el área de café tiene su propio ambiente, la piscina tiene otro beso, tiene su propia energía por la noche, pero aún así todo se siente como un lugar cohesivo, el personal fue consistentemente cálido, profesional y genuinamente comprometido, se tiene la sensación de que la gente aquí se enorgullece de lo que están creando. El conserje Fabiola es maravilloso y siempre está listo para ayudar. Este no es solo otro hotel remodelado, se siente como una propiedad con una identidad clara, es una joya rara en Costa Rica. Felicitaciones a todos los involucrados en transformar un conocido hito de Jacó en algo que aún respeta su historia y al mismo tiempo crear una experiencia completamente nueva no es un logro pequeño. Definitivamente regresaré.",5,google_places_api,lia hotel jaco adults only,2026-07-12
"Alquilamos una motoneta desde aquí, fueron muy serviciales, entregaron la motoneta a nuestro hotel y también la recogieron en el hotel. Realmente nos ayudaron. Creo que tienen una tarifa de alquiler de bicicletas muy económica y no nos quedamos allí ni usamos las otras instalaciones del albergue.",5,google_places_api,rocking j s beach front hostel,2026-06-02
"hospedarme en sabroso dayz ha sido una experiencia absolutamente maravillosa. Se suponía que debía irme de Puerto Viejo hace cinco días, pero no me atrevo a irme. El albergue está ubicado justo enfrente de la playa y está a solo un corto paseo en bicicleta de la ciudad. El albergue tiene bicicletas para alquilar por 7 días, lo cual es muy conveniente. El restaurante contiguo, Delicious Waves, tiene comida fantástica. Los huéspedes del albergue obtienen 10 de descuento y actividades semanales divertidas, pero lo que realmente distingue a Sabroso Dayz es la gente, los voluntarios del personal, son tan amables y acogedores. He hecho tantas amistades en el poco tiempo que llevo. He estado aquí, ya estoy planeando un viaje de regreso. No puedo recomendar un día lo suficientemente sabroso.",5,google_places_api,tasty dayz hostel,2026-04-18
"Esto es una estafa, pusieron estas fotos aquí y cuando llegues, la casa no tiene piscina y no está frente a la playa, ten cuidado.",1,google_places_api,casa santa teresa,2022-08-08
"increíble comida increíble llegamos tarde después del atardecer, así que nos perdimos la vista, pero el restaurante tenía capacidad para 11 de nosotros caminando con la música fue genial y el entretenimiento fue inesperado cuando una mujer bailaba con fuego y caminaba alrededor de cada mesa involucrando a los clientes del restaurante en su acto. Muy genial, excelente para mantener a los niños entretenidos, la mejor ensalada Cesar con pollo, increíble pasta con pesto de pollo, tal vez tenía hambre, pero esta comida me hizo tener una respuesta visceral con cada bocado.",5,google_places_api,coco s herradura restaurant bar,2026-02-15
La comida y los precios son realmente buenos. Definitivamente es una buena parada para comer.,5,google_places_api,soda el turrialbeño,2018-04-28
"Bonito lugar, anfitriones serviciales, aunque las habitaciones están un poco anticuadas, son grandes, una pequeña cocina, un baño, dos camas y están limpias. Hay un desayuno gratuito con frutas, pan, queso, huevos, café y jugo. También hay buena presión de agua en las duchas, lo cual es agradable después de la playa. La única desventaja real es la distancia de la playa, pero la caminata no es tan mala y puedes alquilar bicicletas.",5,google_places_api,casa talamanca,2016-12-30
"Esta es una joya escondida, las habitaciones estaban limpias y ordenadas y estaban muy bien distribuidas, el personal era muy amable, incluido el perro y el gato. El único inconveniente para mí fue que estaba bastante lejos de la parada de autobús al salir, pero podría haber tomado un taxi. Supongo que estaba lo suficientemente lejos del centro como para pasar momentos tranquilos y relajantes junto a la piscina. Ah, y casi se me olvida mencionar que los vecinos tienen uno o dos gallos, así que nunca tendrás que preocuparte por dormir demasiado tarde. Jaja, en general, fue un lugar limpio y seguro donde quedarte. Lo recomiendo encarecidamente eso",5,google_places_api,jaco lodge quiet place,2026-01-27
bueno,4,google_places_api,hotel los sueños,2018-01-15
"Qué delicia escondida en las calles laterales de Coco, no se deje intimidar por la ubicación, esta es una que no querrá perderse. El pescado es el foco y hay una razón para eso, hecho muy bien, este pequeño lugar sin pretensiones ofrece tranquilidad, clase y un servicio impecable a solo un tiro de piedra de Coco Beach. Echa un vistazo a las picantes margaritas ahumadas.",5,google_places_api,restaurante mar azul,2026-04-27
Pequeño y ordenado en medio de la jungla. Buena comida y bebidas. Simplemente no le gustó que le cobraran 10.000 colones por salir con 45 minutos de retraso.,4,google_places_api,sun sun lodge,2021-11-30
El café corozon tenía excelente vibra y un servicio muy amable para un almuerzo tranquilo en un ambiente relajado con buena música. El restaurante sirve excelentes cócteles de café y opciones de cerveza y el menú ofrece algo para todos. Mi esposa pidió una hamburguesa vegana y es una de las mejores hamburguesas vegetarianas que he probado. Pedí el poke bowl vegetariano que estaba delicioso. También comimos guacamole y pita. El guacamole era excelente pura vida.,5,google_places_api,cafe corazon,2026-05-05
Nos alojamos en Beach Heaven durante 3 semanas y nos encantó. Bryan es un anfitrión increíble.,5,google_places_api,beach heaven nosara,2022-12-06
"Gran lugar, espacio abierto, bonitas habitaciones y tienes todo lo que necesitas cerca.",5,google_places_api,kenny boutique hotel,2025-11-29
"¿Qué puedo decir? La comida fue excepcional. Desayuno, almuerzo y cena. Alojarme en el hotel y comer aquí fue lo más destacado del viaje. La comida estuvo maravillosamente presentada y deliciosa. El espíritu sustentable desde la granja hasta la mesa realmente se transmitió. La comida era muy sabrosa y muy bien presentada. El personal siempre fue excelente. Las hermosas vistas fueron una ventaja adicional. Este es un lugar al que debes ir.",5,google_places_api,restaurante el tigre vestido,2023-05-09
"Bueno pero puede mejorar algunas cosas como toallas de mano, dispensador de papel higiénico, cocina, cafetería, piscina y estacionamiento.",3,google_places_api,manuel antonio hostel resort,2017-12-31
"este lugar es fantástico, la comida estuvo excelente, el dueño muy agradable, incluso se ofreció a mostrarnos el perezoso que a veces pasa el rato cerca del restaurante, además el laberinto es una gran ventaja, nos llevó entre 10 y 15 minutos salir, muy recomendado.",5,google_places_api,soda cantón 83 the maze family business,2026-03-17
"Tuvimos una estadía increíble en el Westin Reserva Conchal desde el momento en que llegamos, todo se sintió perfecto y relajante, exactamente lo que desea de una escapada con todo incluido. El paquete familiar con todo incluido realmente hace que valga la pena. Tener todo cuidado, desde las comidas hasta las actividades, hizo que el viaje fuera libre de estrés y agradable para todos. La propiedad en sí es impresionante, con jardines bellamente cuidados, fácil acceso a la playa y mucho espacio para explorar o relajarse. Las piscinas fueron fantásticas y alojarse en habitaciones más cercanas a la piscina lo hizo aún más conveniente, especialmente con los niños. Las opciones de comida y comida fueron lo más destacado. Gran variedad. Alta calidad. y algo para todos, ya sean bocadillos informales o cenas más formales, todo fue consistentemente agradable, el servicio en todo el resort fue excelente, el personal fue amable, atento y siempre dispuesto a ayudar a que la experiencia se sintiera realmente acogedora. Un saludo para el niño de entretenimiento que realizó actividades junto a la piscina cada hora durante la fiesta. En general, este es un destino perfecto si está buscando unas vacaciones relajantes y completas en Costa Rica. Lo recomiendo encarecidamente para familias, especialmente si está considerando la opción todo incluido.",5,google_places_api,hotel westin reserva conchal,2026-04-28
"truco de viaje compre un pase de un día en le papillon no se arrepentirá si visita manuel antonio en abril prepárese para el calor y la humedad intensos, nos tomó por sorpresa más de lo que esperábamos las playas son absolutamente hermosas, pero tienden a llenarse y con temperaturas del agua que rondan los 85 90 f un chapuzón refrescante no siempre está en las cartas, estacionar cerca de las playas también puede ser una molestia y sentirse un poco inseguro a veces aquí está el truco si se hospeda en un airbnb o alquila en manuel antonio o quepos sin piscina, puedes comprar un pase de un día en le papillon, el restaurante y la piscina del resort la mariposa, una vez que descubrimos esto, lo convertimos en nuestro ritual de la tarde para relajarnos junto a la piscina después de las actividades de la mañana dos días seguidos y fue absolutamente correcto, un agradecimiento especial al camarero yerald, quien fue excepcionalmente cálido, atento y talentoso, sus cócteles fueron excelentes y la comida excelente, así es como funciona el pase de un día. 50 por persona, 10 se destinan al acceso a la piscina, los 40 restantes son comida y crédito para bebidas si excede el crédito, el personal le notificará y usted liquidará la diferencia al final. Creo que el acceso a la piscina finaliza a las 6:00 p. m., pero no lo recuerdo porque salimos a las 5:30 ambos días. Le recomiendo incluir esto en su itinerario. Es una manera maravillosa de recargar energías en medio de un día caluroso.",5,google_places_api,le papillon restaurante,2026-04-07
"Llegamos a Los Pinos el 22 de enero después de un viaje desde La Fortuna en bote a través del lago Arenal y caminos de montaña en la tercera etapa de nuestra aventura costarricense. Nos quedamos dos noches. El sitio era hermoso. Una pequeña reserva ubicada en el área de Monteverde, no muy lejos de la ciudad. Pero no lo pensarías cuando las puertas principales estaban cerradas y te instalabas en tu cabaña. allí había un fregadero de cocina adecuado, vitrocerámica, microondas y horno tostador con muchas ollas, sartenes y equipo de cocina. El baño era pequeño pero perfectamente adecuado y estaba limpio. La habitación en sí era espaciosa y la cama muy cómoda. Anna en recepción fue muy útil para organizar una visita a la reserva de Selvatura en el bosque nuboso, puentes colgantes, tirolesa y un santuario de perezosos. Muy recomendable. Al día siguiente fuimos a la ciudad a buscar suministros para el desayuno. Hay un supermercado y una panadería a solo unos metros de la puerta principal de Los Pinos y visitamos un restaurante de tortillas para disfrutar de una excelente comida. cena el clima estuvo soleado finalmente logramos secar nuestro equipo de natación y caminata de los días anteriores pero bastante ventoso el sitio tiene sus propios senderos forestales y un gran invernadero donde creo que cultivan verduras que puedes comer si lo deseas. Lo más destacado fue abrir las cortinas la primera mañana para encontrarme con un grupo de mamás y bebés coatíes que buscaban su desayuno afuera de la ventana y en la terraza, otro lugar maravilloso en un país maravilloso.",4,google_places_api,los pinos cabañas reserva,2026-02-08
"Me encanta La Junta, es el único lugar en el que me quedaré en Dominical. Ahora vivo en California, pero viajo mucho a Costa Rica por trabajo y voy a Dominical varias veces al año. Descubrí La Junta el año pasado, unos meses después de que abrieron. Me estaba quedando con un amigo en otro lugar de la ciudad cuando notamos el colorido letrero de La Junta y decidimos parar a almorzar. Nos sirvió Chris, el propietario, e inmediatamente nos enamoramos del lugar. Nos quedamos impresionados por la calidad de la comida. la decoración genial y realmente nos gustó Chris y su esposa Stephanie cuando mi amigo y yo nos dimos cuenta de que también tenían algunos pequeños bungalows agradables, decidimos probar un par para pasar la noche, así que me alegro de haberlo hecho. Las habitaciones son muy cómodas, muy limpias y están bien decoradas con pequeños detalles lindos pero de buen gusto. Hay hamacas colgando afuera de cada habitación y una pequeña cocina compartida para que los huéspedes usen. Cada habitación tiene un refrigerador y una cafetera con el mejor café que haya probado. La ubicación también es excelente. Están justo al lado de las mejores tiendas y mercados. en la ciudad y a solo unos minutos a pie de la playa. He regresado varias veces desde entonces y planeo regresar muchas más para las vacaciones de primavera. Traje a mi esposa, mis hijos y sus amigos a Costa Rica y reservamos todos los bungalows en la junta por unos días. A todos les encantó. Definitivamente fue lo más destacado de nuestro viaje. En resumen, las habitaciones son excelentes, la comida es excelente y la ubicación es excelente. Las verdaderas estrellas del espectáculo son Chris y Stephanie, aunque son una pareja joven y aventurera de Carolina del Norte que hace que la magia suceda en Dominical. Chris es un chef de alta cocina con formación clásica que aporta un increíble talento, habilidad y creatividad a su menú en la junta. Él, Stephanie y su hijo pequeño realmente han creado algo especial. Recomiendo encarecidamente alojarse allí en su próximo viaje a Dominical, incluso si por alguna razón no se queda en La Junta mientras está en Dominical, hágase un favor y vaya a comer allí. Me lo agradecerá más tarde.",5,google_places_api,rio barú tropical boutique room at la junta,2022-08-19
"Me dijeron que no pueden proporcionar agua del grifo. He bebido agua del grifo aquí durante años sin problemas. Les pregunté cómo lavan los platos. El camarero dijo que compraron grandes jarras de agua. No pudieron ofrecer eso al cliente en casa. El agua notó que el menú decía que no incluye impuestos, pero no dice en qué consisten los impuestos o cuáles son los impuestos. El camarero no pudo darme una respuesta directa sobre cuáles eran los impuestos. y nos fuimos sin comer ni beber nada 0 5 si pudiera dárselo",1,google_places_api,villa italia restaurante playas del coco,2026-04-11
"No reserve si pudiera darle a este albergue cero estrellas. Honestamente, me he alojado en algunos lugares difíciles mientras viajaba, pero este se lleva la corona por lo peor. La habitación estaba llena de chinches, lo cual descubrí de la manera más difícil después de despertarme cubierto de picaduras. Además, había moho negro en todas partes en las paredes alrededor de las ventanas, incluso creciendo en las cortinas. El olor a humedad y moho te golpea en el momento en que entras. El piso está sucio y desmoronándose. no se ha actualizado desde la década de 1980, todo se siente sucio, obsoleto y completamente descuidado. Viajar debería ser una aventura, pero quedarse aquí se sentía más como un peligro para la salud. Hazte un favor y quédate literalmente en cualquier otro lugar, tus pulmones, tu piel y tu cordura te lo agradecerán.",1,google_places_api,madre selva jungle hostel,2026-04-15
Cena maravillosa con una hermosa vista. Nuestra camarera fue muy atenta con nuestras solicitudes. Definitivamente lo recomiendo si estás cerca.,5,google_places_api,restaurante el mirador de alajuela,2025-03-12
"Una experiencia absolutamente increíble en el restaurante indio tandoor en Playa del Coco, Costa Rica, el pollo con mantequilla era rico, cremoso y lleno de auténticos sabores indios, cada bocado estaba perfectamente equilibrado con deliciosas especias, el naan con ajo era fresco, suave, mantecoso y perfectamente horneado, una combinación ideal con el pollo con mantequilla, el servicio fue amable, el ambiente era acogedor y la calidad de la comida era excelente. Si anhelas la auténtica cocina india en Costa Rica, este es definitivamente el lugar para visitar, muy recomendado y definitivamente regresaré.",5,google_places_api,tandoor indian restaurant el coco,2026-07-07
"Recomiendo mucho venir aquí si estás en el área antes de llegar, detente en la oficina en la carretera principal para comprar boletos. No pagues el camión que te llevará. Haz la caminata en el camino. Vimos monos coatíes y un tucán. Si estás agotado en el camino de regreso, puedes pedir que te lleven y pagar en efectivo en el lugar. Trae zapatos para el agua o sandalias, una toalla, agua potable y algo de comida. Excelente experiencia. A nuestros niños les encantó.",5,google_places_api,cataratas nauyaca nauyaca waterfalls,2026-06-16
"Gran cafetería pequeña muy cerca de la plaza principal excelentes precios y servicio rápido, sus sándwiches se ven increíbles",5,google_places_api,armonía café,2025-04-18
"un hermoso lugar para hospedarse, lo recomiendo encarecidamente y definitivamente nos quedaremos aquí la próxima vez que visitemos alex y andrea son anfitriones maravillosos, asegúrese de comunicarse con anticipación ya que tienen muchas recomendaciones para recorridos y alex incluso puede llevarlo él mismo. Nos hospedamos en la casa bosque, que tenía una hermosa vista de las montañas y un espacio para tomar su café de la mañana y observar los tucanes. Una corta caminata hasta una plataforma para otra hermosa vista. Planifique un tiempo de inactividad durante su visita para que pueda caminar por los senderos y explorar la granja. Incluso lavaron la ropa para nosotros, amables y expertos. anfitriones pura vida",5,google_places_api,finca sunset monteverde,2025-12-18
"comida y ambiente increíbles, ambiente perfecto de pura vida, como la mayoría de los restaurantes en Costa Rica, no esperes que tu comida salga rápidamente, pero vale la pena la espera. Comí pescado al ajillo y estaba hojaldrado y sabroso.",5,google_places_api,soda ranchito doña maria,2026-01-23
"La señora que dirigía la tienda era muy agradable, la comida no sabía muy bien, lamentablemente, y mi pareja y yo nos sentimos mal después de comerla.",2,google_places_api,soda corazón de jesús,2023-02-11
buen servicio buen desayuno habitaciones limpias un poco viejas,5,google_places_api,tamarindo inn,2025-02-01
"Obtén el mapa, solo son 300, pero dijeron que estaba solo en español, así que no quería desperdiciar el papel. El lugar es enorme, así que realmente lo necesitas o te perderás algunas cosas. Un museo maravillosamente interactivo de todo para niños. También es divertido para adultos. Claramente no leí las cosas correctamente y pensé que era un museo sobre la infancia en Costa Rica, pero aún así me encantó cada minuto. El personal es increíble, son proactivos y están dispuestos a mostrarte los alrededores. No hablo español y aun así lo intentaron en un momento. Fueron y encontraron. un par de miembros del personal que confían en su inglés para llevarme por la casa basculante fueron muy amables y entusiastas. Ojalá hubiera sabido sus nombres. Algunas de las exhibiciones más antiguas tienen traducciones al inglés. Desafortunadamente, han desaparecido de las más nuevas. Es una pena que las quiten, ya que las hace más accesibles. Es muy asequible y puedes pasar un día entero allí.",5,google_places_api,museo de los niños costa rica,2024-10-31
"Dios mío, no puedo decir lo suficiente sobre esta villa. El camarero del personal de la sala de comida fue increíble. Un gran agradecimiento a Abigail Ashley Carlos y Sam. Son un equipo increíble y la comida era fresca, sabrosa y perfecta. Realmente aprecio todo y estamos ansiosos por volver. La maravillosa piscina y las vistas son impresionantes. Pura vida.",5,google_places_api,villa buena onda all inclusive micro resort playas del coco,2025-06-24
"Este lugar es súper lindo y tiene una excelente ubicación justo al otro lado de la playa. Nuestro camarero fue muy amable y servicial. Mi tostada de aguacate estaba deliciosa, pero mi única queja es que el café y las bebidas matcha sabían a leche. No recomendaría comprarlas porque, en primer lugar, ya son un poco caras, pero en general lo disfruté mucho para el brunch.",4,google_places_api,baya baya café bar,2026-06-20
experiencia absolutamente fantástica en el bar restaurante manglar la comida era increíble el ambiente era hermoso y el servicio realmente se destacó nos sentamos afuera bajo el toldo y nuestro camarero hizo todo lo posible para asegurarse de que estuviéramos cómodos al instalar un ventilador adicional para nosotros junto con el ventilador de techo que ya estaba encima de la mesa ese nivel de atención y cuidado hizo que la noche fuera aún mejor excelente comida excelente servicio y un gran ambiente definitivamente recomiendo este lugar si estás en jaco costa rica,5,google_places_api,el manglar seafood grill,2026-05-23
"Nos encantó esta panadería en Puerto Viejo. Ofrecen una cena especial todos los martes y fue realmente increíble. Una de las mejores comidas que tuvimos durante nuestra estadía. La comida estaba deliciosa, cuidadosamente preparada y llena de sabor. El servicio fue excelente, amable, atento y profesional. Todo estaba muy limpio y el ambiente era cálido y acogedor, lo que hace que toda la experiencia sea aún mejor. Muy recomendable si estás en Puerto Viejo, especialmente un martes por la noche. Definitivamente regresaremos.",5,google_places_api,puerto viejo bakery de gustibus,2026-01-28
"la pizza estaba buena, la corteza era un poco dura, conseguí la pizza barbacoa y margarita, la salsa de la casa era buena, el precio era un poco alto, este lugar tiene una gran vista y el servicio al cliente es increíble, espera hasta que pidas una foto editada, desafortunadamente algo estaba mal, tuvimos malestar estomacal después de comerla.",3,google_places_api,restaurante the roof,2025-12-07
Tuve una agradable estadía durante un fin de semana. Son serviciales. Las cabañas están ubicadas en una ubicación perfecta y te despiertas con una vista increíble. El personal fue muy servicial.,5,google_places_api,cabinas la catarata fortuna,2026-02-16
"finca chiribita está en un hermoso entorno y vimos más aves aquí que en cualquier otro lugar durante nuestros viajes en Costa Rica. Las cabañas tienen terraza y son muy nuevas con hermosos muebles hechos a mano. Andreas fue un gran anfitrión e hizo desayunos maravillosos. Nos encantó la ciudad de Orosi, que ofrece algunos buenos restaurantes.",5,google_places_api,b b finca chiribita boutique hotel unterkunft navarro orosi cartago costa rica,2023-02-28
"tiene las características de un gran restaurante, hermosas carpinterías en la carretera principal, mucho espacio para sentarse y estacionar, pero se pierden el lugar por una milla con solo un camarero durante el desayuno a las 7:30 a. m., después de sentarse, el camarero tardó 10 minutos en tomar el pedido, otros 10 minutos para que el camarero trajera las bebidas y 35 minutos para la comida y esa no es la peor parte, había moscas y abejas dulces vagando por todas partes y la crema agria, creo, tampoco estropeado o dejado afuera por mucho tiempo fuera del refrigerador. Lo único bueno fue que el desayuno sabe muy bien. Esta administración está recortando demasiados costos, lo que hará que un gran restaurante sea realmente malo.",2,google_places_api,restaurante rancho jsm,2025-11-05
"Excelente ubicación para caminar a los restaurantes de la playa y al parque nacional Manuel Antonio. El hotel nos recomendó y nos preparó todas las excursiones que pudimos pagar a través del hotel y luego simplemente nos presentamos en el lobby para que el guía turístico nos recogiera el día del desayuno. Era una mezcla de comidas americanas, europeas y costarricenses. Las habitaciones estaban muy limpias y actualizadas, con aire acondicionado y hermosos balcones. Áreas para sentarse al aire libre.",4,google_places_api,hotel villabosque eco boutique,2025-12-19
"Para ser claros, este lugar es un gran hallazgo, es un paseo saludable desde Playa Biesanz, pero a muy poca distancia en auto verás un montón de naturaleza aquí y no te decepcionarás. Tuvimos monos en el desayuno corriendo y tantos tucanes ven fotos. El restaurante era bueno pero un poco caro, sin embargo, era auténtica cocina coreana, lo cual fue genial de ver, es un poco más íntimo que un hotel más grande. Piensa b b, pero tienes muchas de las comodidades de un espacio más grande y la hora feliz es agradable. La mejor parte es la vista. simplemente no puedo superarlo",5,google_places_api,mango moon villa,2026-02-01
Gran lugar para disfrutar de excelente comida local. También aceptan grupos más grandes. Esta organización está dirigida profesionalmente y lo hacen con amor y alegría. Me encanta la comida. Me encanta el ambiente. Me encanta el personal. Lo recomiendo encarecidamente.,5,google_places_api,soda paco alfaro,2023-07-04
Bonita vista sobre el río con comida decente. Vimos legunas y muchas aves.,5,google_places_api,vista al río,2025-01-04
excelente,5,google_places_api,soda allan,2019-07-12
"un poco fuera de la ciudad, mucho más tranquilo, los propietarios, el personal es increíble y amable, y las camas son súper cómodas. Lo recomiendo y me alojaré aquí de nuevo.",5,google_places_api,cabinas hukats secret jungle,2025-09-14
excelente restaurante con vista a San José ambiente increíble opciones para sentarse en el interior o al aire libre excelente servicio la comida estaba deliciosa muchas buenas opciones en el menú para todos los amantes de la comida y el costo era muy razonable un verdadero diamante muy recomendado,5,google_places_api,restaurante el mirador de alajuela,2026-02-05
Los chicharrones estaban tan ricos que crujientes.,5,google_places_api,santo barril,2025-08-02
Pasamos la primera noche aquí en Costa Rica y la pasamos muy bien con la ayuda de Jason. Se tomó el tiempo para asegurarse de que no solo tuviéramos una excelente comida sino también una gran experiencia. Volvería sin duda alguna.,5,google_places_api,bar dolce vita,2025-03-15
"lindo restaurante familiar, hermosos paisajes y un equipo muy agradable y amigable. El anfitrión habla inglés, lo cual fue una ventaja para nosotros que no sabemos mucho español. Comimos tacos en este lugar y fue fantástico. Todo era muy fresco y delicioso y el precio era razonable. Pruébalo si estás en esa zona.",5,google_places_api,soda mi sueño,2023-06-15
"este lugar es una joya, comenzando con el personal, el gerente josue y el personal mariela adrian, fueron muy agradables, acogedores, agradables y atentos, nos hicieron sentir muy bienvenidos, el lugar estaba impecable y nuestro 28 tiene la mejor vista, una vista hermosa, limpia e impresionante del volcán Arenal. La ama de llaves también fue muy buena. Nuestra habitación estaba impecable cada vez que la ubicación es la correcta, donde toda la acción está justo al lado de la ciudad. Muy recomendable.",5,google_places_api,la fortuna lodge by treebu hotels,2026-06-21
"Me encantó este pequeño hotel boutique. Conocimos a un par de personas que dirigen el lugar y fueron muy amables y serviciales. Edward y Juan. Gracias por todo lo que hicieron que nuestra estadía fuera increíble. Me encantó tener pequeñas charlas con usted. También la señora del desayuno y la camarera. Lo siento. Se me olvidó ambos nombres. Eran muy amables y los desayunos deliciosos. Nos sentimos como en casa aquí, especialmente con Gray y Lala. TV en la habitación gracias de nuevo boho espero volver a visitarnos",5,google_places_api,boho tamarindo,2026-04-17
Me encantó la sopa azteca y el ceviche de pescado. Ambos realmente lo recomiendan.,5,google_places_api,loco s restaurante y bar,2026-02-17
"nuestro lugar de desayuno favorito absoluto venimos aquí todo el tiempo y nunca decepciona el burrito de desayuno es nuestro favorito tan fresco, sabroso y delicioso en cada visita son muy consistentes el café es fácilmente el mejor de la ciudad y no decimos eso a la ligera normalmente tomamos un café con leche helado o si nos apetece un dulce le agregaremos vainilla tan delicioso el servicio siempre es increíble el personal es increíblemente encantador y acogedor y el ambiente es relajado cálido y acogedor realmente puedes sentir las buenas vibraciones aquí recomiendo encarecidamente si estás en el área este lugar es imprescindible para el desayuno y el café.",5,google_places_api,guayoyo coffee house,2026-02-21
muy buena comida local hecha y servida por una dulce anciana excelentes casados ​​y jugos naturales no hay menú así que no sabes cuánto estás pagando pero terminó siendo 15k colones por 2 casados ​​y 2 jugos,5,google_places_api,soda mi sueño,2026-06-19
"Nuestro guía turístico recomendó el desayuno aquí, terminamos yendo dos veces, fue tan bueno, el desayuno tradicional fue increíble y los precios también fueron buenos. A mi amigo no le gustó la salchicha, pero cuando fuimos la segunda vez, conseguimos el tocino, que estaba súper delicioso. Toda la comida es fresca y casera. Estoy seguro de que estaré soñando con este desayuno durante bastante tiempo. China, que dirige el lugar, fue muy dulce y paciente con nosotros, ya que no hablamos demasiado español. Tuvimos varios clientes habituales que nos ayudaron.",5,google_places_api,soda la china,2021-11-19
"Estuve allí durante 2 semanas en febrero de 2025. No se puede conseguir más justo en el medio de todo en Playa del Coco y hay como 15 restaurantes a 10 minutos a pie y a 5 minutos de la playa. Las villas son cómodas, cerradas, muy bien mantenidas y el personal es amable. Los precios son muy razonables en relación calidad-precio. Lo recomiendo encarecidamente.",5,google_places_api,luxury coco villas,2025-02-26
"no me quede aquí artículos robados y mala respuesta de la administración. Me he alojado en Casa Conde varias veces tanto por negocios como por placer, pero después de mi estadía más reciente nunca regresaré durante mi visita. Me robaron un collar de oro directamente de mi habitación. El collar estaba escondido en una mochila. Cuando estaba visitando a mi familia ese día, alguien entró en mi habitación y se lo llevó. Cuando informé del robo a la administración, se sorprendieron visiblemente, pero hicieron poco para ayudar u ofrecer una solución para empeorar las cosas. El ama de llaves dio una respuesta agresiva y trató de sugerir que el ladrón podría haberlo hecho. Entré por la ventana, lo que parecía totalmente irrazonable. Espero una mejor seguridad y servicio al cliente, especialmente cuando me hospedo en un hotel. Esta experiencia me ha dejado profundamente decepcionado y no recomendaría Casa Conde a nadie si valora sus pertenencias. Busque en otro lugar un lugar seguro y confiable para quedarse. Las habitaciones no tienen cajas fuertes.",1,google_places_api,casa conde hotel suites,2025-02-14
se me olvidó las fotos pero el lugar está bien limpio tiene tv lindas duchas dependiendo de lo que necesites puede incluir 2 camas con capacidad para 2 por cama la atención está bien nada increíble pero respetuoso y cubre tus necesidades es genial dejar tus pertenencias haz un viaje y pasa la noche,3,google_places_api,hotel las flores,2019-08-27
"este lugar es divino ubicado en el bosque nuboso con acabados de madera de diseño interior de sheek y comodidades de lujo. Nos alojamos aquí 2 días con toda la familia, 3 niños y mis padres. Ojalá me hubiera quedado desde el saludo de agua sapo hasta la granja, la comida de mesa, la microcervecería y la degustación de cerveza, los jabones boutique, la música en vivo y el excelente personal y los jardines, todo fue excelente. Su desayuno, tostadas francesas hechas con pan de plátano, estaba delicioso.",5,google_places_api,hotel belmar,2026-06-26
"Comida deliciosa a precios muy razonables, no muy concurrida y con un ambiente muy limpio y acogedor. Comí ensalada de verduras con pollo añadido y mi marido el pollo en salsa de champiñones.",5,google_places_api,restaurante las esferas,2026-03-30
"la comida era buena y fresca, pero la vista era mejor, el servicio no era malo, pero tienes la bandera, los camareros bajan de vez en cuando, las bebidas eran buenas y me gusta cómo puedes llevarlas, lo cual es ideal para terminar tu comida, elegimos obtener su firma para llevar una taza como recuerdo, lo cual fue un pequeño cargo adicional.",4,google_places_api,restaurante coco loco,2026-05-24
Me alojé aquí con dos amigos y reservamos la suite de lujo que era muy espaciosa. Nuestra habitación daba a la piscina y tenía dos porches con sillas. Experimentamos varios apagones durante nuestra estadía debido al terremoto. El conserje fue extremadamente servicial y nos ayudó a organizar actividades diarias y recorridos en general. Recomendaría este hotel como una opción económica con habitaciones grandes.,4,google_places_api,oceano boutique hotel bistró,2026-05-19
"delicioso arroz y frijoles con pollo lo recomendaría al 100, sin embargo, no recomendaría el bistec casada porque el bistec no era tan bueno, el resto del plato era muy bueno y el servicio fue rápido, un ambiente acogedor, muy satisfecho en general.",4,google_places_api,soda rest bar mari,2026-06-09
"Estábamos visitando a Manuel Antonio y queríamos probar la cocina local. Somos vegetarianos, por lo que siempre tenemos dificultades para conseguir buenas opciones, pero este lugar satisfizo todos nuestros requisitos. El sabor de la comida, la presentación y la porción fueron increíbles. El personal fue atento. El precio es muy razonable. El estacionamiento podría ser un problema, pero manejable. Definitivamente recomendaría este pequeño lugar de comida tranquilo pero increíble.",5,google_places_api,soda el angel,2026-04-06
ruidoso no muy limpio,2,google_places_api,cabinas punta uva,2017-02-28
"Busqué durante mucho tiempo un lugar decente en una zona con una cocina completa, mucho mejor de lo que esperaba. Muy limpio, tranquilo, tiene un mercado y el propietario del restaurante, Daniel Williams, no podría ser más servicial y siempre disponible. Recomiendo encarecidamente esta hermosa posada si disfruta de un poco de aislamiento pero muy cerca de la playa y de la ciudad y de otras ciudades no muy lejos.",5,google_places_api,palm beach inn playa grande guanacaste costa rica,2026-02-24
"Mi esposo y yo estábamos visitando Tamarindo e hicimos un charter de pesca. La pesca fue increíble y Enrique la preparó a nuestro gusto, incluyendo aperitivos, cena y acompañamientos, no una sino dos noches seguidas, estuvo delicioso y Enrique no pudo haber sido más servicial y amable. El restaurante tiene una vista perfecta de la playa y los barcos, así como una agradable sección cubierta en caso de lluvia. El personal fue atento y acogedor. Gracias Enrique por hacer que nuestras dos últimas noches en Costa Rica fueran tan especiales.",5,google_places_api,tabú,2026-06-21
"Había reservado y pagado por adelantado con Marisol Hostel a través de Airbnb, lo cual aceptaron y me enviaron mensajes de bienvenida y respondieron preguntas sobre mi estadía solo unas semanas después para decirme que no pueden hospedarme, eso no es justo la cantidad que pagué y sugirieron que estoy tratando de aprovecharlos pagando menos que en los EE. UU. y ni siquiera soy de los EE. UU., por lo que parecen tener problemas con los extranjeros de habla inglesa. No recomiendo intentar reservar con ellos.",1,google_places_api,lodge mar y sol,2025-11-04
"astro boutique hotel es una excelente opción en Nosara, ubicado en una zona tranquila cerca de la avenida principal, este hotel es moderno, limpio y cuidadosamente diseñado, la reciente remodelación muestra puertas y ventanas de calidad, ropa de cama impecable, azulejos pulidos y baños bien sellados, todo es importante en un clima tropical, aquí está rodeado de naturaleza y el hotel logra un gran equilibrio entre comodidad y medio ambiente, al mismo tiempo que se mantiene impecablemente, el ambiente es tranquilo y refinado y, como mujer que viaja sola, me sentí cómoda y segura, el restaurante del hotel no deja de impresionar con la comida y la presentación que coinciden con los estándares del hotel. Hotel rústico, está intencionalmente bien construido y bien hecho. Consejo profesional. Reserve directamente con el hotel para obtener la mejor tarifa disponible.",5,google_places_api,astra hotel boutique,2026-02-10
"es un maravilloso lugar familiar ubicado en una gran propiedad rodeada de bosque y una naturaleza increíble. Hay varias cabañas de madera repartidas por todo el terreno que ofrecen paz, privacidad y una atmósfera verdaderamente relajante. Los alrededores son hermosos con exuberante vegetación por todas partes en la mañana, incluso vimos agutíes, lo cual fue una agradable sorpresa. Detrás de las cabañas hay un mirador para el atardecer y una mañana tuvimos la suerte de ver un arco iris desde allí. Un momento realmente especial. El propietario fue extremadamente amable y servicial, brindándonos mucha información sobre los mapas de la zona, consejos y excelentes sugerencias para actividades. El desayuno fue entregado directamente en la cabaña. y consistió en un delicioso desayuno típico costarricense. Todo acerca de este lugar fue perfecto, pero lo que realmente se destaca es la genuina amabilidad y amabilidad humana. Un alojamiento ideal si buscas tranquilidad, naturaleza y cálida hospitalidad en Monteverde.",5,google_places_api,hotel de cabañas valle campanas,2026-01-15
"Servicio de personal de 5 estrellas, todos fueron amables y atentos. Comida de 3 estrellas, aunque la comida era buena. 25 por persona para la cena no valía la pena. No como porciones enormes y no había una gran cantidad de opciones, pero de cualquier manera no sentimos que fuera una buena relación calidad-precio. 3 al lado tenía una cama tamaño king grande, la cama no tenía resortes, es decir, se sentía como un bloque de espuma y no era muy cómoda, lo peor fue el ventilador provisto, que sonaba como el de los camiones. También se puede escuchar pasar por la carretera principal cuando intenta dormir por la noche. 3 estrellas para las bebidas, el precio de nuestra factura por 1 comida uniforme para 2, algunas cervezas y 1 copa de vino era 100.",3,google_places_api,chilamate rainforest eco retreat,2026-02-01
"Maravilloso por el precio de 10 por un pase de un día. Vine con mis hijos. Se lo pasaron muy bien. No nos quedamos en el resort, así que no puedo hablar de eso. Trae tus propias toallas o tienes que pagar extra por las toallas. También puedes traer tu propia comida. Muchos lugareños vienen aquí. A diferencia de otros resorts muy caros, tiene 2 entradas, así que con los niños pasa por el estacionamiento hacia la segunda entrada. Hay muchas más cosas que hacer con los niños todos juntos. Algunas piscinas están frías y otras calientes. Puedes moverte entre ellas. Terminamos pasando allí unas 5 horas en un día muy lluvioso y fue perfecto. No es un resort de lujo elegante, pero pagas mucho menos y puedes sumergirte y disfrutar.",5,google_places_api,hotel relax termalitas hot springs,2026-06-17
"este lugar cumple con todas mis expectativas en todos los ámbitos con un ambiente cálido, exclusivo, divertido y animado. Estoy muy feliz de haber encontrado esta joya de lugar. Yerlon era un camarero increíble y definitivamente regresaría aquí la próxima vez que esté en Costa Rica. Fue muy atento y acogedor y brindó un servicio impecable con una personalidad amigable. Pedí medio pollo, atún picante sobre pastel de dátiles con zanahorias glaseadas con arroz crujiente y todo fue realmente excepcional.",5,google_places_api,sendero kitchen,2026-05-08
"Si estás buscando una gran vibra, una pizza increíble e incluso mejores bebidas, te recomiendo que vengas a Amici, podría ser la mejor pizza que he probado en Costa Rica, el ambiente es fantástico, el servicio es excelente y todo lo que hemos probado ha sido excelente. Definitivamente vale la pena una visita si estás en Santa Teresa.",5,google_places_api,amici santa teresa,2026-06-02
"Ha sido una gran estadía y ser voluntario en Shipwrecked. Los propietarios son súper acogedores y amables y trataron de asegurarse de que todos se sintieran cómodos en su espacio. La cocina es súper espaciosa y está bien equipada, desde el horno hasta el refrigerador para cubitos de hielo. Hay todo lo que necesitas. Los dormitorios también son muy agradables y con aire acondicionado. Yo mismo me estaba quedando en la casa de voluntarios y dormí muy bien y tuve mi propio espacio allí. También tenían bicicletas disponibles que podía usar para ir a la playa.",5,google_places_api,shipwrecked hostel,2025-07-03
come donde comen los lugareños y no te equivocarás gracias,5,google_places_api,soda sazón colombiano,2022-12-26
"Absolutamente brillante, buena pizza y excelente relación calidad-precio, muy recomendable.",5,google_places_api,pizzería el tronco,2023-04-03
"¿Qué puedo decir? Lili Alvaró María y la pequeña Maggie se convirtieron en mi familia durante mi estadía. Me cuidaron como si fuera uno de los suyos y yo estaba tan mimada que incluso me contactaron después de que me fui para ver cómo mi vuelo a casa era. Mi habitación daba directamente al bosque y me desperté con el sonido de los monos aulladores y los pájaros y me quedé dormido con los sonidos de los insectos. Ninguno de ellos vino a visitarme, aunque el jacuzzi en mi balcón era absolutamente perfecto y el lujo de estar en él mientras contemplaba la selva. fue insuperable, cada villa cuenta con 2 habitaciones con aire acondicionado, decoradas de manera simple pero perfecta y ambas con una televisión inteligente, el espacioso baño las separa y se mantuvo impecablemente limpio durante toda mi estadía, la cocina está afuera en el balcón y viene equipada con todo lo que pueda necesitar, incluido un horno de microondas, una cafetera y una olla arrocera. Hay un gran supermercado al pie de la colina y, aunque es un poco empinado subir, estará en casa en poco tiempo, la ubicación está convenientemente cerca de Puerto Viejo y puede caminar, andar en bicicleta o saltar. un tuk tuk que puedes tomar fácilmente desde la carretera principal, todo el lugar se mantiene súper limpio y la discreción está a la orden del día, las piscinas también son muy refrescantes, la amabilidad y calidez de este maravilloso grupo de personas es el mayor atractivo, aunque es la mejor forma de hospitalidad en un país que ya es tan acogedor con las avalanchas de turistas que recibe un enorme agradecimiento a todos por todo y los extraño a todos.",5,google_places_api,hotel villas y glampings mya puerto viejo limon c r,2023-03-20
"El personal es muy amable, excelente servicio de habitaciones, ordenaron nuestra habitación y nos proporcionaron toallas limpias todos los días. Nos hospedamos en una de las villas. Es muy espaciosa. Excelente vista del volcán. Bonita piscina privada cerca de restaurantes. Teníamos un auto de alquiler. Lo recomendaría al 100.",5,google_places_api,fortuna retreat,2026-06-25
"Definitivamente pase por aquí y obtenga deliciosa comida tica a un precio razonable, ambiente limpio de refrescos tico, servicio amigable y muchas opciones deliciosas para platos grandes que fácilmente podría dividir un plato con alguien o llenar fácilmente con un delicioso plato propio. Definitivamente recomiendo pura vida.",5,google_places_api,soda las palmas,2024-03-20
mal servicio y caro,2,google_places_api,soda tcby treats,2019-02-27
Me alegré de quedarme en estas cabañas múltiples de Airbnb con un patio compartido y una cocina al aire libre y una piscina con cuidado de no congelar el aire acondicionado. Era un hermoso lugar para tener muchos amigos.,5,google_places_api,cabañas castro uvita bahia ballena,2023-03-06
"He estado yendo a este restaurante a desayunar cada vez que estoy en Dominical. Tienen deliciosos batidos. Pruebe el batido helado de chocolate y plátano y los auténticos desayunos ticos. Generalmente pido gallo pinto con huevos fritos y queso frito con salchichón que con un poco de café y un batido me llenarán hasta la cena. Los precios son excelentes y el dueño, Sergio, es la persona más amable que conozco en Dominical. Su hermano dirige el puesto de frutas justo en frente del restaurante.",5,google_places_api,el ríncon de domi,2026-03-24
"Olvidé escribir una reseña de hace dos años, pero así de memorable fue la comida y la experiencia. Cada experiencia culinaria se compara con este lugar por su sabor, atmósfera y precio. Cuando viajemos, algún día regresaremos a Costa Rica específicamente para volver a este lugar.",5,google_places_api,kapi kapi restaurante,2026-07-15
"enviamos un mensaje vía whatsapp el día anterior para hacer una reserva a las 6:00 p.m. el dueño nos estaba esperando cuando llegamos solo hay dos mesas en el área de asientos el dueño nos contó sobre la rica historia detallada de guanacaste y costa rica después de que el chef nos proporcionó un panqueque de maíz dulce que estaba delicioso, compré los chifrijos y mi novia pidió el arroz con mariscos que tenía calamares, camarones, mejillones, almejas y cerdo. Tuvimos una luz imperial original e imperial para beber los chifrijos que comí aquí. eran mucho mejores que en otros lugares el chicharrón crujiente tenía la cantidad justa de dureza y no era duro como una roca el arroz con mariscos también tenía una tonelada de proteínas, el total general con impuestos fue de 23 000 colones",5,google_places_api,chicharronera tradiciones de mi tierra,2026-06-19
"Teníamos una cabaña separada, la segunda más alejada de la carretera. La carretera cercana y transitada no molesta y los sonidos de los animales del arbusto cercano dominan. Es muy conveniente conducir hasta la habitación con el auto. La piscina y el área de desayuno están a 5 minutos a pie desde allí, pero no molesta. El personal es muy agradable y el desayuno es bueno. Buena ubicación para actividades en el área.",5,google_places_api,hotel la pradera del arenal,2026-04-18
"Fantástico condominio, limpio y completamente equipado, excelente ubicación frente a la playa, a diez minutos a pie de la ciudad, cerca de restaurantes y bares.",5,google_places_api,coco beach home,2020-01-18
"Vine a Sarapiquí como parte de un viaje de observación de aves por todo el país. Me encantó mi estadía aquí y desearía tener más tiempo para relajarme en el porche y observar aves. Todo fue un lujo. Los anfitriones fueron increíbles. El lugar estaba impecable y el aire acondicionado funcionó muy bien. Me encantaría volver y quedarme aquí y no salir de la propiedad para toda la estadía la próxima vez. La cocina completamente equipada para preparar las comidas tampoco aprovechó el kayak por falta de tiempo, pero eso parece un beneficio maravilloso. también",5,google_places_api,rio sarapiqui lodge,2025-03-07
Me encanta este lugar. Vine aquí en 2006. Dave Fay fueron unos anfitriones corteses. Espero volver algún día.,5,google_places_api,hotel babaloo inn,2019-02-15
"cenar en el mirador ram luna fue fácilmente uno de los mejores momentos de mi viaje a costa rica, pedimos el pollo caribeño y los camarones caribeños y ambos platos estaban absolutamente deliciosos, llenos de sabor y bellamente preparados, el ambiente por sí solo hace que este lugar sea especial, el entorno es impresionante y solo puedo imaginar lo impresionante que debe ser justo antes del atardecer, ya se sintió como una experiencia hermosa, así que sé que la vista en la hora dorada debe llevarla a otro nivel, las bebidas fueron igual de impresionantes, probé una de sus especialidades locales mientras mi amigo tenía la piña colada como una de sus Las opciones más populares y ambas fueron excelentes, los camareros fueron cálidos y amables, lo que contribuyó al ambiente acogedor general. Lo que realmente se destacó fue la atención al detalle, desde el entretenimiento en vivo hasta incluso el diseño único del baño, que honestamente nunca había visto nada parecido antes. Todo se sintió cuidadosamente curado en un momento, incluso parecía que el propietario estaba caminando, lo que agregó un toque personal a la experiencia en general. Este es el tipo de lugar que se queda contigo. Fue tan agradable que realmente regresaría a Costa Rica solo para cenar aquí nuevamente y probar algo nuevo.",5,google_places_api,restaurante y mirador ram luna,2026-04-20
"Increíblemente tranquilo y hermoso, la piscina era impresionante y las habitaciones eran para morirse.",5,google_places_api,canaima chill house,2026-04-28
"Probé auténtica comida costarricense y estaba absolutamente deliciosa, el jugo fresco era muy refrescante y el personal fue amable y acogedor. Lo recomiendo encarecidamente si desea sabores locales reales en un ambiente cálido.",5,google_places_api,nativo restaurant coffee,2026-03-02
"Este es un hermoso lugar con un camarero súper grosero. Es domingo. Fuimos allí a las 12.07 p. m. y preferimos un menú de desayuno. Llegamos solo 7 minutos tarde al menú de desayuno. El camarero nos dijo que si querían desayunar, podían ir a otro lugar. Incluso él no pudo ayudarnos a mostrar algo similar en el menú. No he visto ese tipo de acercamiento en mi vida.",1,google_places_api,el jardín,2023-04-09
"Me encantó quedarme aquí, la gente que trabaja aquí es muy amable y siempre está dispuesta a ayudar. Es un hotel familiar. También tienen un lindo gato y un perro. Las habitaciones están bien y la ducha es increíble y caliente. Además, obtienes un buen desayuno gratis. No lo dudes y reserva una habitación.",5,google_places_api,cabinas eddy b b,2025-12-13
"Reservamos el viaje de rafting en el río Savegre para nuestro grupo de 10 personas de 12 a 50 años y fue una experiencia absolutamente increíble de principio a fin. Si viajas con un grupo mixto, este recorrido es ideal. Nos dividimos en dos balsas, los 4 padres en una y los niños de 12 a 18 años en otra, incluso con los rápidos de niveles 2 y 3. Nos sentimos completamente seguros todo el tiempo porque el equipo es muy profesional. Nuestro guía adulto de balsa, Flippy, fue increíble. Fue muy divertido, agradable y compartido. Tantos antecedentes fascinantes e historia local en el camino hasta el río que a los niños también les gustó su guía y todo el equipo mantuvo a los adultos y a los adolescentes ocupados durante todo el día. Los vehículos también estaban limpios y cómodos. Algunos destacados se detuvieron en una hermosa cascada para disfrutar de fruta recién cortada. La energía y el humor de los guías. Un delicioso almuerzo caliente y tradicional esperándonos después. Este equipo trabaja increíblemente duro para garantizar que todos tengan un día seguro, divertido y memorable.",5,google_places_api,canopy safari,2026-06-17
"restaurante súper agradable, las porciones eran lo suficientemente grandes y la comida muy sabrosa, es un comedor grande y nuestro camarero hablaba bien inglés, lo cual fue una ventaja. Recomendó que fuéramos a buscar ranas en el pequeño estanque justo al lado del restaurante e incluso nos dio una luz para usar. Vi un par de ranas, pero disfruté más su sonido. Regresé para desayunar, que era solo 8 por persona y era un estilo buffet que incluía panqueques muy sabrosos.",5,google_places_api,ara ambigua lodge,2025-11-17
"el patio es el lugar para conseguir tu comida, fuimos aquí para desayunar y estuvo bueno, desde los tazones de desayuno hasta los panqueques y hasta el burrito de desayuno, disfrutamos cada bocado, cada plato se preparó con cuidado, además, la comida llegó rápido y no fue una espera larga, el servicio también fue muy amable, amable y acogedor, son algunos de los adjetivos que puedes usar para describir el servicio ahora en la atmósfera, sí, los lugares en las esquinas tienen un poco de errores, pero bueno, estamos en la jungla, pero por lo demás, fue un excelente lugar para cenar en general. Yo diría que el patio era un gran lugar para comer y asequible.",5,google_places_api,el patio cafe,2025-08-14
excelente comida y piscina,5,google_places_api,complejo turístico río nosara,2021-10-30
"El servicio fue bueno. El viaje nocturno fue divertido. Nos entregaron a otro servicio de guía, por lo que los exploradores solo se encargaron de nuestro transporte hacia y desde el hotel. El otro servicio no se encargó de las comidas y bebidas, etc., como se indica en el sitio web. El río fue excelente y nuestro guía local era experto en el río.",3,google_places_api,exploradores outdoors,2026-02-08
"un lugar encantador con un ambiente peculiar y relajado, diseñado muy inteligentemente para que estés rodeado de la naturaleza, la habitación era cómoda y tranquila, todo el personal era fantástico y la comida y las bebidas eran decentes.",5,google_places_api,la quinta sarapiqui lodge,2026-02-25
"Vaya, qué colección tan increíble y muchas exhibiciones en inglés. Los artefactos son tan bonitos que es difícil creer que sean reales, pero estoy seguro de que lo son.",5,google_places_api,museo del oro precolombino,2026-03-08
"más caro que otros y agregan 10 propinas la camarera es amable pero el dueño no es muy agradable sopa de mariscos con arroz 5000crc pescado entero 9000crc buena porción y sabor, pero podría ser mejor",2,google_places_api,soda maricela,2024-03-09
"Solo críticas honestas, la ubicación es excelente y el espacio exterior es realmente genial, sin embargo, las habitaciones pueden funcionar un poco mejor, no tanto por su apariencia, sino por el hecho de que no obtienes mantas, solo las que están en la cama, que son muy delgadas y no te cubren del frío. Es necesario etiquetar el espacio de la ducha, que es frío y caliente, ya que es muy difícil de manipular si no estás familiarizado con el sistema. Además, solo puedes obtener 2 toallas, sin embargo, puedes ir y solicitar nuevas siempre que devuelvas las que te dieron. Aparte de esto, creo que es genial por el precio y también está en el centro de todo, lo cual es increíble, tiene wifi y el bar con área de piscina.",3,google_places_api,poshtel arenal,2026-05-24
"una gran visita a este hermoso resto italiano de fusión en la calle principal de Dominical. El mojito fue hecho muy bien por el barman cubano Julien. También tuvimos el gin tonic muy refrescante. Nuestro camarero Javier fue muy atento sin ser demasiado intrusivo. El entrante fue el clásico César. Una receta transmitida a lo largo de los años. relleno de postre, que puede ser tiramisú o helado frito, volveremos ya que había otros platos que queríamos probar, incluido el pargo rojo, que solo la señorita del baño pudo arreglar",5,google_places_api,otto s kitchen,2026-02-25
El personal es muy encantador. Nos encantó nuestra habitación y la piscina. Muy cerca de la cascada de Uvita.,5,google_places_api,hotel faremiti,2026-04-18
"Mi experiencia en Aromas a Café fue simplemente excepcional. La comida y el servicio de Ronald fueron de primera categoría durante mi estadía en Uvita. Elegimos comer aquí todos los días, no solo por los precios asequibles sino también por la calidad de los platos y el ambiente encantador. Este lugar fue altamente recomendado por mi anfitrión de Airbnb y definitivamente lo recomendaré a otros viajeros que visiten Uvita. Ronald se aseguró de darnos una cálida bienvenida cada vez que llegamos, haciéndonos sentir como en casa. experiencia Estoy seguro de que una vez que me vaya extrañaré este lugar y sus deliciosos platos gracias Ronald por el excelente servicio",5,google_places_api,aroma a café,2025-01-13
"Nos encantó tanto visitar la luna mientras estábamos en Nosara que fuimos dos veces, una para cenar y otra para desayunar. El ambiente es realmente impresionante. Las puestas de sol son algunas de las más hermosas que hemos visto. El cielo literalmente parece pintado. La comida es deliciosa y las porciones son generosas. Nuestro grupo pidió el pargo bellamente presentado y lleno de sabor junto con algunas pizzas para compartir. Todo estuvo genial e incluso teníamos sobras para disfrutar al día siguiente. La mayoría de la multitud parecía ser una mezcla de turistas y expatriados, lo que le dio un ambiente relajado pero sensación animada definitivamente haga una reserva con anticipación especialmente para el atardecer",5,google_places_api,la luna restaurante,2026-03-02
"Esos tipos son increíbles, la piña colada es la mejor de toda Costa Rica y he estado en el lado del Pacífico y el Caribe, hazte un favor y ven aquí.",5,google_places_api,viajero la fortuna cowork café pool bar,2026-05-15
muy lindo lugar para compartir tiempo en familia y aprender,5,google_places_api,centro costarricense de ciencia y cultura,2017-07-30
"En nuestra última noche en Puerto Viejo, elegimos este restaurante porque nos llamó la atención debido a la gran cantidad de críticas y sus calificaciones constantemente altas. De hecho, fue impecable, desde el servicio hasta la comida. Los calamares estaban crujientes y la salsa fue fantástica. Los mejillones estaban bien sazonados. La cola de langosta era excelente y la carne estaba bien cocinada. todavía estás dentro de lo razonable",5,google_places_api,soca restaurant,2026-04-12
"He estado en Costa Rica durante más de 1 mes y he comido en restaurantes todos los días. Bueno, puedo decir con seguridad que este es el mejor lugar para desayunar que he experimentado hasta ahora en Costa Rica. Sinceramente, este podría ser uno de los mejores lugares para desayunar que he experimentado en los casi veinte países en los que he estado en Europa, Asia, África y América del Sur. Comidas muy buenas y sencillas a buen precio.",5,google_places_api,estadero cafe bistro,2023-02-12
"Fuimos por el camino exterior del parque en lugar de entrar y vimos más de lo que esperábamos en un árbol. Allí estaba el magnífico quetzal. Primero vimos al macho solo en un árbol por pura suerte mirando árboles al azar con binoculares. Mi esposa tomó estas excelentes fotografías directamente al costado del camino. Vimos a una hembra volando hacia un árbol de aguacate y allí estaba ella con los 2 juveniles. Conseguimos a toda la familia en los primeros 45 minutos de búsqueda, simplemente increíble.",5,google_places_api,parque nacional los quetzales,2025-07-09
"Mi esposa y yo nos hospedamos en un hotel cercano en Punta Islita. La comida también es excelente, pero queríamos experimentar un lugar remoto para cenar. ¡Guau! ¿Ganamos un premio gordo al parar a comer en kimbute? Caminamos hasta el restaurante desde el hotel, que estaba a unos 10 minutos a pie, pero valió la pena. Por casualidad detuvimos a un caballero en una motocicleta para que nos indicara cómo llegar y casualmente tenía una camiseta con el logo de kimbute. Nos enteramos mucho más tarde en la noche de que en realidad era el dueño del restaurante que mi esposa ordenó. Las fajitas de pollo y yo pedí la cena marina mixta de mariscos, ambos fueron excelentes, el ambiente era increíble y al final de la noche, el propietario pasó por nuestra mesa y conversamos un rato. Incluso nos llevó de regreso al hotel, así que no tuvimos que caminar y hablar sobre el servicio. Este lugar es una visita obligada para cualquiera que se aloje cerca de Islita Costa Rica, el servicio estuvo fuera de serie, lo pasamos muy bien. Lo recomiendo encarecidamente.",5,google_places_api,restaurante kimbute,2022-05-14
"Estancia relajante y bien organizada Tuve una maravillosa estadía de 3 noches en Cabinas Cahuita. El lugar es increíblemente relajante con un ambiente tranquilo que es perfecto para relajarse. La cocina estaba bien equipada, lo que facilita la preparación de comidas y todo estaba bien organizado y cuidadosamente mantenido. El anfitrión fue excelente, cálido, hospitalario y siempre dispuesto a ayudar con cualquier pregunta o recomendación. La ubicación es excelente, con un supermercado a solo 2 minutos a pie, aunque es caro y el Parque Nacional Cahuita a solo 4 minutos a pie. En general, tuve una gran experiencia y lo recomendaría altamente. Recomiendo cabinas cahuita a cualquiera que visite la zona.",5,google_places_api,cabinas cahuita,2025-01-21
excelentes burritos para el desayuno algunas opciones para vegetarianos los croissants no son excelentes buen café muchas mesas así que habrá mucho espacio para comer volveremos,4,google_places_api,roots bakery café,2025-12-26
"Mi mamá y yo estábamos caminando por la calle buscando un lugar para comer y encontramos este lugar y estamos muy felices de haberlo hecho desde el principio. Pini, nuestro camarero fue muy amable y acogedor y nos dio excelentes recomendaciones. Nos dio deliciosos daiquiris de fresa y mango y la comida que comimos fue deliciosa. Recomiendo absolutamente este lugar y espero volver.",5,google_places_api,lo mejor de wolaba,2026-06-15
muy buen precio de habitación ubicación nuestro problema es que el perro del vecino ladró toda la noche nadie vino a comprobarlo estaba tan cerca que era como si estuviera en nuestra habitación después de 2 noches sin dormir encontramos un airbnb al sur del arroyo,3,google_places_api,cabinas las palmas,2024-02-29
"la caminata fue imposible, llovió todo el día ayer y cruzar el arroyo en postes no fue factible a menos que simplemente caminaras a través del barro muy espeso, sin embargo, la vista desde el hotel y el jugo incluido fueron fabulosos.",3,google_places_api,reserva biológica nosara,2022-11-13
"Los chicos del delicioso desayuno dijeron que los batidos eran los mejores, pero desearía que estuviera abierto un martes para poder volver a ir por última vez antes de tener que irnos. Definitivamente vale la pena comer aquí.",5,google_places_api,cafeteria mau s kape we,2026-03-24
"Tuvimos una gran experiencia, hacer rafting es súper divertido, el personal es súper amable y servicial, muy recomendable para el rafting, además, también fue increíblemente educativo. Se habló mucho sobre Costa Rica Sarapiquí y los animales que viven en el área. Vimos muchos animales nosotros mismos mientras hacíamos rafting.",5,google_places_api,sarapiquí tubing outdoors activities costa rica rafting sarapiqui canopy zipline horseback riding tour,2026-05-16
"desde el momento en que llegamos, este hotel superó por completo nuestras expectativas, la propiedad en sí es absolutamente impresionante, bellamente diseñada, impecable y llena de pequeños detalles que hicieron que la estadía fuera lujosa y relajante. La ubicación es realmente inmejorable, con vistas increíbles y fácil acceso a todo lo que queríamos explorar. Lo que realmente hizo que la experiencia fuera inolvidable. Sin embargo, el personal con el que interactuamos fue cálido, acogedor, atento y genuinamente amable. Hicieron todo lo posible para hacernos sentir cómodos y atendidos durante toda nuestra estadía. Esta fue una de esas raras experiencias en un hotel donde todo se sintió perfecto. La atmósfera, el servicio y la ubicación. juntos a la perfección, sinceramente, no queríamos irnos y no podemos esperar a volver. Lo recomiendo encarecidamente.",5,google_places_api,the gilded iguana surf hotel,2026-05-10
"El precio y la ubicación son inmejorables, a solo unos metros de la entrada del parque al amanecer, podíamos escuchar a los monos aulladores desde nuestra habitación al otro lado de la calle de cafeterías, restaurantes y bares. Alojamiento sencillo y limpio. Amplio estacionamiento. Todas las habitaciones están amuebladas para una familia o un grupo pequeño con una cama doble y 3 individuales. El aire acondicionado funciona muy bien. Baño con ducha en la habitación más tres duchas y lavabos al aire libre para lavar la ropa y los platos. Como ocurre con muchos hoteles de playa en Costa Rica, no hay agua caliente. El hotel fue difícil de encontrar porque el letrero está escondido detrás del follaje. Traiga sus propias mantas. Señal wifi débil.",4,google_places_api,cabinas anep,2025-11-25
"Lo creas o no, este refresco preparó el mejor casado que tuvimos en Costa Rica durante nuestra estadía de 3 semanas.",5,google_places_api,soda la viña,2026-05-12
"El hotel fue increíble, nos encantó cada minuto, nos encantó el hecho de que era de menor escala, en general, pintoresco y tranquilo, muchas veces nos sentimos como si tuviéramos todo el lugar para nosotros solos, sin embargo, también conocimos a gente maravillosa, el spa fue maravilloso, las habitaciones eran hermosas, me encantó cómo era fácilmente transitable. El personal fue amable, atento, amable e informativo, además, la comida en el desayuno fue el mejor desayuno de hotel que he probado. Sin duda nos alojaríamos aquí de nuevo.",5,google_places_api,amor arenal,2026-05-31
"este es un excelente refresco, el personal es amigable, los precios son correctos, lo más importante, la comida sabe excelente, tienen un televisor que reproduce la película de autos y también tienen una mesita con una bolsita pequeña con piezas grandes de patas que supongo que es para que jueguen los niños. Tiene un estacionamiento de bastante buen tamaño justo en frente del lugar, hasta el momento no está a más de 20 pies de distancia. La comida es casi tan buena como la de mi madre.",5,google_places_api,soda la casita tipica,2024-07-29
"Vaya, tienes que probar este lugar. El propietario, Dave, es genial, al igual que su hija, que trabaja con él. Nos hemos alojado allí tres veces en los últimos meses. Mi esposo y yo nos hospedamos allí solos la primera vez. Luego, a principios de febrero, cuando su hija y su yerno vinieron de visita, los monos aulladores fueron realmente algo digno de escuchar, ya que nos encantó tanto que llevamos a mi hermana y a mi cuñado allí dos semanas después, cuando vinieron de visita. Es genial, escondido en la jungla con un un arroyo balbuceante justo al lado y un pequeño puente peatonal sobre el que puedes caminar para explorar las guacamayas rojas, los tucanes y estas magníficas mariposas azules gigantes que vuelan durante el día y las luciérnagas rojas y naranjas que parpadean por la noche. Me encanta este lugar, oh sí, las tarifas son geniales.",5,google_places_api,cool waters jungle villas,2025-03-08
"este hotel tiene la ubicación más increíble en el mercado central, hay una hermosa escena festiva alrededor de la comida callejera cerca de él es increíble, el personal es excelente, el desayuno y su personal son increíbles, las habitaciones son limpias, cómodas y espaciosas, la televisión solo es en español y no tiene servicios de transmisión y no admite transmisión desde su teléfono. Recomiendo encarecidamente este hotel.",5,google_places_api,hotel el maragato,2025-03-22
"En primer lugar, tengo que decir que estoy muy decepcionado con nuestra estadía en este bed breakfast. Viajamos 3 meses por Costa Rica y nunca tuvimos una experiencia tan mala y es una lástima dejar el país con esa experiencia. ¿Qué pasa? Nadie nos dijo que teníamos que pagar para usar la cocina. Por cierto, hicimos 3 tortillas por la mañana y al final ella quería 10 dólares por eso. El pago en sí también fue catastrófico. Hablé con el padre un día antes de irnos sobre el pago y le dejé. Él sabe que vamos a pagar en colones y dijo que está bien y que el tipo de cambio es 610 al día siguiente. Quiero darle el dinero a la hija y ella comienza a discutir sobre el tipo de cambio y dijo que es 625 y luego se le ocurrió los 10 dólares por usar la cocina, lo cual a mis ojos es muy impertinente, así que si piensas que apoyamos a una agradable familia local durante el viaje y te enfrentas a este comportamiento, simplemente no vale la pena en este lugar, además de que la habitación estaba limpia. y agradable pero esta experiencia cambió toda la estancia.",1,google_places_api,casa familiar la tortuga,2021-05-20
"una de las comidas más sabrosas que tuvimos en Playa del Coco. Ojalá hubiéramos encontrado garbanzos antes de nuestra última noche en la ciudad. El propietario fue muy amable e hizo la brillante solución de llevar comida al aeropuerto, ya que la comida vegana es difícil de encontrar. Estábamos muy agradecidos y satisfechos.",5,google_places_api,garbanzo,2026-02-06
asombroso,5,google_places_api,jardín de dota,2026-05-29
"En serio, este lugar fue uno de los lugares más memorables que he comido en Costa Rica, la comida es deliciosa y cada vez que he estado allí para comer, personalmente agradecí al chef porque fue muy bueno, precios muy razonables para la cantidad de comida que estás recibiendo y el servicio. También son muy atentos y te hacen sentir muy cómodo. Había mucho lugar para estacionar y era muy fácil estacionar muy cerca de la cascada de la fortuna, así que es un excelente lugar para comer después de que compré su daiquiri de fresa y fue el mejor daiquiri que he probado en mi vida. vacaciones si está buscando un lugar para comer que sea acogedor, delicioso y asequible, este es el lugar para ir en general, lo calificaría con 10 sobre 10. Este refresco es una gran parte de mi gran aventura aquí en la fortuna. Muchas gracias a todos por su hospitalidad pura vida.",5,google_places_api,soda la catarata,2026-06-09
"Pasé 2 semanas aquí con mi familia para el personal de la escuela de español es muy servicial, atento y genuino, la ubicación es ideal para viajeros solitarios y familiares. PV es un área animada y su ubicación es conveniente y tranquila, cerca de la calle principal frente a un campo de fútbol, ​​lo cual fue divertido de ver por la tarde. El hotel ofrece excursiones y actividades diariamente, lo cual es una excelente manera de conocer el área. Estoy entusiasmado de haber establecido esta conexión con este lugar y verlos crecer. Agregarán más espacio para aulas en su campus, lo que aumentará la capacidad.",4,google_places_api,hotel pura vida,2023-07-01
agradable ser excelente calidad precios excepcionales,5,google_places_api,soda la olla,2020-02-01
"El albergue Nosara fue un alojamiento absolutamente encantador, las habitaciones están limpias, hay varios baños para usar, la cocina está totalmente equipada y tiene mucho espacio para cocinar, el personal no fue más que amable y acogedor. Di fue el primero en saludarme y darme las mejores recomendaciones. Johan me dio increíbles lecciones de surf y me ayudó a subirme a mis primeras olas. Ambos realmente hacen de este lugar un hogar.",5,google_places_api,hostel nosara,2026-02-01
"un hermoso oasis en la ubicación perfecta a solo unos pasos de la playa y a poca distancia de todos los lugares fantásticos de Guiones Al y su esposa han creado un hermoso retiro con un exuberante paisaje tropical, todas las comodidades modernas y un excelente servicio, la atención al detalle y la calidad realmente se destacan y hacen que este lugar sea especial. Este es probablemente el mejor lugar para hospedarse en Nosara.",5,google_places_api,serena nosara beach retreat,2026-06-18
buen servicio comida deliciosa buenos precios menos de 10 por cena buen servicio,4,google_places_api,restaurante terramar anesja,2017-05-13
"este complejo tiene algunos de los paisajes y vistas más hermosos del volcán Arenal. Tener la posibilidad de conducir nuestro auto de alquiler hasta la habitación fue una ventaja definitiva, se sentía como una pequeña cabaña en el bosque con el follaje colorido creando una pared de privacidad entre las habitaciones vecinas. La decoración era encantadora dentro de las habitaciones y muy cómoda con una variedad de artículos de tocador, siempre que los terrenos de la propiedad estuvieran excepcionalmente limpios y respetuosos con el medio ambiente. Las aguas termales eran muy agradables y relajantes por la noche después de los recorridos diurnos.",5,google_places_api,hotel arenal springs resort spa,2026-05-05
hermoso lugar comida increíble y barato increíble tour,5,google_places_api,museo de cultura popular,2018-08-26
"no te quedes aquí teníamos cucarachas y un montón de insectos en nuestra habitación el inodoro no estaba limpio y literalmente tenía caca de otra persona cuando llegamos no había mosquiteros en las ventanas del baño que están abiertas al exterior, lo peor de todo es que nos fuimos a hacer algo por un par de horas y vinieron y entraron a nuestra habitación para apagar el aire acondicionado. Prefiero una habitación fría y había dejado el aire acondicionado encendido mientras íbamos de compras cerca, no podía creer que entraran y lo apagaran. Los insectos eran tan malos. en nuestra habitación los estábamos matando cada pocos minutos en la mañana, pasé por la recepción para decirles que no queríamos servicio de limpieza para que dejaran el aire acondicionado encendido mientras estábamos haciendo actividades, pero cuando regresamos lo habían apagado nuevamente, también hicieron el mantenimiento de la casa, aunque les solicitamos que no, eso hizo que mi esposa y yo nos sintiéramos extremadamente incómodos. Además, solo quiero tomar nota aquí, no dejamos ningún tipo de comida, dulces ni nada en la habitación y los insectos eran tan malos. También nota al margen que literalmente comenzaron a cortar el césped. a las 6 50 am",1,google_places_api,hotel villas vista arenal,2026-06-08
hotel increíble la comida es increíble la playa es tan pintoresca incluso tienen un árbol donde salen murciélagos al anochecer tienen lindos mapaches y gatos qué maravillosa experiencia mágica me encantó este lugar encendieron un fuego todas las noches y aprovechamos para sentarnos junto a él y charlar fuimos con amigos y el personal de recepción colocó nuestras habitaciones una frente a la otra para que pudiéramos conversar desde los balcones un toque tan agradable que no esperábamos que te dieran una bebida de bienvenida que fue tan buena que me muero por saber qué era para poder rehacerlo o encontrar un lugar que lo haga porque estaba tan sabroso que me encantaría volver aquí una y otra vez.,5,google_places_api,cc beach front papagayo,2026-05-12
"Hemos estado comiendo aquí casi todas las mañanas y hemos recibido un servicio constante de 10 10 y delicias, ya sea que cenemos en casa o para llevar. El sándwich italiano es increíblemente creíble. El café es medio, pero los postres lo compensan.",5,google_places_api,the bakery,2024-07-27
"No puedo imaginar haber visitado Costa Rica sin la ayuda de Green World Adventures. Mariana hizo que nuestro viaje fuera increíblemente fácil y sin estrés. No tuvimos que preocuparnos por reservar nada nosotros mismos, desde hoteles hasta transporte y caminatas guiadas, y los lugares fueron realmente increíbles. Ningún día se sintió demasiado ocupado ni lento. Mariana logró un equilibrio perfecto entre actividades divertidas que se adaptaban específicamente a nuestros intereses y tiempo libre, lo que nos permitió explorar las playas de las ciudades e incluso los hermosos terrenos del hotel de cada lugar cuando no estábamos observando la vida silvestre en los bosques vírgenes de Costa Rica. También nos encantaron los guías que estaban programados para cada una de nuestras caminatas, todos fueron increíblemente amigables y no habríamos visto el 90% de la vida silvestre que vimos sin sus ojos entrenados. Los hoteles eran hermosos, los guías eran increíbles, los lugares estaban llenos de biodiversidad e incluso nos hicimos amigos de muchos de nuestros conductores de transporte, aunque pasar el año anterior trabajando en mi español ciertamente ayudó. Tenemos toda la intención de regresar a Costa Rica en el futuro y Green World Adventures será el primer lugar con el que nos comunicaremos. visita a costa rica",5,google_places_api,green world adventures,2025-07-13
Mi esposo y yo nos quedamos allí durante tres semanas y durante esta larga estadía tuvimos la mejor experiencia. Este lugar es maravilloso. Su ubicación es muy relajante. Esperamos que todos conozcan a las personas que poseen y trabajan en sl inn. Calidad de servicio extraordinaria más allá de lo que uno pueda imaginar y su atención y amabilidad son únicas. Solo podemos esperar volver cada año.,5,google_places_api,san lorenzo inn,2019-06-09
"los batidos eran buenos y el personal es amable. Comí una ensalada caribeña que venía sin aderezo, lo cual realmente no me gustó porque el aceite y el vinagre en la mesa con un poco de sal y pimienta son mucho peores que prepararlos en la cocina con varios condimentos diferentes. Además, no había aguacate como se describe en el menú. El aguacate fue entregado después de que lo solicité, pero mientras comprobaba si el aguacate está enterrado en algún lugar, me di cuenta de que diría que 25 de la ensalada no estaban lavadas y llenas de suciedad. Vea la imagen, por lo que hay mucho potencial de mejora. por esos precios, las papas fritas eran realmente buenas, el lugar es hermoso y los batidos eran buenos y el personal es amable. Comí una ensalada caribeña que venía sin aderezo, lo cual realmente no me gustó porque el aceite y el vinagre en la mesa con un poco de sal y pimienta es mucho peor que prepararlo en la cocina con varios condimentos diferentes. Además, no había aguacate como se describe en el menú, el aguacate fue entregado después de que lo solicité, pero mientras comprobaba si el aguacate estaba enterrado en algún lugar, me di cuenta de que diría que 25 de la ensalada no estaban lavadas y llenas. de tierra, vea la imagen, por lo que hay mucho potencial de mejora, especialmente por esos precios, las papas fritas estaban realmente buenas, el lugar también es hermoso",2,google_places_api,beach break bar restaurant,2026-02-09
"Un pequeño gran lugar, la comida era deliciosa, muy asequible y la gente era increíblemente amable. Es un lugar perfecto si quieres algo auténtico e informal. El ambiente era relajado y acogedor y el servicio hizo que la experiencia fuera aún mejor. Definitivamente es una gran parada si estás en la zona y buscas buena comida a un precio excelente. Lo recomiendo encarecidamente.",5,google_places_api,soda vista al cerro chato,2026-03-10
"Increíble lugar para relajarse, ideal para pasar el rato y con niños, la comida es increíble y el servicio es hospitalario y servicial. No puedo recomendar más. Comimos una ensalada de granola y yogur casero con fruta. Mis dedos de pollo favoritos y el souvlaki de pollo. Un mojito de coco es muy refrescante cuando hace calor.",5,google_places_api,lola restaurant bar nosara,2026-05-14
"Nos estábamos quedando al lado y decidimos pasar a cenar, la comida era excelente, especialmente el tártaro de atún a la parrilla, arancini de camarones y el risotto de mariscos, el servicio fue excelente, la única decepción fue que el cóctel era demasiado dulce y le faltaba profundidad, el ácido con nori, etc.",4,google_places_api,restaurante scala,2026-04-18
"Es un lugar muy bonito, pero definitivamente no es para todos. La falta de funcionalidad de un par de cosas hizo que nuestra estadía no fuera tan placentera como esperaba. Antes de elegir este lugar, debe tener en cuenta los siguientes puntos. El bungalow está abierto sin ningún protector contra insectos. Las paredes del bungalow están hechas de una red metálica que tiene agujeros de alrededor de 1 cm, lo que permite que entren todo tipo de insectos. Encontramos mosquitos, arañas, orugas e incluso un pequeño escorpión. ¿Cuál fue la razón por la que cancelamos nuestra estadía y nos mudamos a un nuevo lugar? La piscina es en realidad una 1 bañera de 5x1 5m que no está climatizada la temperatura natural del agua en medio de la jungla sombreada resultó ser demasiado fría para entrar el baño está completamente abierto cerrado a la cama ni siquiera una puerta que la separe eso disminuye la privacidad de usar el baño las cosas que nos gustaron del lugar hermosos sonidos de la naturaleza de la jungla a tu alrededor los dueños del ritmo son muy amables y tratan de ser útiles",3,google_places_api,aire boutiquehotel,2025-02-21
"Este lugar es increíble, fuimos aquí en 2014 y lo pasamos muy bien y siempre quise tener la oportunidad de regresar para otra visita. Hicimos una reserva de 4 30, así que nadamos y tomamos un par de tragos antes de la cena. Vimos la puesta de sol y pedimos algunas aplicaciones seguidas de un plato principal. Tenemos pasteles de langosta, sopa de langosta, camarones cajún, seguidos de pasta de lubina y camarones con costra. Todo fue increíble, desde el servicio hasta la comida y el ambiente increíble. El personal fue muy bueno y se tomó muy bien. Cuídanos, recomiendo mucho este lugar.",5,google_places_api,gracia at mar vista,2025-11-09
"Primero fuimos por una empanada y un café con pastel, la comida estuvo bien y el café muy bueno cuando regresamos para almorzar nos sorprendió gratamente la comida sabrosa y fresca y los tres leches estaban increíbles.",4,google_places_api,moose cariari,2026-06-01
"Marta es increíble y la comida es fenomenal. Nos quedamos en Costa Rica durante 9 días y comimos allí al menos 5 veces e incluso habría ido más. Veo muchas reseñas que dicen que la espera es más larga, lo cual es cierto, así que tal vez no sea lo mejor si tienes prisa, pero por lo demás vale la pena esperar y no es nada sorprendente considerando que es una pequeña empresa con uno o dos trabajadores. Delicioso, muy lindo, muy amable y servicial, esencial para la experiencia de Uvita y Bahía Ballena.",5,google_places_api,soda y pizzería el remolquito,2025-06-05
"Cenamos aquí anoche y no podríamos haber estado más felices de haber traído nuestra pesca fresca de nuestro viaje chárter y el chef nos la preparó para la cena peto a la parrilla con mantequilla y salsa de limón. Delicioso Luis. Nuestro camarero fue amable, profesional y muy servicial. Una excelente experiencia gastronómica.",5,google_places_api,pacifico azul restaurant,2025-12-18
Esta es una gran caminata con vistas impresionantes. Estuvimos aquí el 31 de mayo de 2026. La caminata es de aproximadamente 3.5 millas de ida y vuelta con 1000 pies de desnivel. Definitivamente vale la pena. Todos los que conocimos fueron súper amables. Lo recomiendo encarecidamente.,5,google_places_api,catarata tesoro escondido,2026-06-01
"Nos alojamos aquí por 5 noches, la habitación del hotel está limpia y la ducha tiene agua tibia y agradable. Limpiaron nuestra habitación todos los días todas las mañanas. Desayunamos, tomamos papaya y nos sirvieron mucha papaya hasta que nos cumplimos. Son amables y serviciales con arreglos como las entradas al parque nacional o el transporte en general. Fue un calentamiento seguro y una buena estadía. Muchas gracias.",5,google_places_api,hotel manuel antonio park,2025-01-08
"Probé la margarita ocho piña picante y la recomiendo mucho. Es un excelente lugar para relajarse, disfrutar del sol y tomar unas copas. Pablo brindó un servicio excepcional. Fue muy atento y nos dio excelentes recomendaciones para el resto de nuestro viaje. También probamos la hamburguesa y el ceviche y todo estuvo absolutamente delicioso.",5,google_places_api,ocho beach bar,2026-04-27
"Uno de los mejores lugares en Jacó. No te puedes equivocar con nada en el menú, desde nachos hasta mariscos. Todo es increíble. También tienen el café con leche más delicioso que he probado en la ciudad. Vale la pena echarle un vistazo. Charla con su personal o entabla una conversación con su dueño. Es un gran lugar para pasar el rato.",5,google_places_api,el gato negro,2026-05-18
"Vamos, ¿quién sabía que existía un refresco de 24 horas? Salva mi botín después de un largo viaje desde Nosara que se suponía que era de seis horas y se convirtió en casi 12. Llegué tan tarde que no había nada abierto y tuve suerte de encontrar este lugar. Recomiendo encarecidamente el pollo con arroz y frijoles con plátanos por 3 millones.",5,google_places_api,soda yova,2025-05-14
"Este fue uno de nuestros tours favoritos de nuestro viaje a Costa Rica. Alejandro es el mejor. El recorrido por la granja es divertido. Use repelente de insectos y la comida fue la mejor que comimos en Costa Rica. Literalmente la mejor. Recomiendo encarecidamente la lasaña vegetariana, que en realidad no se parece más a una lasaña, sino a una cazuela de arroz, pero los sabores son increíbles.",5,google_places_api,finca sura,2024-07-18
"Es un lugar tan hermoso para hospedarse, los jardines son encantadores y están muy bien cuidados, todo el lugar se siente tranquilo y pacífico, la comida del hotel fue increíble, la chica de la recepción fue muy amable y nos ayudó a reservar excursiones y llamar a un taxi. Realmente disfrutamos de nuestra estadía.",5,google_places_api,monteverde country lodge,2026-03-15
"Debes ver y hacer si estás en el área de la fortuna. Hermoso todo el camino hacia abajo, los escalones y las barandillas están hechos de concreto decorativo y hay varios lugares para descansar a lo largo del camino hacia abajo y hacia arriba, si no estás en forma, tus pantorrillas y cuádriceps definitivamente sentirán que al día siguiente no hay mucha gente y el agua es refrescante.",5,google_places_api,catarata río fortuna,2025-12-04
chiva,5,google_places_api,residencias estudiantiles hombres 2,2017-05-02
"Este lugar es fantástico viniendo de Toronto, donde tenemos restaurantes con estrellas Michelin y una infinidad de restaurantes de fusión asiática. Esta comida podría ser la mejor que hemos probado. Este lugar es único, amigable y, sobre todo, la comida es 10.10. Les daría más estrellas si pudiera. Este lugar es un lugar donde debes comer cuando visites Dominical.",5,google_places_api,phat noodle,2025-09-13
"Solo tengo cosas positivas que decir sobre Los Altos. Nuestra habitación, que era un condominio completo, era hermosa. Me encantó sentarme en mi balcón todas las mañanas y escuchar a los monos aulladores en los que nos hospedamos en agosto pasado, así que esta revisión se retrasó un poco. Cuando nos hospedamos, quedamos muy satisfechos con el servicio. Jefferson y Sebastián. También nos encantó Franklin, pero parece que ya no trabajará allí. Nos encantó. Caminamos hasta Emilio s 2x para desayunar y cenar, por lo que es una excelente ubicación.",5,google_places_api,los altos resort un hotel slh,2026-06-18
El mejor desayuno en Tamarindo. Tuvimos el clásico desayuno costarricense de tico bowl y café helado de avena y arce. Todo estaba fresco y delicioso. Me encanta que puedas sentarte adentro con aire acondicionado o afuera y disfrutar del ambiente y observar a la gente. No puedo esperar a volver.,5,google_places_api,cha cafe tamarindo,2026-05-24
"Tenía miedo después de leer todas las malas críticas, pero para ser justos, no es un lugar tan malo y mucho menos con los buenos precios para Costa Rica. La habitación privada era lo suficientemente grande y tenía algunas perchas y una pequeña mesa agradable para poner las cosas. Podría hacer mucho calor durante el día, pero por la noche con el gran ventilador se podía dormir bien. Además, hay una encantadora familia de monos viviendo afuera. Las cosas para mejorar el colchón eran muy delgadas. Los baños no tienen jabón, lo cual creo que es una necesidad básica. No hay espacio para guardar alimentos y algunos animales entran. cocina e intenta robarte la comida",4,google_places_api,pura vida hostel,2024-03-07
"Mi esposo y yo estábamos buscando un bocado rápido antes de nuestras citas de masaje y nos topamos con este café realmente lindo. Nos recibió la propietaria Shelly, quien descubrimos que también es de California, como nosotros. Qué mundo tan pequeño teníamos las albóndigas de cerdo fritas que eran tan deliciosas y dieron en el clavo y tomamos el té de limonada de maracuyá también increíble y tan refrescante. Ella fue muy amable con nosotros y nos dio consejos sobre dónde ir y qué ver en nuestro viaje. Definitivamente pasa por aquí para comer algo y una refrescante limonada. Comida increíble. servicio increíble precio increíble",5,google_places_api,dragonfly cafe,2026-04-26
"este restaurante fue una ligera decepción, el servicio fue excelente, los camareros fueron muy amables, sin embargo, la comida es demasiado cara para su calidad y la cantidad. Mi amigo y yo pedimos hamburguesas para comenzar. La carne tenía un sabor muy extraño y barato como si fueran empanadas congeladas compradas en la tienda. Ni siquiera estoy 100 seguro de que realmente fuera carne de res. Nuestras dos hamburguesas venían con tocino. Pedí el baconator que decía que viene con mucho tocino de alguna manera, nuestras dos hamburguesas tenían las mismas 2 rebanadas por el costo adicional y, según la descripción, debería He comido más sin mencionar que la otra hamburguesa no tenía todos los ingredientes que se indicaban en el menú. También pedimos los patacones y la carne que tenían definitivamente necesitaba más condimento, sabían muy insípidos, mientras que los empleados fueron amables. Nunca volvería a aceptar mi dinero.",3,google_places_api,la cantina heredia,2024-01-23
Disfruté muchísimo la comida. Guillermo fue un camarero maravilloso y nos ayudó a elegir bien. La comida era increíble justo en la playa. No hay sorpresas en el precio impactantes. Nuestra última cena en Costa Rica para este viaje y elegimos bien.,5,google_places_api,la casita del marisco,2026-06-05
genial,5,google_places_api,soda el parquecito,2022-05-10
Este es probablemente uno de los 3 restaurantes favoritos en todos nuestros viajes. Un viaje a Manuel Antonio no está completo sin al menos 2 comidas en El Lagarto. No puedo esperar a volver. Los filetes y las verduras son excelentes.,5,google_places_api,el lagarto restaurant manuel antonio,2026-06-30
Tuvimos una estadía estupenda. Vista fantástica al volcán. El desayuno también estuvo bien.,4,google_places_api,arenal roca lodge bungalows,2026-03-30
"Le escribo para expresar formalmente mi extrema insatisfacción con mi reciente estadía en este hotel a pesar de pagar por ocupación doble. Nuestra habitación no estaba amueblada adecuadamente con solo una toalla, una mesa auxiliar y una silla. Además, faltaba la cafetera anunciada en el listado. Suministraron una el segundo día, pero debe traer su propio café. No es broma, la condición de la propiedad era inaceptable, particularmente el moho negro en las paredes de nuestra sala de natación y las sillas de piscina muy desgastadas y mohosas. También encontramos que las prácticas de limpieza se referían a las toallas de playa usadas. colocados nuevamente en nuestra cama, lo más importante es que nos sentimos inseguros durante nuestra estadía, no hay caja fuerte en la habitación y la cerradura de la puerta es insuficiente y se puede evitar fácilmente, junto con la falta de disponibilidad del personal después de las 9:00 p. m. y el comportamiento agresivo del gerente general. Sentimos que era necesario desalojar las instalaciones temprano y reubicarnos en alojamientos alternativos, tuvimos que irnos y se negaron a reembolsar el saldo de nuestra estadía.",1,google_places_api,dunama hotel flamingo costa rica,2026-04-16
"costa rica 2024 el lugar estaba lleno de lugareños que hablaban español, aceptan crédito o efectivo. Los precios se muestran antes de ordenar. Nadie pide a la gente que venga a este restaurante. Marcó todas mis casillas. Sabores locales. Porciones increíbles a un precio muy justo. Pedimos el combo de hamburguesa con pollo frito y su especial de sándwich de pollo. Todos fueron geniales, los sándwiches eran tan jugosos que comimos aquí dos veces y en ambas ocasiones no nos decepcionó. Menú en mis fotos. Por favor, venga aquí pura vida.",5,google_places_api,soda el seguro,2024-08-27
"En silencio y ahora sé por qué me sirvieron el pargo rojo cremado más seco que jamás haya visto. La carne en realidad se desprendió de los huesos, ni siquiera remotamente escamosa. Los pocos trozos de carne que todavía eran blancos, no marrones ni carbonizados, no tenían sabor y estaban secos. Alrededor de una cuarta parte todavía era casi comestible pero no agradable. Simplemente me moría de hambre. Gracias a Dios, también había papas fritas demasiado cocidas y un poco de ensalada, o habría pasado hambre cuando hablé cortésmente con la camarera y le expliqué que estaba tan seco que podía romper. trozos de carne ella dijo que hablaría con el jefe él no vino a hablar conmigo editar modificado a dos estrellas ya que cuando fui a pagar no discutieron y no me cobraron por mi comida solo bebidas",2,google_places_api,restaurante el coco,2026-03-05
"increíble comida caribeña cocinada sobre fuego de leña, servicio rápido y personal muy amable. Fui allí cuatro veces seguidas y siempre fue genial pura vida.",5,google_places_api,soda kawe,2025-12-24
"muy bueno hice la tirolesa y la aventura en vehículos todo terreno detrás de un autobús para la tirolesa, pero una vez que comenzó, se deslizó a lo largo del personal fue servicial y atento, el vehículo todo terreno fue genial, atravesó la jungla hasta un par de pequeñas cascadas que eran hermosas, saltó en agua fría, tomó la carretera y justo al lado de las vacas, tenían fotógrafos para lugares estratégicos para obtener mejores fotografías de las que puede obtener por su cuenta por un precio adicional.",5,google_places_api,vista los sueños adventure park,2026-03-11
"Fuimos aquí debido a todas las excelentes críticas, entré y pedí una mesa para cuatro. La mujer mayor era incómodamente grosera, visiblemente disgustada de que estuviéramos allí y molesta porque queríamos comer allí. Estábamos a punto de irnos ya que ella no parecía querer tenernos allí, pero luego un hombre más joven se acercó y nos dio la bienvenida. El resto del personal fue excelente. Los precios eran muy buenos para aproximadamente 6 personas. La comida era bastante buena. No tenían agua, lo cual nos pareció extraño, así que pedimos jugo de tamarindo. Creo que el saludo extraño no es bienvenido aquí, solo nos hizo querer salir de allí.",3,google_places_api,soda la unión,2025-07-27
"Acabamos de salir del complejo la semana pasada y, en general, lo pasamos muy bien. Somos personas bastante relajadas y no tenemos quejas importantes. El buffet estaba bien, nada especial, pero la estación de tortillas era excelente y la estación de batidos de jugo era sólida. Una desventaja es que no puedes tomar café antes de las 7 a. m., cuando abre el buffet. El snack bar era comparable a la comida de una gasolinera, pero sinceramente, la calidad coincidía con el precio que pagamos. Los jardines son hermosos y nos divertimos muchísimo. Las habitaciones estaban bien, aunque podrían haber estado más limpias. El personal fue impredecible. Algunos muy amables, otros no. mucho, pero nunca tuvimos ningún problema si alguien no fue útil, simplemente nos mudamos a lo largo del bar de la piscina, fue bueno, pero tenga en cuenta que lo acompañarán fuera del área si está mojado, solo tuvieron servicio de bebidas en la piscina un día después de las 4 p.m. durante nuestra estadía de 10 días. De lo contrario, no hubo servicio junto a la piscina, todo estuvo bastante a la par con las críticas que leímos de antemano. Mire otras opciones también, este fue el mejor precio y por eso se cumplió.",4,google_places_api,occidental tamarindo all inclusive,2026-02-10
Un lugar increíble para hospedarse. El anfitrión fue muy servicial. La ubicación es increíble. Definitivamente lo recomendaría a cualquiera que busque una escapada en Costa Rica.,5,google_places_api,cabinas villas conchal,2024-07-20
"Laura fue muy amable, se levantó para dejarnos entrar a la 1:30 a. m. y preparó un muy buen desayuno por la mañana. Amablemente nos indicó el proveedor de telefonía móvil más cercano y más barato y nos recomendó las mejores rutas para recorrer Costa Rica. También nos ayudó a comprar los boletos y el horario de autobuses para nuestro próximo destino.",5,google_places_api,laura s place,2026-02-22
uno de los mejores lugares en los que he estado excelente ubicación en el centro de la ciudad personal muy agradable siempre disponible el recepcionista gustavo es un hombre de alma muy agradable,5,google_places_api,cabinas krystalmax,2023-03-11
"Me he alojado allí 4 veces. El gerente es todo un personaje, pero es bastante respetuoso y profundamente dedicado a su negocio y a la comodidad de todos. El área es súper agradable y tranquila, lo que hace que el dormitorio y las habitaciones privadas sean muy tranquilos y relajantes. La cocina es un poco pequeña pero está increíblemente equipada. Una gran ventaja de en el viento es que el personal trabaja sin parar para asegurarse de que todo esté ordenado y limpio. Si entiendes el orden y el sentido común, este lugar es un ambiente respetuoso. La gente siempre sale feliz. He notado esto.",5,google_places_api,hostel in the wind,2026-03-08
"Primero, obtuve una mejora inmediata a una habitación más grande. La propiedad al final de una calle sin salida era tranquila y segura. Es pequeña y acogedora con mucha vegetación que brinda sombra en las habitaciones y la piscina. Mi habitación estaba limpia. El aire acondicionado funcionaba bien. El agua estaba tibia en la ducha.",4,google_places_api,jaco lodge quiet place,2025-04-27
"No puedo hablar lo suficiente de este lugar, el dueño fue muy amable y encantador, la comida era increíblemente deliciosa y los precios eran tan razonables que incluso nos ayudó a sacar a mi padre, que está en silla de ruedas, del auto porque estaba lloviendo.",5,google_places_api,la casona de chepe,2026-06-05
uno de mis lugares favoritos para comer en puerto viejo,5,google_places_api,soda chitos,2026-02-22
"Los mejores cócteles en Santa Teresa. El camarero es realmente bueno. Te permite probar la pizza de mezcal y pisco. Es increíble después de unos cuantos cócteles. Además, la camarera es muy amable. Siempre es inteligente si tenemos vasos vacíos. Solo un consejo. El DJ está sentado en su silla tocando su lista de Spotify. No se mezcla en absoluto. Besa a su novia solo por teléfono.",5,google_places_api,terrazza santa teresa,2026-04-19
"asqueroso, reservamos una habitación privada que no fue despejada después de los últimos huéspedes, cuando se lo informé a la recepción, rechazaron un reembolso y dijeron que debería haber inspeccionado mejor la habitación al llegar, también hay cucarachas, todos los detalles, llegamos a la habitación, dejamos nuestras cosas y fuimos a cenar, regresando a la habitación después del anochecer, luego nos sentamos en la parte superior de la cama hecha y trabajamos durante unas horas. cabello y un poco de arena siendo la persona que soy, le di el beneficio de la duda y decidí que probablemente había algo de arena en la ropa sucia y la estática había causado que algunos cabellos se adhirieran a la tela de microfibra, pero la cama estaba bien doblada cuando llegamos y seguramente las sábanas habían sido cambiadas. Mi error en la mañana me levanté para usar el baño. El inodoro parece bastante limpio, pero luego abro la cortina de la ducha y descubro con horror que está cubierta de arena. Me doy cuenta de que quien tiene el piso de la ducha lleno de arena también es sin duda responsable de la sábanas de arena además hay pedazos de papel higiénico en el piso de la ducha parches de espinillas usados y lo que parece tinte para el cabello y mocos pegados en el interior de la cortina de la ducha. Horrorizado, bajo a la recepción y explico la situación en lugar de estar igualmente horrorizado. La persona en la recepción dijo que debería haber inspeccionado la habitación cuando me registré. Debería haber bajado y avisarles la noche anterior y tienen una política de no reembolso. Esto me dice que esta es una práctica común si un huésped descubre en cualquier momento durante su estancia que su habitación se usa, el hotel albergue necesita arreglar las cosas. Le expliqué que no era mi culpa que la habitación estuviera sucia y que no es mi responsabilidad inspeccionar la habitación. Señalé que quien se quedó en la habitación por última vez pagó por ella y ahora habíamos pagado para quedarnos en la misma habitación usada y deberíamos recibir un reembolso. Les dijeron que tuvieron la oportunidad de corregirlo ofreciendo un reembolso y se negaron. No te quedes aquí.",1,google_places_api,hostel alajuela backpackers,2026-03-13
"Fuimos a nuestro aniversario fuera de temporada, así que no fue el problema de los restaurantes que carecían de clientes, la comida y el servicio fueron excelentes ya que nuestro aniversario quería algo un poco diferente y el extenso menú proporcionado junto con el amuse bouche y el limpiador del paladar increíblemente bien cuidados y, aunque desde el Reino Unido, cuando regresemos a Nosara, regresaremos a Le Stelle.",5,google_places_api,le stelle restaurant wine bar,2026-05-14
"qué joya de lugar, lamentablemente, nuestros planes solo nos pusieron aquí por una noche, este tenía que ser uno de los lugares más tranquilos en los que me he alojado, la habitación era espaciosa, la cama era cómoda y el agua estaba muy caliente para una buena ducha, los jardines incluyen un jardín de orquídeas que es casi indescriptible, sentimos como si hubiéramos entrado en un mundo diferente, luego hay varios senderos que lo llevan a través del bosque y a lo largo de un río que son simplemente encantadores, Mario fue nuestro contacto y se aseguró de que nuestra estadía fuera perfecta, nos saludó mientras conducíamos, nos llevaron el equipaje a nuestro habitación y tomamos nuestro pedido de comida para la cena la cena era opcional ya que no estaba incluida y estaba más que deliciosa, vale la pena el precio, el desayuno está incluido y fue igual de increíble, hay varios comederos para colibríes en la propiedad que siempre estuvieron activos, se instalaron un par de otras estaciones de alimentación para otras especies de aves y también estaban activas, la ubicación, la comida, mario y su personal, aire fresco de la montaña, agua potable fría y limpia, no puedo decir lo suficiente, solo espero que podamos encontrar el camino de regreso pronto por unos días más.",5,google_places_api,bosque de paz reserva biologica,2023-11-01
Reseña de 5 estrellas como alguien que planea experiencias de viajes de lujo. Siempre estoy buscando propiedades boutique verdaderamente especiales y el hotel boutique Astra es una joya absoluta. El hotel combina un hermoso diseño con un entorno tranquilo en la jungla y una ubicación perfecta cerca de la playa en Nosara. Lo que realmente distingue a esta propiedad es el equipo excepcional. Chanel hizo todo lo posible para ayudarnos cuando mi hija dejó su teléfono y la cena y los cócteles del talentoso equipo culinario fueron excepcionales. Este es exactamente el tipo de hotel boutique íntimo y cuidadosamente administrado que me encanta recomendar a mis clientes para una estadía verdaderamente memorable.,5,google_places_api,astra hotel boutique,2026-03-17
"Me ignoraron todo el tiempo y descubrí que ella siempre cambiaba el nombre de Airbnb del alojamiento para evitar malas críticas, por lo que siempre creaba un nuevo anuncio, así que en realidad me quedé en un lugar diferente al reservado y luego llegué a la propiedad en la que me habían vuelto a reservar para que nadie supiera que iba a venir durante la estadía. Intenté conectarme varias veces. Los mensajes se leyeron todo el tiempo, pero luego lo dejé después de preguntas constantes. Ella dijo de inmediato que me hizo la oferta de dormir 2 noches en un alojamiento y 1 noche en el otro, pero ella no mencionó nada en absoluto, además pedí un servicio de transporte para el aeropuerto, pero tampoco obtuve respuesta, por lo que recurrí a otro complejo hotelero.",1,google_places_api,hotel las palmas,2023-08-09
"la comida es increíble, tenemos alergias alimentarias y el personal se aseguró de que nuestra comida fuera segura, sin duda, el mejor lugar de la ciudad.",5,google_places_api,wok roll,2026-06-15
"glamping nubes de monteverde ofrece una hermosa vista y un entorno tipo parque rodeado de naturaleza la ubicación en sí es pintoresca y tranquila desafortunadamente nuestra experiencia general fue muy decepcionante había moho en el baño y pelos en la cama el camino a través de monteverde es extremadamente empinado y se siente muy remoto cuando el propietario no está presente hay auto check-in y el único personal en el lugar no habla inglés, lo que dificulta la comunicación la cena se debe pedir con anticipación mientras que el folleto elogia mucho la comida la realidad era muy pobre la pizza era en su mayor parte masa y quemada y mi acompañante se enfermó y tuvo vomitar durante la noche hace mucho frío dentro del domo sin opción de calentarlo y todo se vuelve húmedo nos fuimos después de una noche y nos mudamos a otro alojamiento",1,google_places_api,glamping nubes de monteverde,2026-02-14
El gran recorrido por la jungla de montaña lo lleva fuera de los caminos trillados. Esta es una joya escondida. Restaurante y bar llenos. Tienda de regalos. Muchas opciones de recorrido. Muy limpio y muy seguro. Disfrutamos de la góndola hasta la montaña. Muy recomendado para parejas o grupos.,5,google_places_api,rainforest adventures jaco,2026-01-27
"hotel muy bonito a una distancia razonable de la playa hay servicio de transporte a la espectacular playa disponible, incluido un baño móvil para los huéspedes, especialmente recomendado para familias con niños pequeños debido a las piscinas poco profundas, el parque infantil y el espacioso jardín, el desayuno es delicioso y abundante, el restaurante es bueno pero caro, las habitaciones son grandes y cuentan con todo lo que necesitas.",5,google_places_api,leyenda boutique hotel spa,2026-02-27
"Este museo podría estar cerrado, intentamos entrar dos veces y los guardias y el personal estaban confundidos sobre dónde estaba y si estaba abierto, tal vez fue porque estaba cerca de Navidad de todos modos, los tiempos y fechas de Google no son exactos.",2,google_places_api,museo histórico y tecnológico del grupo ice,2025-12-19
Debería haber regresado en nuestra segunda noche. Deliciosos mariscos en un entorno justo frente al océano. Buenos cócteles. Servicio amable.,5,google_places_api,coco s herradura restaurant bar,2026-04-04
El exterior de los alojamientos y la vista eran hermosos. El interior de la cabaña no era el mejor. El baño era muy pequeño. Tuve que pagar en efectivo por la habitación porque la máquina de tarjetas de crédito no funcionaba. El precio de la habitación era alto con lo poco que ofrecía.,2,google_places_api,cabañas la laguna lodge,2024-05-07
"Salimos temprano del albergue porque el dormitorio olía mal por el inodoro. Creo que las tuberías necesitan una limpieza y se podía olerlo toda la noche y la habitación estaba muy fría por la noche. El personal fue encantador y el desayuno estuvo bien. Algunas frutas y panqueques, pero la cocina y el equipo necesitan ser reemplazados ya que son muy viejos y se están desmoronando. Algunas de las placas de cocina no funcionan y una de ellas tiene vidrios rotos. Desafortunadamente, no recomendaría quedarse aquí.",2,google_places_api,hostel la suerte,2026-01-16
"Terminamos comiendo aquí varias veces durante nuestra estancia y fue fantástico en cada visita. La comida siempre fue excelente, fresca, sabrosa y bellamente preparada. Las vistas a la playa son impresionantes y crean el ambiente perfecto, especialmente al atardecer. Siempre hay mucha gente, lo que dice mucho, pero el servicio nunca se sintió apresurado. Lo que realmente se destacó fue el toque personal. Nuestro camarero recordaba nuestros nombres cada vez que regresamos, lo que nos hizo sentir muy bienvenidos. También tengo intolerancia al gluten celíaco y fueron increíblemente conocedores y serviciales, lo que hizo que fuera fácil y sin estrés cenar de forma segura. Ese nivel de atención lo hace todo. la diferencia",5,google_places_api,las olas beach bar rooms,2026-02-15
"El hotel Senda Monteverde fue un lugar maravilloso para hospedarse y superó nuestras expectativas. El personal fue excepcionalmente amable y atento, siempre haciendo todo lo posible para hacernos sentir bienvenidos. Realmente disfrutamos de la sabrosa comida y bebidas en el lugar, que se complementaron con las pintorescas vistas del hotel del bosque nuboso circundante. La cabaña limpia y espaciosa era cómoda y cuidadosamente diseñada y fue fácil llegar al centro de Monteverde con un rápido viaje en taxi. Un hotel relajante y bien administrado que recomendaríamos felizmente a cualquiera que visite el área.",5,google_places_api,senda monteverde,2026-01-23
"Qué lugar tan hermoso, los jardines eran fenomenales para los observadores de aves o cualquiera que quiera explorar. Hicimos un recorrido nocturno con su guía turístico y él fue increíble, increíble. El servicio fue súper amable y el desayuno delicioso. Reservamos una habitación a través de Airbnb en lugar de en el hotel. Me pregunto si es por eso que nuestra habitación estaba bien. Teníamos algunas manchas en las sábanas y bastantes insectos en la habitación, pero es la jungla, así que quién sabe, seguro que me quedaría aquí de nuevo.",4,google_places_api,ara ambigua lodge,2025-12-20
Los perros de la carretera muy ruidosos cerca ladraban regularmente. El lado positivo era que el desayuno era abundante y estaba incluido.,4,google_places_api,hotel las brumas,2026-01-29
"encantador, encantador y cómodo, nos encantó nuestra estadía aquí, los propietarios nos recibieron cuando llegamos y nos mostraron nuestra habitación, todo estaba limpio y bien cuidado, toda la posada estaba pintada con hermosos murales y el patio y el jardín eran un lugar perfecto para disfrutar de un café por la mañana. Desayunamos todas las mañanas y estaba delicioso, no hay otro lugar en el que preferiría quedarme.",5,google_places_api,hotel turrialba b b,2025-02-20
"un hotel moderno con un verdadero corazón social hotel con corazón monteverde es un moderno hotel minimalista de inspiración escandinava bellamente situado en una colina con vista a monteverde el diseño es limpio, relajante y perfectamente en sintonía con la naturaleza circundante que ofrece impresionantes vistas y un ambiente tranquilo después de días completos explorando el bosque nuboso. Lo que realmente distingue a este hotel es su misión social. quienes realmente hacen todo lo posible para ayudarlo con cualquier cosa que necesite, desde organizar actividades hasta ofrecer consejos locales y resolver solicitudes de último momento con una sonrisa. Las habitaciones son pequeñas pero muy cómodas, diseñadas solo con lo necesario. Perfectas para viajeros que planean pasar sus días descubriendo Monteverde y simplemente desean un espacio acogedor y bien diseñado para descansar por la noche. Si valoran el diseño, la amabilidad y la autenticidad, este hotel es una excelente opción en Monteverde, muy recomendable.",5,google_places_api,hotel con corazón,2025-12-03
"todo fue perfecto, el personal fue maravilloso, el dueño muy amable y servicial, y fue una de mis estadías favoritas en un albergue. El colchón y la almohada en el dormitorio de mujeres eran geniales y las cortinas bloquean toda la luz y brindan privacidad. La habitación y los baños tienen ganchos para toallas para pertenencias personales y las duchas estaban calientes. Ajuste la perilla y eso es todo, dan café todo el día y es increíble. Aprecié el ambiente tranquilo, pero aún así era sociable e hice amigos en mis días allí. Estoy feliz y no puedo esperar a volver. Muy recomendable. Algunas críticas casi. Me disuadió, pero el albergue era increíblemente bueno, especialmente teniendo en cuenta el precio y el vecindario. Sería un gran error no quedarse aquí en su viaje a San José. Aceptan dólares en efectivo o colones. Aprendí en una cafetería que los negocios en CR tienen leyes estrictas sobre todo lo relacionado con las transacciones con cc. Es más fácil para todos ir solo en efectivo. Es fantástico para nosotros como huéspedes estar preparados una vez más. Fueron extremadamente amables y serviciales incluso con mis millones de preguntas aleatorias.",5,google_places_api,chillout hostel barrio escalante hostel in san jose costa rica,2026-01-20
"solo queríamos caminar por el puente con nuestros hijos y dar un paseo por la selva tropical y nos sorprendió un poco el precio de 23 por persona. La vista desde el puente y el bosque es hermosa. Si quieres ir, asegúrate de usar zapatos cerrados.",3,google_places_api,reserva biológica tirimbina,2026-02-03
"vistas impresionantes mientras disfrutamos de su comida, realmente disfrutamos la comida y las bebidas. Una sugerencia sería sentar a las personas en una mesa si están cenando. No había opción al hacer la reserva y las tres mesas pequeñas y el banco eran bastante incómodos.",4,google_places_api,sentido norte,2026-06-08
"Tuvimos una estadía maravillosa en este hermoso hotel boutique en Puerto Viejo. La propiedad es encantadora, tranquila y está impecablemente mantenida. Ubicación perfecta. Un ambiente hermoso y un servicio excepcional. Con mucho gusto nos hospedaríamos aquí nuevamente y lo recomendaríamos a cualquiera que visite Puerto Viejo.",5,google_places_api,chinuk boutique hotel,2026-06-20
"Buen lugar, los artículos deben pedirse individualmente.",3,google_places_api,casita del pan,2020-12-12
un buen lugar para comer y beber linda vista el precio es bueno pero no barato,4,google_places_api,bar dolce vita,2023-10-17
"Hotel boutique limpio y tranquilo en el corazón de Tamarindo. Me alojé en su pequeño apartamento y fue encantador. El aire acondicionado, wifi y ventiladores fueron excelentes para trabajar de forma remota y mantenerme fresco. El hotel está apartado del ruido pero aún lo suficientemente cerca como para caminar a la playa y otros bares y restos animados. Disfruté usando su piscina al aire libre, que estaba limpia y rodeada de vegetación. El personal fue amable y servicial durante mi estadía de 4 días. El restaurante italiano en el frente era delicioso y sirve pasta casera para muchos de sus platos. La pizza también fue excelente. Me quedaré aquí la próxima vez. visita",5,google_places_api,hotel boruca tamarindo,2026-03-17
"delicioso, teníamos pollo con mantequilla y bistec korma y ambos estaban deliciosos, pero nos encantó más el korma, la carne estaba tierna y no demasiado cocida, el naan con ajo estaba delicioso y el arroz era muy ligero y fragante.",5,google_places_api,restaurante taj mahal alajuela,2026-01-13
Recuerdo cuando el lugar era tan pequeño y estaba ubicado a unos metros más abajo. Recuerdo al que tomaba fotografías del lugar y el menú y los enumeraba en Google Maps. Estoy feliz de haber sido parte de su publicidad y el crédito es para su ascenso debido a su menú asequible. La comida local y la variedad son sabrosas y ahora el lugar siempre está lleno pero es más espacioso.,5,google_places_api,soda mi choza,2024-12-31
deliciosa pizza con excelente vibra. También tienen clases de baile latino los sábados por la noche y la sangría es de primera categoría. Definitivamente es un gran lugar para visitar cuando visite Guiones. También tienen opciones sin gluten.,5,google_places_api,restaurante il basilico,2026-01-04
"este apartamento tiene una excelente ubicación, hermosos jardines, estacionamiento seguro detrás de su puerta y todo lo que pueda necesitar. Andre nos ayudó con el check-in y nos acompañó hasta el apartamento, nos explicó todo y respondió mi única pregunta que olvidé hacer antes de irse. Gracias, lo pasamos de maravilla.",5,google_places_api,casas del toro boutique hotel in monteverde,2025-02-28
"Impresionante hotel limpio justo en el medio de Dominical al lado del restaurante Fuego Micro Brewery y los precios de las habitaciones eran muy razonables. Es un pequeño hotel personal más como un albergue. Reservé 3 habitaciones para 5 noches y todos quedamos impresionados con el amable personal. Toni, la dueña, nos cuidó como si fuera una familia. Parece conocer a todos y todo lo que sucede en la ciudad, así que no nos perdimos nada. Un perezoso con un bebé vive en el árbol junto a la cocina grupal. Rodrigo en la recepción incluso nos hizo pan un día.",5,google_places_api,la posada del mar,2024-03-24
"Me alojé la semana de Navidad con mi pareja, pasamos un tiempo absolutamente lujoso, la habitación estaba muy bien hecha, dormimos increíble en la cama muy cómoda, la ducha tenía agua muy caliente y buena presión, a veces viajando fuera de mi país de origen, no tenemos esos lujos, así que es bueno notar que la limpieza también fue excepcional. Me impresionó mucho el personal, desde Liz hasta el equipo del bar y el chef, todos muy atentos y amables, no teníamos planes cuando llegamos allí, pero buscamos el consejo del personal para obtener ideas sobre qué hacer y ver mientras estábamos en la ciudad. muy cálidos y amigables, recibimos toneladas de consejos para hacer que el viaje fuera satisfactorio. Las bebidas del bar eran muy sabrosas, aunque parece un bar local. Los cócteles se preparan en un bar de cócteles de alta gama para garantizar la calidad del sabor. El chef Rapha también es súper amable y el hombre puede cocinar. Las porciones estaban bien hechas. El sabor estaba muy presente. Lo único que lamento fue no haber pedido más mientras estaba allí para probar más del menú. Aprovechamos los recorridos ofrecidos y nos mantuvimos en comunicación con Liz para reservar todo. Ella hizo que fuera tan fácil reservar y los recorridos se recogieron justo afuera, así que todos Lo que tenía que hacer era estar listo. El recorrido fue increíble. Hicimos un recorrido en grupos pequeños para ver el volcán de la fábrica de granos de café y la cascada de la selva tropical. Era un grupo pequeño y cómodo con un personal bien educado. No puedo esperar a regresar.",5,google_places_api,colours oasis resort,2026-01-01
vacaciones románticas y bastante naturales y con un personal muy amable desayuno aceptable incluso frutas para el desayuno café no incluido huevos y tostadas estándar incluidos en el desayuno wifi disponible con la mejor conexión en la cabaña de recepción,4,google_places_api,ciudad perdida ecolodge,2017-08-24
Disfrutamos mucho de nuestra estadía con Daniel y Carla. Siempre nos sentimos muy bienvenidos y bien cuidados. Las instalaciones son súper agradables y están bien mantenidas. La comida de Carla y el equipo nos ha inspirado. Muchas gracias al buen anfitrión Daniel.,5,google_places_api,suizo loco lodge,2021-05-05
"hermoso lugar, el personal encantador, Chris, fue muy acogedor y amable. La comida estaba recién preparada y usaba ingredientes de alta calidad. Visité desde Nueva York y puedo verme regresando a Costa Rica y comiendo aquí nuevamente. Muchas opciones vegetarianas y veganas. Compré la quesadilla. A mis primos les dieron el bistec de fajita y el arroz con ensalada pura vida.",5,google_places_api,la parcela restaurante and cabinas,2026-05-01
"Lugar encantador y buena comida. El churro estaba delicioso combinado con una buena selección de café. Probamos una pizza vegetariana que también estuvo muy buena. Tiempo de preparación de 40 minutos, se llena pero el servicio es bueno.",5,google_places_api,restaurante luciérnaga,2022-08-17
Fantástica comida auténtica costarricense. Comimos aquí para desayunar dos veces. Panqueques deliciosos y comida tradicional. Me encantó.,5,google_places_api,soda rosi s nosara,2026-01-29
"Tenga en cuenta que las habitaciones dobles estándar no tienen ventanas, acceso a luz natural, esta información no está incluida en la descripción de la habitación en el sitio web del hotel ni en la confirmación de la reserva. Solo me enteré leyendo las reseñas de Google cuando estaba en tránsito camino al hotel cuando llegué. Verifiqué y descubrí que nuestra habitación no tenía ventanas. Lo que siguió fue un proceso largo e innecesariamente doloroso para tratar de conseguir una habitación con ventanas. El joven de recepción fue increíblemente inútil. La comunicación fue difícil porque no hablaba inglés y mi español es limitado, pero el quid de la cuestión. El problema era que había una habitación disponible en una categoría diferente que tenía ventanas. Dije que estaba feliz de pagar la diferencia. El problema era que la diferencia que querían cobrarme era más del doble de lo que su propio sitio web decía que era la diferencia en las tarifas entre las diferentes categorías de habitaciones en las noches que me quedé. Expliqué una y otra vez que estaba feliz de pagar la diferencia que mostraba su propio sitio web, pero no entendía por qué me exigían que pagara el doble. La única explicación que recibí fue porque hice la reserva a través de un agente de viajes usando Expedia y no directamente con el hotel. tiene la diferencia que mostró su sitio web, me pidió que cancelara la reserva de Expedia y reservara directamente con el hotel, lo cual no pude hacer porque lo reservó mi agente de viajes y ya era fin de semana en Australia. Finalmente apareció una mujer joven y encontró una solución más apropiada, pero fue un comienzo muy desagradable para nuestra estadía. Tenga cuidado con la habitación que reserva. Comuníquese con el hotel para confirmar si tiene ventanas o no, si eso es importante para usted, y probablemente reserve directamente con el hotel porque la ridícula rigidez parecía deberse a que mi agente de viajes había reservado a través de Expedia. Sería mucho mejor. si el hotel fue transparente en el hecho de que algunas habitaciones no tienen ventanas e incluirlo en la descripción de la habitación y de la reserva para que las personas puedan tomar una decisión informada sobre las habitaciones",2,google_places_api,urban green hotel suites,2026-01-24
Exposiciones hermosas e interesantes dentro de un gran edificio histórico. El arte fue fantástico y me hizo sentir que los jardines exteriores eran maravillosamente intrincados y un excelente lugar para visitar gratis.,5,google_places_api,museo municipal de cartago,2024-09-06
"Nos encantó toda la experiencia en rico tico desayunamos, almorzamos y cenamos excelentes vistas, comida y un personal increíble. Un saludo a Omar y a todo el equipo de rico tico que hicieron todo lo posible para ser amables, serviciales y entretenidos. Muchas gracias.",5,google_places_api,rico tico jungle grill,2026-05-02
gran lugar para tener una fiesta con amigos y colegas,5,google_places_api,fox hole,2021-08-27
"nos encantó nuestra experiencia en el tucán pablo fue un excelente anfitrión, respondió rápidamente a las preguntas y sus recomendaciones para aventuras en la fortuna fueron el lugar en la cabaña, tenía mucho espacio para nosotros, olía maravilloso cuando llegamos y todo estaba muy limpio. Todo el sitio es un paraíso. Pudimos ver mucha vida silvestre a lo largo de los senderos, incluida una familia de perezosos. El jacuzzi era el favorito de la familia. Usamos el área de yoga un par de veces para comidas comunitarias. Toda la experiencia no podría haber sido mejor y lo recomendaríamos sin duda para cualquiera que viaje a la fortuna",5,google_places_api,cabañas caeli,2026-06-17
buenos precios para la comida,4,google_places_api,soda la hulera,2020-02-10
"Jorge es excelente en comunicación y toda la familia trabaja en la propiedad. Las cabañas están muy limpias y muy bien ubicadas, a 10 minutos caminando de la playa, todo lo que necesitas en la cocina, servicios básicos como cafetera, estufa, refrigerador, tetera y todos los cubiertos que necesitas. Los baños están limpios. Se ofrece servicio de taxi, solo pregúntale a Jorge y otras actividades, paseos a caballo, buceo, avistamiento de ballenas, etc. El área es muy tranquila, pero sorprendentemente puedes encontrar todo lo que necesitas, un buen desayuno, cena y comestibles, muy recomendable.",5,google_places_api,ballena oasis lodge,2024-04-05
el lugar era muy agradable y el dueño es muy agradable y la playa está a menos de 2 minutos a pie voy a regresar un día pura vida,5,google_places_api,coconut beach house,2024-08-18
"maravillosa anfitriona, bonita habitación en una casa familiar, pero separada y privada, muy cerca de la ciudad. Alquilamos un auto, lo que lo hizo muy fácil. Teníamos nuestra propia habitación con baño privado y ducha de agua caliente. Disfrutamos que nuestra anfitriona hiciera reservas para nosotros y nos diera consejos sobre dónde ir. Tenemos un español muy limitado, por lo que su inglés fue muy útil. Lo recomiendo encarecidamente.",5,google_places_api,hostel arenal,2018-03-26
"Este fue mi restaurante favorito en La Fortuna. Comencé el viaje cenando aquí y lo terminé aquí con mi última comida. Comí el especial de pargo rojo frito con mi familia la primera vez y la segunda vez comí el filete de pargo en esta salsa de camarones con crema de piña, súper delicioso. Emmanuel fue un gran servidor y muy amable y atento.",5,google_places_api,marisquería snapper s house,2026-01-12
"restaurante de mariscos en la playa muy buena ubicación un poco caro pero me dieron langosta esperaba que buenos mariscos tengan cuidado, se les cobrará por el agua embotellada si aceptan una, tienen agua en la jarra sin cargo, todavía lo disfruté mucho",4,google_places_api,coco s herradura restaurant bar,2025-03-12
"Pasé seis meses viviendo en Nosara alojándome en varias propiedades en guiones y pelada y moana se destaca como mi favorita absoluta y verdaderamente la más especial de ellas. La ubicación es excepcional. Un sendero exuberante y amigable para caminar descalzo te brinda un trozo de jungla antes de abrirse directamente a la playa de Guiones. Al mismo tiempo, el complejo está a solo una corta caminata de la avenida principal en Guiones, logrando ese raro equilibrio entre tranquilidad y accesibilidad. Las suites son impresionantes, bellamente diseñadas, espaciosas y genuinamente cómodas. Lo que realmente distingue a Moana, sin embargo, es la sensación de calidez y conexión que sientes en el momento de llegar. tali dani y los niños se encuentran entre las personas más genuinamente acogedoras que he conocido, no solo profesionalmente amables sino también auténticamente cálidos de una manera que te hace sentir bienvenido en su casa, el personal se siente como una familia muy unida y todo el equipo hace todo lo posible para garantizar que tu estadía sea lo más cómoda posible, incluso los gatos residentes agregan una capa adicional de encanto a este lugar. Lugar para reservar. No podría recomendarlo más.",5,google_places_api,moana surf resort,2026-04-10
Gran tienda para comprar cacao y productos de cacao. Personal muy amable. Te permiten probar todo sin presión para comprar cualquier cosa. Puedes explorar la parte trasera de la tienda donde tuestan el cacao y empacan los productos.,5,google_places_api,g e chocolate adventure company,2023-01-07
"Las aguas termales fueron fantásticas. Me alojé en San José y definitivamente estaba más cerca que los otros manantiales. No estaba lleno y era muy tranquilo. Las vistas eran absolutamente impresionantes. El personal fue realmente genial y todo se sentía bien cuidado. Los baños estaban impecables, lo que hizo que toda la experiencia fuera aún mejor. Definitivamente regresaría.",5,google_places_api,termales hacienda orosi,2026-05-14
Se lo recomendaría encarecidamente a cualquiera que se aloje en el área de Jacó si está buscando una mejor experiencia gastronómica con excelente servicio y comida. Este es el lugar donde nuestro camarero fue muy atento y el resto del personal fue excelente. Hicimos una reserva y nos sentamos de inmediato.,5,google_places_api,cafetería y vinos graffiti,2026-03-05
"la ubicación era encantadora, un edificio bonito, limpio y apartado de la carretera encubierto, pero afuera aún así el personal era amable y servicial, la comida estaba fresca, los ingredientes eran de buena calidad y estaba absolutamente delicioso, al igual que las bebidas, un lugar encantador para una comida relajada. Lo recomendaría y volvería con seguridad.",5,google_places_api,momo café,2025-12-17
"Tuvimos un buen almuerzo aquí hoy. Llegamos unos minutos antes de abrir, pero estuvieron felices de seguir adelante y sentarnos a probar los espaguetis con mariscos. Fue excelente.",5,google_places_api,marisquería don mario,2023-03-01
"Uno de los peores lugares y experiencias de clientes que he tenido. Estoy escribiendo esta reseña porque el lugar no es reembolsable y tuve que comunicarme con el soporte de Airbnb y pasar 5 días comunicándome y proporcionando pruebas y documentación. La situación arruinó mis planes de viaje, interrumpió mi trabajo y causó mucho estrés. Las instrucciones de check-in se enviaron solo unos minutos antes de la hora de check-in. Lo llaman auto check-in, pero eso se debe principalmente a que no hay nadie allí para ayudarte. Estás completamente solo tan pronto como llegué, me di cuenta de que el hotel no coincide con las fotos. descripciones en línea la habitación tenía un fuerte olor a aguas residuales y estaba sucia, incluidas las sábanas. Internet fue lo primero que confirmé con el anfitrión porque trabajo de forma remota y necesito una conexión estable y él me aseguró que todo estaba funcionando bien, sin embargo, casi no había conexión a Internet en la habitación y la señal en el área era extremadamente pobre cuando me comuniqué con el anfitrión para informar estos problemas. Primero negó todos los problemas y luego dejó de responder. Solo había un miembro del personal que hablaba español, lo que hizo que la comunicación y la resolución de los problemas fueran casi imposibles. Esta fue mi primera experiencia con un anfitrión que no tenía disposición para resolver problemas y mostré falta de cortesía y profesionalismo. Fue mi error no leer reseñas de diferentes plataformas después de hablar con personas locales y revisar otras reseñas, me di cuenta de que había muchas reseñas informativas que advertían sobre problemas similares que desafortunadamente me perdí.",1,google_places_api,surf ranch hotel tamarindo costa rica,2026-03-06
"Me gustó el servicio aquí, la camarera fue muy amable, tenga un poco de paciencia con los jugos, súper deliciosos, pero, por supuesto, ella hace todo desde cero. La comida era increíble, fue demasiado para nosotros, así que nos la llevamos a casa y nos advirtió que sería mucho. Recomiendo venir aquí.",5,google_places_api,asante,2024-01-05
"nuestro camarero Olger y todo el personal fueron increíbles, fueron muy acogedores y atractivos y se aseguraron de que tuviéramos todo lo que necesitábamos. La comida también fue increíble, desde los aperitivos hasta los platos principales, el postre y las bebidas. No puedes equivocarte con este lugar y tienen dos cafeterías hermanas que fueron muy recomendadas. Estamos en camino a probar mañana.",5,google_places_api,restaurante scala,2026-05-22
"Visitamos un restaurante italiano aquí en Nosara y tengo que decir que realmente se sintió como auténtica cocina italiana. Viajo a Italia con bastante frecuencia, así que tengo una buena comparación y la comida aquí fue excelente. La presentación de los platos fue hermosa y todo sabía fantástico. El servicio también fue muy bueno, amable, atento y rápido. El ambiente del lugar fue excelente y muy agradable. Los precios fueron razonables y no costosos considerando la calidad. Definitivamente recomiendo este restaurante si está buscando excelente comida italiana en Costa Rica.",5,google_places_api,posada margherita,2026-03-16
"Primero es un restaurante, no es un club nocturno, pero es fácil confundirlo por la decoración, el cerdo frito estaba muy seco y suave sin condimentos. 1 estrella, el servicio es el mismo que el de McDonald's, que es ordenar en el mostrador, esperar, luego recogerlo y salir a buscar agua, servilletas, condimentos. El servicio de McDonald's de 1 estrella en un restaurante como este, que creo que está tratando de atraer a una clientela adulta con precios y cargos por servicio más altos, no tiene sentido, el cerdo desmenuzado. El sabor del sándwich estaba muy alejado de la proporción de salsa a carne con mostaza espesa y salsa de queso para nachos que no pertenece. El sándwich tenía demasiadas cosas que hacer y terminó siendo una mancha desordenada en el plato después de solo 3 bocados. Las bebidas naturales están hechas de concentrado y no frescas. 1 estrella en general me dio como 2 de 5 estrellas. No me fui con hambre, pero tampoco tenía ganas de darle al lugar un viaje de regreso. chingo bart simpson en el baño, pero para cualquiera que simplemente quiera comida fresca y sabrosa, el mural es de tan mal gusto que no publicaré una foto del mismo ni de la masa desordenada de un sándwich de cerdo desmenuzado.",2,google_places_api,comida callejera xl heredia,2023-12-28
"sin lujos, pero limpio, fuerte aire acondicionado, agua caliente, excelente personal, maravillosa área de piscina, huéspedes encantadores, cerca de la playa, calle principal y excelente cafetería venezolana. Volvería otra vez, una joya perfecta para un viajero solitario que no busca un hotel de fiesta. Había un olor a limpiador muy fuerte cuando llegué y soy muy sensible al olfato, luego descubrí que era un ambientador en el inodoro y simplemente me deshice de él y estuvo bien.",5,google_places_api,hotel laura s house,2026-03-21
"Jaco es bastante pequeño, así que todo está a poca distancia, la playa está cerca, a unos 5 minutos caminando, hay tiendas, restaurantes y bares muy cerca. Me quedé solo en una habitación doble con baño privado. Era acogedor y limpio, con aire acondicionado. así que si el ruido es un gran problema, reserve un hotel en su lugar, la habitación solo tenía una ventana interior que daba al pasillo, lo cual fue una pena que el agua de la ducha estuviera fría. No me importó mucho porque hacía 33 °C. También podría ser que no pudiera hacer que el agua caliente volviera a funcionar. El clima estaba tan caliente que simplemente no me esforcé tanto. Las ventajas definitivamente superan las desventajas. Me quedaría allí de nuevo.",5,google_places_api,hostel la hacienda habitaciones y comida,2022-08-21
"la pizza estaba muy cocida demasiado caliente en el horno de ladrillos, por lo que es probable que no estemos monitoreando las temperaturas, por lo que la corteza no tuvo tiempo de cocinarse completamente y estaba suave, mientras que la parte superior estaba casi demasiado cocida y los pasteles no se rotaron adecuadamente mientras estaban en el horno para un desarrollo uniforme de la corteza y carbonización en las cornicones. Un lugar animado y muy lindo, pero parecía tener exceso de personal y estar parado, aunque tampoco era tan atento, buena vibra en general y un lugar agradable y limpio, esperando más de las pizzas, aunque también pedí 3 demasiado caras.",3,google_places_api,el wagon,2026-07-09
espectacular comida y precio paramos a almorzar en la gaseosa sin ninguna referencia la comida tipica de costa rica y una gaseosa estaba riquísima y abundante el personal también fue muy amable y el precio genial totalmente recomendable,5,google_places_api,soda doña iva,2024-12-15
"no se recomienda nadar más como surfear. Al pueblo de plata limón en costa rica le encanta el fútbol y el surf en ese orden, pero el campeón nacional de surf de 12 años es de plata limón. Ven por el sol y las hermosas olas, ideales para caminar por la costa. Hay un restaurante en playa bonita y un grifo lateral para enjuagar los pies.",4,google_places_api,playa bonita,2023-12-24
"nuestra familia estaba en Costa Rica de vacaciones. Encontré el derecho sagrado en línea y vi que preparan café para servir, ya que ese es mi criterio principal para una cafetería realmente buena. Pensé en probarlo, afortunadamente lo probamos temprano en nuestras vacaciones porque regresamos todos los días. Todos y cada uno de los miembros del personal con los que nos encontramos fueron amables y profesionales. Tostaron su café cada semana y tenían entre 8 y 10 granos para seleccionar. Incluso sabían cuáles se beneficiarían de un par de días adicionales de descanso antes de beber al final de la semana. Había probado 6 granos diferentes. cada uno era delicioso por sí solo, pero el aroma de su proceso anaeróbico era divino. Considero que un excelente vertido como estos es tan complejo como una copa de vino. Los miembros de mi familia se unieron a mí y les encantó la cerveza fría y los cafés con leche. Los asientos son cómodos y la decoración es moderna y realmente genial. Si mi amor por el derecho sagrado no era evidente, terminé mi viaje comprando una camiseta genial que hicieron a mano.",5,google_places_api,derecho sagrado,2026-07-11
"es un excelente lugar para descansar, las camas son increíbles y el área común es muy acogedora, baños limpios y una cocina grande, todo en el lugar. Obtendrá toda la información necesaria sobre uvita, reserve sus viajes o alquile una bicicleta, pero la mejor parte de este lugar es la gente, el propietario, es la persona más amable. El personal es muy servicial. Me encantó mi estadía allí. Lo recomiendo encarecidamente.",5,google_places_api,luminosa uvita hostel,2025-12-20
tacos de margs tan increíbles ambiente relajado personal genial bebidas fuertes tacos de camarones tacos de cerdo tacos de pescado no puedes equivocarte los patacones son excepcionales nos encanta este lugar este es nuestro tercer viaje al área de tulemar ma y no podemos tener suficiente de café milagro recomiendo encarecidamente a karen emily han sido camareros en todos nuestros viajes y son increíbles,5,google_places_api,el patio de café milagro,2026-04-23
Estoy muy feliz de que este lugar se haya abierto. A Nosara le faltaba un excelente lugar para sushi. El ambiente era correcto. El pescado estaba tan fresco. Me encanta que sea todo pescado local. No menciones que mi favorito absoluto era el taktaki de atún. Excelentes camareros y dueños fueron muy amables.,5,google_places_api,satori sushi nosara,2026-01-26
La comida era increíble. Mi amigo y yo nos detuvimos aquí después de nuestro vuelo porque está cerca del aeropuerto. La familia propietaria es amable y genuina y también estaban tratando de ayudarnos a conseguir un lugar para quedarnos en La Fortuna. Se lo recomendaría a cualquiera y la comida era muy auténtica y saludable. El jugo de maracuyá también era delicioso y fresco.,5,google_places_api,soda el pilón,2024-07-02
"el lugar es decente en un nivel superficial, pero horrible de cerca tenía agua del grifo corriendo de color marrón, no había agua en algunos puntos y no había agua caliente debido a una manija de la ducha mal instalada, la lavadora no funcionaba, había un enrutador wifi para varias unidades que solo funciona si me sentaba en el porche de otra unidad cuando se corta la luz porque sucede en Costa Rica, no se puede abrir la puerta del auto, los vecinos cantaron karaoke hasta las 4 de la mañana, a 10 pies de distancia, el soporte en línea y local fue inadecuado, parece que hubo muchos intentos de tomar atajos. en un robo de efectivo",1,google_places_api,surf villas of dominicalito,2023-12-22
"excelente comida, buenas bebidas, personal agradable, pero momento extraño en el que nuestro camarero arruinó un pedido de bebidas y comenzaron a avergonzarnos culpables porque se les cobraría a ellos además de ese agradable ambiente de bar.",4,google_places_api,santo pecado alajuela,2026-04-08
un buen lugar para comer en la ciudad la porción de nachos fue muy generosa la comida era buena pero no la más sabrosa que probé en Costa Rica,4,google_places_api,island restaurant,2026-04-11
"propiedad extremadamente tranquila, limpia, segura y hermosa a 15 minutos a pie de la playa de arena trasera playa negro Camino mucho, así que caminé hasta la tienda de comestibles suoer sk a unos 25 minutos por un camino de grava muy seguro tuk tuks uber y los taxis vienen a ti o te llevan allí alejandra es una excepción l anfitriona con quien disfruté varias conversaciones con tu habitación viene con camas ropa de cama limpia jabón de ducha ventilador oscilante televisión con control remoto tu ducha está dentro de tu habitación afuera tuve un balcón que disfruté algunas noches después de un ducha no hay insectos mosquitos así que es excepcionalmente maravilloso por la noche incluso con la luz encendida la cocina se comparte ordenada y súper limpia hay un refrigerador para microondas mesa y sillas y todas las comodidades que necesitas para preparar una comida gracias alejandra",5,google_places_api,cabinas kiamimi,2025-02-19
"Eddy es el mejor y el personal es el mejor, muy atento y la comida también es buena. El dueño es genial y hay un ambiente muy agradable.",5,google_places_api,spells by rosie,2026-02-12
"Tuvimos una cena familiar muy agradable en la terraza. Comenzamos con el ceviche, pedimos alitas de pollo para nuestra hija y compartimos la pasta con mariscos y el chorizo ​​de pollo. Nunca puedes equivocarte con el ceviche en Costa Rica y los mariscos aquí no decepcionaron. Todo estaba fresco y bien preparado. Lo más destacado de la noche fue el servicio Randy. Nuestro camarero fue increíblemente acogedor, profesional y genuinamente amable. Su atención y calidez hicieron que la experiencia fuera aún mejor. Realmente apreciamos su excelente servicio y estaríamos encantados de regresar.",5,google_places_api,terraza by issimo,2025-12-19
"Excelente lugar para mi primera visita costarricense, un retiro que tiene hermosas playas tranquilas cercanas y mucha vida silvestre en el lugar. Las habitaciones están limpias y los anfitriones saben mucho sobre el área local y las costumbres. Los anfitriones brindan clases y enseñanzas de yoga que alquilamos a través de Air B B, pero tuvimos una estadía tan maravillosa. Tuve que darle una calificación de Google también. Cahuita está a minutos de distancia. Es amigable, con excelentes lugares para comer y un sin fin de actividades. Recomiendo probar los refrescos, la comida local que es más que deliciosa.",5,google_places_api,casa firefly boutique retreat,2023-04-01
"Recomiendo encarecidamente este hermoso hotel. La ubicación es perfecta, escondida en una playa aislada pero pública, con muchos restaurantes a poca distancia para disfrutar de una auténtica sensación costarricense. La propiedad es impresionante, cubierta de plantas tropicales y cada habitación tiene un patio privado con sombra de árboles. Solo tenga en cuenta que los árboles frondosos significan que habrá algunos bichos. El personal es fantástico. El estacionamiento es gratuito y ofrecen increíbles extras de playa, como tablas de surf, botes de remo y juguetes para la arena, además de duchas al aire libre para lavarse. Definitivamente regresaremos.",5,google_places_api,hotel bosque del mar,2026-06-23
2 cafe 2 chocolate con leche y 4 empanadas dulces 30 dolares ni en usa pagan tanto cuidado,1,google_places_api,le café,2025-06-18
"Mi estancia en Le Petit fue maravillosa. El personal es amable y servicial. Las habitaciones son sencillas y muy limpias, con todo lo que necesitaba. La piscina está muy limpia y es refrescante después de un largo día. La ubicación es buena y la relación calidad-precio es excelente. A un corto paseo de la ciudad. Sugiero llamar para que me lleven a y desde la ciudad por la noche, ya que la carretera está muy transitada durante el día. Estuvo bien.",5,google_places_api,le petit h tel costa rica,2024-02-14
"Este restaurante está en mi calle, a unas 3 casas de distancia, así que lo frecuentamos. Tienen cerveza helada, chile guaro y fabulosas piñas coladas. El barman Joe y sus compañeros de trabajo están muy orientados al servicio y quieren que estés contento con tus comidas y bebidas. Me encanta este lugar.",5,google_places_api,kinsu restaurante,2026-01-17
"Me encantó el lugar, estaba limpio y hermoso, olía fantástico, a solo 50 m de la playa, lejos del ruido de los restaurantes frente a la playa y de la calle rodeada de naturaleza. Me sentí muy seguro y el anfitrión fue simplemente increíble. Las hamacas en el área del balcón del segundo piso son muy cómodas y tranquilas. Me encantó especialmente la estructura del edificio, su madera con techos altos, bien ventilada y fresca. El mejor precio de la ciudad también. Definitivamente regresaré.",5,google_places_api,casa aldirica,2025-02-14
"Maravilloso y Massimo es un gran anfitrión. Volvería sin duda lo suficientemente cerca de la playa y de la fiesta, pero lo suficientemente lejos como para pasar un rato tranquilo todo el día. Perfecto.",5,google_places_api,cabinas villa del sol,2022-03-25
"playa biesanz es una playa tranquila y pacífica, perfecta para aquellos que buscan relajarse lejos de las multitudes. El agua suele ser muy suave, lo que la hace ideal para nadar y hacer snorkel ligero. Lo que hace que esta playa sea realmente especial es la vida silvestre que se puede ver en la playa y en los árboles circundantes, incluidos monos capuchinos, perezosos, osos hormigueros y monos aulladores. Se pueden alquilar tumbonas y sombrillas y los vendedores en la playa venden bebidas refrescantes. El ambiente es tranquilo y relajado, ideal para un día relajante rodeado de naturaleza.",5,google_places_api,playa biesanz,2026-01-12
"La cantidad de atención ejercida por todo este equipo fue realmente impresionante. No solemos recibir este nivel de atención en los Estados Unidos. Notas escritas a mano de todos. Postre sorpresa de cortesía en la habitación antes de acostarnos porque estábamos celebrando. Nos sentimos muy cuidados y atendidos por todos. Cuando regresemos a Costa Rica para un retiro de visita remota, no dudaremos en relajarnos y quedarnos con este equipo en el Marriott. To Leda y su equipo. Gracias, son el verdadero ejemplo de hospitalidad.",5,google_places_api,fairfield de marriott alajuela,2026-05-02
"Tuvimos una gran experiencia aquí, definitivamente, el mejor hotel en el que nos hospedamos durante nuestro tiempo en Costa Rica. Tenían todas las comodidades básicas e incluso ofrecían un servicio de lavandería. El desayuno era bueno, las habitaciones estaban limpias y eran espaciosas y el personal era servicial al reservar taxis, etc.",5,google_places_api,monteverde villa lodge,2026-02-07
"Después de 6 meses viajando por Costa Rica, este es nuestro refresco favorito entre muchos excelentes. Personal amable. Excelente comida y buenos precios. Los casados ​​son fantásticos.",5,google_places_api,soda y chicharronera el jardin,2026-05-17
"Este lugar es realmente bueno, es un lugar donde los precios coinciden con la calidad. Comimos 3 sándwiches de ciabatta y este es el mejor sándwich que he comido en años. Definitivamente regresaré para una ocasión especial. La vista es simplemente espectacular.",5,google_places_api,restaurante alba,2026-01-04
"impresionante lugar increíble e incluso mejores personas desde el contacto inicial usando whatsapp colaborando en las mejores opciones de reserva, arreglos finales hasta el saludo y la visita guiada, no puedes equivocarte. Recomiendo encarecidamente ir con un guía. El conocimiento de la propiedad, la vida silvestre y la historia no se pueden exagerar. El guía ve cosas que ni siquiera sabrías buscar. Me encantó cada momento.",5,google_places_api,reserva biológica ecocentro danaus,2026-01-30
"Estábamos en la ciudad cercana buscando un lugar para cenar. Un amigo encontró un lugar en Google Maps. Pasamos por donde se suponía que debía estar y nos detuvimos al final de la cuadra desconcertados, pero frente a nosotros había comida peruana. todos y un adolescente devoró hasta el último trozo de sobra",4,google_places_api,restaurante chiwake,2025-03-09
"un tiempo agradable propiedad envejecida pero limpia y muy agradable un ambiente de resort total marco el barman de mogates hace las mejores bebidas el restaurante claro que si fue muy agradable el personal de recepción muy amable y la experiencia del spa fue relajante y el masaje funcionó tenga en cuenta que la propiedad está en una colina con muchos escalones si eso es difícil para usted asegúrese de reservar una habitación adecuada también si va a la piscina para adultos llegue temprano porque la gente se apoderará de un diván para todo el día y simplemente no hay suficientes asientos o lugares para relajarse El agua no está segura de por qué tiene un refugio de vida silvestre en su nombre. No vimos vida silvestre más allá de una rana y dos anolis. En general, fue una experiencia agradable.",4,google_places_api,si como no resort spa wildlife refuge,2026-03-02
"Nos lo pasamos de maravilla durante una semana en este hotel, recibimos un servicio increíble y disfrutamos apasionadamente de la playa. Muchas gracias a Naomi en la recepción. Ella hizo todo lo posible para ayudarnos y hacer que el viaje fuera cómodo para mis dos hijos. Realmente aprecio a Naomi y realmente aprecio a Perla.",5,google_places_api,la perla de la playa beachfront hotel,2026-07-11
"las ventanas de las habitaciones están esmeriladas y no se abren estar en la habitación es como estar en una celda, ¿por qué en una tierra tan hermosa alguien haría habitaciones de hotel que no se pueden ver en las fotos, muestran habitaciones con las cortinas cerradas, así que supuse que una ventana normal estaría detrás de las cortinas y la gerencia rechazó un reembolso y en realidad somos sarcásticos?",1,google_places_api,ocotal bed breakfast,2026-06-20
Estos muchachos realmente me ayudaron. El personal es increíble. Los precios son buenos. La ubicación es de primera. La piscina es agradable y limpia. Hay muchas chicas guapas y buena comida barata en el restaurante adjunto.,5,google_places_api,hotel brasilito,2026-03-31
"Si no está seguro de quedarse aquí, no lo dude y resérvelo, este fue nuestro lugar favorito en el que nos alojamos en Costa Rica. Las vistas son increíbles y fue una experiencia muy divertida. El jacuzzi y la ducha al aire libre con vista a las copas de los árboles fueron increíbles. La cama era como una nube. El personal fue muy amable y el desayuno delicioso. Monteverde es una linda ciudad con mucho que hacer. Recomendable 100",5,google_places_api,chira glamping monteverde,2026-03-07
"Visité esta heladería con mi esposo y mis 2 hijos en el momento en que entré a la heladería, la chica que trabajaba allí tenía una actitud de no ser acogedora ni educada. El helado del cono de mi hijo de 8 años cayó al suelo y la chica me cobró por agregar otra bola. Le pregunté por qué me estaba cobrando si fue un error. Su respuesta con una actitud fue que él dejó caer el helado, no yo, así que necesito cobrarte. Me quedé anonadado. No entiendo por qué la gente trabaja con los clientes si parecen miserables cuando me iba en mi auto, el dueño golpeó la ventana de mi auto y se disculpó. También me devolvió el dinero por la segunda bola de helado. Estoy bastante molesta por la situación y nunca volveré.",1,google_places_api,sweet zone,2025-06-25
"súper relajante en un lugar realmente hermoso, la vista de las montañas mientras disfrutas del jacuzzi principal es impresionante, además del personal amigable, este es un excelente spa totalmente recomendado.",5,google_places_api,orosi al natural spa,2018-04-05
"este hotel era bueno, el precio no era alto, estaba bien para lo que obtuvimos, los jardines eran hermosos, la habitación tenía un buen aire acondicionado y el agua estaba caliente, tenía una nevera, lo cual era bueno tener y la cama era lo suficientemente buena. Las dos cosas malas fueron el desayuno, que era soso, le falta algo más de sabor, especialmente sal, los cócteles de la hora feliz estaban bien por el precio, pero no excelente, el hotel era bueno, pero no excelente.",4,google_places_api,villas río mar hotel,2025-12-10
"la comida era realmente buena, teníamos ceviche, mariscos, ensalada césar de langostinos a la boloñesa, el entorno es magnífico y las sombras y los ventiladores lo mantienen fresco, el servicio también fue excelente, estuvimos muy bien atendidos.",5,google_places_api,el novillo alegre jacó,2026-05-22
"Delicioso almuerzo de hoy, las bruschettas de atún estaban deliciosas y perfectamente presentadas. Muchas gracias a mi camarera Lupe, ella es una dama encantadora que brindó un servicio increíble con una sonrisa y una energía cálida. También gracias a los encantadores chefs y sus encantadoras sonrisas y deliciosa comida. Un pequeño gran lugar para disfrutar de comida fresca y sabrosa con un ambiente fantástico.",5,google_places_api,aroma santa teresa restaurant private chef,2026-03-24
"qué propiedad tan increíble llegar allí implica un viaje un poco lleno de baches, pero una vez que llegas, vale la pena. Viajamos con la familia, incluidos niños de secundaria y primaria, e hicimos la opción de desayuno en la habitación. Lo que no nos dimos cuenta de antemano fue que el desayuno es todo lo que puedes comer, lo cual fue una gran sorpresa. Todo estaba fresco. El servicio fue excelente y William nos cuidó muy bien. Llegamos tarde la primera noche y William y su equipo se ofrecieron amablemente a permanecer abiertos para que aún pudiéramos comer, lo que realmente habla de su nivel de hospitalidad. El servicio de limpieza diario fue constante. los bungalows se sentían cómodos y espaciados, por lo que nunca se sintió abarrotado. Una cosa a tener en cuenta: los bungalows 9 12 están en una colina muy empinada, si la movilidad es una preocupación, recomendaría solicitar una ubicación diferente en general, tuvimos una gran experiencia y definitivamente nos hospedaríamos aquí nuevamente.",5,google_places_api,junglo resort spa,2026-04-02
"En un mundo tan agitado y lleno de caos, a veces puede parecer que no hay forma de escapar del estrés, pero gracias al boca a boca de algunos amigos muy cercanos, encontré un lugar así. Sentirá que ha sido transportado a otro mundo de paz y tranquilidad. Las áreas al aire libre son acogedoras, así como la piscina de cristal que le invita a darse un refrescante chapuzón. El área interior, el área común y el bar son igualmente acogedores y un lugar perfecto para reunirse con viejos amigos o conocer nuevos. Toda la propiedad es segura, al igual que las habitaciones con aire acondicionado, que están limpias y muy bien mantenidas. cabezal estacionario, así como una varilla de mano para que pueda ajustar el agua corriente fría y caliente a su gusto. El baño en sí tiene hermosos lavabos dobles con espejos que tienen luces de anillo táctiles en cada uno. La comida que se sirve en miotrakcasa lo hará prestar atención consciente a su cintura mientras se obliga a no excederse debido a la absoluta delicia de sus ofertas. El personal no podría ser más servicial y complaciente si lo intentaran y en un nuevo mundo lleno de imágenes y videos de IA que son indistinguibles de en la vida real, las sonrisas genuinas y no forzadas del servicial personal no solo son cálidas y acogedoras, sino también un soplo de aire fresco en su sinceridad. Mi estadía en miotrakcasa fue inolvidable y desde el momento en que me fui de mala gana, ya tenía ganas de volver.",5,google_places_api,miotrakasa,2026-01-16
"Este lugar es increíble, los propietarios son realmente amables y serviciales, el desayuno es delicioso y las habitaciones son bonitas y cómodas. Le daría 10 estrellas si pudiera.",5,google_places_api,casa marlui,2024-02-04
La comida y las bebidas eran geniales. Comimos una de las pizzas y el plato de casado con fajita de pollo para comer. La vista panorámica fue realmente impresionante. Un excelente lugar para almorzar.,5,google_places_api,farm to table escondido,2026-04-05
"Gran primera experiencia Eduardo y Nano fueron guías muy amables y divertidos, muchas risas y emociones. Lo recomiendo encarecidamente para meter los dedos de los pies en el agua para hacer tirolesa. El salto en bungee también fue muy divertido como alguien que le aterroriza a las alturas. Siento que he conquistado mis miedos jajaja.",5,google_places_api,pinilla canopy tour,2026-07-06
"No había nadie allí cuando intentamos registrarnos, todo estaba deteriorado y no se parecía en nada a las fotos. Realmente asqueroso, cancelamos nuestra reserva y bajamos a la calle.",1,google_places_api,cabinas chale,2016-06-19
"un establecimiento sencillo para pasar unos días tranquilos y tranquilos para disfrutar de las aguas termales cercanas. El desayuno estaba incluido y otras comidas disponibles para comprar en el restaurante. La habitación no era nueva, pero estaba muy limpia y era adecuada para nuestras necesidades. El wifi no era muy confiable. Los jardines eran hermosos y había muchos árboles de guayaba y pude recoger y disfrutar de dos de ellos. También disfruté del recorrido a caballo, que valió la pena cada minuto. Definitivamente me quedaría aquí de nuevo.",5,google_places_api,arenal descanso,2026-04-21
"Si es alérgico al polvo, este hotel podría ser un desafío para usted, no es culpa de Mango Moon, pero la carretera que está directamente afuera está en construcción, lo que genera una tonelada de suciedad y polvo siempre presente. Reservamos principalmente debido a la vista y las altas críticas. La vista es excepcional. Vimos monos retozando temprano en la mañana y la puesta de sol desde nuestro espacioso balcón. Nos alojamos por 3 noches en una habitación familiar con vista al mar y la encontramos muy espaciosa para 2 adultos. La habitación era básica y estaba limpia. Las mejoras inmediatas podrían ser un refresco en las toallas y la ropa de cama. Eran muy delgadas. usado en exceso y tal vez un poco de café inicial para la cocina, usamos principalmente la habitación para dormir, pero podríamos haber disfrutado más descansando en ella si estuviera un poco más actualizado. Nos relajamos junto a la piscina, que tenía una hermosa vista. Desayuno cada mañana.",4,google_places_api,mango moon villa,2026-02-24
"este lugar es increíble, la comida era deliciosa y el tamaño de la porción era perfecto, el servicio fue perfecto y el precio es justo para lo que obtienes, las comodidades son hermosas. 10 10 recomendado, definitivamente lo visitaría nuevamente.",5,google_places_api,tica linda,2018-07-29
excelente servicio seguridad,5,google_places_api,motel tú yo,2026-06-04
es un hotel muy bonito en el medio de tamarindo cerca del supermercado el mercado nocturno cerca de todo la habitación era muy buena cama cómoda ac linda piscina pero lo mejor fue angelo él siempre estaba ayudando a la gente siempre con buen humor realmente disfrutaba de su trabajo perdimos nuestra llave se quedó más tiempo del debido para apoyarnos y ayudarnos a conseguir una llave extra estaba tocando buena música y haciendo vibraciones de pura vida este es el tipo de trabajador que marca la diferencia además las habitaciones estaban muy limpias,5,google_places_api,hotel boruca tamarindo,2025-12-27
"un lugar al que definitivamente regresaría cuando en el área todo, desde el café hasta la comida y los postres, era perfecto, el personal fue especialmente amable cuando se dieron cuenta de que no sabíamos español, nos ayudaron a traducir todo el menú, incluso cuando no sabían mucho inglés, tampoco nos dieron recomendaciones, nos ayudaron con nuestras restricciones alimentarias mientras luchábamos por comunicarnos entre nosotros, nos fuimos sintiéndonos muy bien, no solo por la excelente comida, sino también por la increíble hospitalidad del personal. No tomé fotos de la comida porque tenía mucha hambre, pero el ambiente del lugar también era genial.",5,google_places_api,cafetería bajo sombra,2024-11-17
"un grupo de nosotros almorzamos juntos en este restaurante ayer y tuvimos una muy buena experiencia, éramos 17, por lo que fue un desafío para la cocina. Está ubicado en una de las calles principales de La Fortuna, no muy lejos de la plaza principal y la iglesia. El menú es bastante variado y brindó el desafío de qué elegir. Al final, comí la hamburguesa y mi esposa, el especial de pollo y arroz. La hamburguesa estaba excelente, con muchos ingredientes, mi esposa disfrutó aquí, un plato servido con frijoles y ensalada. El personal fue amable y hablaba bien inglés. La comida llegó relativamente rápido considerando el tamaño del pedido.",5,google_places_api,rain forest café restaurante fortuna,2026-02-20
"una de las mejores experiencias que hemos tenido, volamos a través de la jungla en nueve tirolesas diferentes, disfrutamos de impresionantes vistas en una hermosa caminata, descendimos en rappel por acantilados y conquistamos el emocionante columpio de Tarzán, incluso un puente colgante se sumó a la aventura, superamos nuestros miedos, dimos el salto e incluso nos columpiamos boca abajo para colmo, disfrutamos de una deliciosa cena al final, muchas gracias a Antonio y su increíble equipo por su profesionalismo, calidez y atención, una aventura inolvidable, muy recomendable.",5,google_places_api,titi canopy tour manuel antonio costa rica,2025-02-18
La elección perfecta para una estadía después de un largo vuelo. También puedo recomendar encarecidamente el paquete de pase de un día con o sin habitación y con crédito para alimentos y bebidas incluido. Disfruté del pase de un día y de sus maravillosas habitaciones nuevas para una escala larga ubicadas a solo 2 km de sjo con servicio de transporte gratuito desde y hacia las terminales de sjo. Un agradecimiento especial por el servicio perfecto va a la recepción y a la Sra. Lizza del bar de la piscina. Realmente apreciamos la pasión. Muchas gracias.,5,google_places_api,hilton garden inn san jose airport city mall,2026-03-29
la mejor comida que hemos tenido en Costa Rica muy impresionado con todo el maravilloso y amable personal josafath compartió el menú con entusiasmo y pasión la misma pasión cada plato está claramente preparado con todas las tapas son frescas y únicas de la granja a la mesa nos encantó todo lo que teníamos y probablemente vendremos aquí todos los días no podemos elegir una comida favorita porque el chorizo ​​​​crudo y la focaccia estuvieron por encima de las expectativas,5,google_places_api,alma cocina by sebas,2025-10-19
padre e hijo han creado este pequeño oasis de ensueño para los observadores de aves. Vimos más de 20 especies en circunstancias casi ideales para permitir buenas fotografías a corta distancia. Algunas de ellas eran bastante raras. Los tucanes y los colibríes fueron la guinda del pastel. Fue maravilloso estar tan cerca de tantos colibríes de diferentes tipos.,5,google_places_api,parque natural costa rica de dave dave,2026-01-19
"Lugar encantador, bien decorado por dentro con aire acondicionado. Vinimos dos veces en nuestros 3 días en Jacó. La comida está bien hecha y las porciones son enormes. Definitivamente recomiendo desayunar aquí.",5,google_places_api,mary s diner,2024-03-04
"Visité desde Australia para una boda en Villa Buena recientemente y no podríamos haber estado más contentos. Las instalaciones para grupos grandes, los grandes espacios abiertos y la ausencia de otras villas nos hicieron sentir como si éramos solo nosotros y el personal de la selva tropical. Las comidas y el servicio excepcionales y para un chico amante de los deportes, la corta caminata hasta los increíbles miradores, los viajes de pesca y las caminatas en cascadas se recomiendan para rematar, si busca un ambiente local, el restaurante y el bar de mariscos prepararon las mejores margaritas, además, simplemente tome el carrito de golf proporcionado, fue demasiado fácil. Volveremos.",5,google_places_api,villa buena onda all inclusive micro resort playas del coco,2024-09-23
"Tuvimos una estadía increíble de una semana con un grupo de amigos, todos tuvimos una estadía increíble, los anfitriones Mike y Lilly fueron muy serviciales, amables y conocedores de las áreas circundantes. Una de mis partes favoritas fue tener la playa tan cerca. Otra gran adición a nuestra estadía fue la piscina y el bar en los terrenos del hotel, toneladas de tumbonas y sillones reclinables para obtener un buen bronceado. 10 10 definitivamente recomendado para cualquiera que se aloje en Jaco. Volveré el próximo año.",5,google_places_api,la sirena playa jaco hotel,2024-02-10
"Acabamos de terminar nuestro tercer viaje a Raúl Castaño en los últimos 6 días y hemos estado en La Fortuna, muy agradecidos de tener nuestro vrbo a unos 100 metros de un restaurante tan fantástico. Las empanadas son fantásticas, hemos comido 5 o 6 como familia hasta ahora. La hamburguesa de Raúl fue increíble. Los patacones fueron los mejores hasta ahora en el viaje. Pedí muchos otros restaurantes. La pasta era increíble. Los nachos fueron fantásticos y nuestra hija dijo que sus filetes de pollo fueron algunos de los mejores que ha probado si puede. Tome uno de los asientos afuera, ofrece una vista impresionante hacia el volcán Arenal como una ventaja adicional.",5,google_places_api,café y rest raúl castaño fortuna mirador,2025-11-29
"Me encanta Nosara Verde, la ubicación es perfecta y la piscina es preciosa.",5,google_places_api,nosara verde casa selva,2025-11-11
"este lugar es súper acogedor y adorable. No tenía tanta hambre, así que pedí las tres empanadas colombianas que eran más pequeñas de lo previsto, pero estuvo bien porque mi hijo pidió el burrito mexicano, que era absolutamente enorme y ambos compartimos que la comida estaba deliciosa.",5,google_places_api,crepería y cafetería entre nous san josé,2026-06-08
"La ciudad y la zona son muy bonitas, seguras pero un poco ruidosas por la noche. Excelente servicio de lavado y secado en el edificio, pero las habitaciones solo tienen un enchufe.",4,google_places_api,hotel mar de luz,2026-06-20
"Me encantó mi estancia aquí, el personal es muy amable y servicial, las habitaciones estaban limpias y aprecié que cada cama tuviera cortinas para mayor privacidad. La ubicación también era genial, un corto paseo hasta la ciudad y la playa.",5,google_places_api,argdivan beach hostel,2026-03-05
"La sirena superó por completo las expectativas. Nuestros anfitriones, Mike y Lilian, llevaron la hospitalidad al siguiente nivel y hicieron todo lo posible para hacernos sentir como en casa. Su amabilidad y generosidad nos hicieron sentir como si estuviéramos con una familia. La propiedad está llena de exuberante vegetación y hermosas luces que iluminan la piscina y el patio por la noche. Las habitaciones estaban extremadamente limpias y el personal fue silencioso y atento. Pregúntele a Mike o Lilian sugerencias sobre actividades o lugares para comer. Sus recomendaciones hicieron que nuestro viaje obtuviera mucho más de lo que paga en La Sirena. No puede encontrar este tipo de servicio en ningún otro lugar. Definitivamente regresaremos",5,google_places_api,la sirena playa jaco hotel,2023-08-15
"la habitación era espaciosa, con dos camas grandes y una vista fantástica del volcán, la ducha tenía agua caliente, la ubicación era excelente, ya que estaba convenientemente entre la ciudad y los senderos del volcán, el servicio fue excelente el primer día, pero después del primer día, el amable chico de la recepción se fue y el resto del personal es amable pero muy poco confiable, es decir, no responde en el chat de reservas o en WhatsApp, no hay toallas limpias, incluso después de preguntar en persona, se ofreció a tener el desayuno listo cuando abriera el restaurante, para que no llegáramos tarde a nuestra caminata y luego lo tuviéramos listo 20 minutos tarde.",4,google_places_api,arenal roca lodge bungalows,2025-08-03
"Tuvimos una estadía increíble en este hermoso lugar, nos alojamos en la cabaña al amanecer, que estaba aislada y ofrecía una experiencia verdaderamente relajante, las vistas eran impresionantes y la propiedad en sí es amplia y está meticulosamente mantenida. Mia y Ranzel fueron unos anfitriones excepcionales que nos ayudaron con todo lo que necesitábamos, por ejemplo, cuando necesitábamos una linterna por la noche para buscar búhos que podíamos escuchar a nuestro alrededor, fueron rápidos en ayudar y también respondieron casi de inmediato a cualquier pregunta que tuviéramos por WhatsApp, lo que hizo que todo fuera tan conveniente. La cabaña estaba impecable y venía con una cocina totalmente equipada que lo hacía sentir. como un hogar lejos del hogar, el desayuno fue otro punto destacado, no solo la comida era deliciosa, sino que el comedor en sí era encantador y acogedor. No puedo recomendar este lugar lo suficiente.",5,google_places_api,reventazon river mountain ranch,2024-11-13
"Reservamos para 3 noches. El hotel está a un par de minutos de la ruta 34 y a 5 minutos en auto de la playa. Las habitaciones tienen baño con cama doble y aire acondicionado. Nuestra habitación estaba en la planta baja con vista al estacionamiento, por lo que podíamos escuchar a la gente afuera antes de las 6 am reuniéndose para pasar el día. Hay muchos lugares para comer, pero usamos el excelente restaurante de al lado. Hay un supermercado al otro lado de la calle, aunque usamos BM, que está en la carretera principal. Es una tienda grande y tiene todo lo que necesitas. Es un hotel limpio y bien administrado. Y lo recomendaríamos si quieres un alojamiento muy bueno y sin lujos.",4,google_places_api,hotel luz de luna,2024-02-15
"Después de leer muchas críticas positivas, reservé la aventura en tubing para mi esposa y para mí, las reseñas definitivamente me guiaron por el camino correcto. Nos lo pasamos muy bien con miguel y daniel. El tubing fue genial, muy divertido y no dio demasiado miedo. Nos sentimos como si estuviéramos en buenas manos con nuestros guías. Disfrutamos del descanso de frutas y el columpio a mitad de la aventura y miguel y daniel nos dieron excelentes fotos.",5,google_places_api,sarapiquí tubing outdoors activities costa rica rafting sarapiqui canopy zipline horseback riding tour,2025-09-07
"La estadía más hermosa que tuvimos en Costa Matt fue amable y servicial, las habitaciones estuvieron limpias todo el tiempo y el ambiente general fue simplemente increíble, muy recomendable.",5,google_places_api,tree of life cabinas,2026-03-22
"Cenar en el restaurante Medusa fue una experiencia inolvidable. La comida fue absolutamente increíble, fresca, sabrosa y bellamente presentada en cada plato. Lo que realmente se destacó fue el servicio excepcional. El personal fue atento y amable y nos hizo sentir realmente bienvenidos de principio a fin. Es el lugar perfecto para una comida deliciosa con un gran ambiente.",5,google_places_api,the falls restaurant,2026-03-18
"Esto resultó ser una joya de lugar un poco dentro de la zona principal concurrida, pero no muy lejos. Las cabañas son geniales y están bien mantenidas, con cocina americana, tienen un gran balcón en la parte trasera con linda vista y una hamaca. El desayuno estaba incluido y el personal es agradable. La piscina también es excelente. Lo único que puedo quejarme es el wifi, que es terriblemente débil. 1 estrella menos por eso.",4,google_places_api,cabinas la catarata fortuna,2025-11-27
"lola s es el tipo de lugar que sin esfuerzo se convierte en parte de tu ritmo diario si te importa comer sano, buen café y vibraciones genuinamente positivas, este es un lugar que debes visitar al menos una vez y, de manera más realista, muchas veces el café por sí solo es motivo suficiente para pasar por lola s sirve lo que es fácilmente el mejor chorreado suave, rico y elaborado con verdadero cuidado. También hacen un excelente café nube que puedes tomar con leche de coco y, lo más importante, no es demasiado dulce. Hay un claro énfasis en el equilibrio y el bienestar en lugar del azúcar. El enfoque recorre todo el menú. En cuanto a la comida, Lola s realmente ofrece los tazones de batidos, son frescos, coloridos y profundamente satisfactorios. Comí uno cubierto con granola de semillas de chía y mango y mucha textura, pero hay muchas otras opciones nutritivas. Los jugos son fenomenalmente vibrantes y refrescantes y su gallo pinto es una base simple y el combustible perfecto para un día activo. huevos con tocino opcional los comí después de dirigirme a aleo studio para la clase de fuerza de jessie y fueron la comida ideal para después del entrenamiento, reconstituyente y energizante sin sentirme pesado, el ambiente es relajado y acogedor, el personal es increíblemente amable y paciente, especialmente camilla e isabella, y es el tipo de lugar donde puedes ver a una celebridad discreta en un momento y terminar jugando a uno y relajándote al siguiente. También tuve la suerte de conocer a la propietaria Julia, quien fue muy amable al mostrarme las habitaciones que llevan el nombre de Lola. su hija, lo cual de alguna manera tiene mucho sentido una vez que experimentas la calidez del lugar, las habitaciones son tranquilas y están cuidadosamente diseñadas, con hamacas que son perfectas para escapar del calor, relajarse y leer. También hay una cocina compartida ideal para estadías más largas si deseas preparar tus propias comidas saludables, con excelentes gimnasios cerca y la playa a solo unos minutos. Lola s es un verdadero elemento esencial. Cualquiera que visite debe ir al menos una vez. Es probable que siga regresando.",5,google_places_api,lola restaurant bar nosara,2026-01-30
"La comida superior tenía pollo caribeño con arroz, ensalada de frijoles, buñuelos de maíz, excelente relación calidad-precio, excelentes sabores, pregunte por el frasco de salsa de chile casera.",5,google_places_api,soda yami caribbean food,2026-02-28
"Me encantó, fue un regalo especial, un filete con queso para este antiguo residente de Filadelfia y estuvo muy bueno.",5,google_places_api,la tertulia por prana,2026-01-05
"No hay duda de que este lugar está realmente administrado con cuidado y dedicación a los huéspedes con mucho encanto, sin embargo, la comodidad de las habitaciones es muy básica por un precio muy elevado. Era una habitación doble. Pagamos 450. Me atrevería a decir que me sentí como si estuviera acampando. La ducha al aire libre está realmente afuera. Te duchas con insectos y hormigas como en un campamento. El baño solo está separado del exterior por una puerta mosquitera, por lo que básicamente te sientes como si estuvieras afuera. El lavabo está al lado de la cama. No hay privacidad. Se siente como un b b básico. Cobro de más por su encanto y por el desayuno, muchos invitados parecen disfrutarlo mucho, pero no me gusta un menú fijo donde no como lo que quiero. Debería haber algunas opciones básicas en lugar de un menú fijo. En general, no recomendaría quedarme allí por ese precio. Hay lugares más modernos donde puedes disfrutar de un baño cómodo y más espacio en Tamarindo.",2,google_places_api,sueño del mar beachfront hotel,2026-06-26
"Es un lugar muy agradable, es barato y la comida es deliciosa. No juzgues por el nombre. Hay un menú variado y no solo los pollos. La gente es amable y el servicio es bueno. Recomiendo mucho este restaurante.",4,google_places_api,restaurante pollo ranchero,2018-09-16
"este hotel es absolutamente fantástico, tuvieron el mejor servicio al cliente y una hospitalidad increíble, especialmente cuando tuvimos un problema con la llave de la habitación perdida que podría haber sido robada. Fueron increíblemente atentos e inmediatamente cambiaron las cerraduras de todas nuestras puertas, lo que nos hizo sentir muy seguros y atendidos. El personal fue amable, servicial y paciente. Los jardines eran absolutamente hermosos, con mucho que hacer. Este fue realmente uno de mis lugares favoritos en los que me he alojado. Vistas increíbles. Hospitalidad increíble. Excelente servicio. Buena comida y mucho que hacer. también",5,google_places_api,hotel costa verde,2026-01-24
"el hotel ofrece un ambiente agradable con paredes pintadas de colores y vegetación selvática alrededor de la piscina, las habitaciones son espaciosas y muy limpias, con una buena conexión a Internet, allí también viven tres iguanas y tuvimos mucho entretenimiento con monos aulladores que merodean por los árboles cercanos. Se puede llegar a la bonita playa de Conchal en una caminata de 20 minutos, una buena ganga económicamente con desayuno, pero no volveríamos a reservarlo porque la carretera cercana es muy ruidosa durante todo el día, comenzando cuando te despiertan camiones, autos y motos a las 5:30 de la mañana y el adjunto. El restaurante es completamente caro, así que decidimos salir a comer. En nuestra opinión, las opciones de comida de Brasilito son malas, por lo que es necesario conducir.",3,google_places_api,conchal hotel papaya restaurant,2026-04-26
"Me quedé aquí por unos días durante la temporada de lluvias, fue muy agradable salir y poder caminar a cafeterías, tiendas, restaurantes, mercados de agricultores y el estudio de yoga. El personal aquí es muy amable y amable. El espacio es tan hermoso, limpio y relajante. La piscina. mediación todas las mañanas, el desayuno se servía todos los días a las 8 a las 10 a. m., frutas frescas, nueces, avena, plátanos, verduras salteadas, queso, arroz, frijoles y huevos, si lo desea, con estación de té y café, además, wifi fue excelente, este lugar está a poca distancia de la playa y las cascadas, muy central y si tiene un automóvil, puede conducir para visitar los pueblos cercanos para explorar. Recomiendo encarecidamente alojarse aquí.",5,google_places_api,danyasa retreat boutique hotel,2025-10-25
"Tuvimos una experiencia gastronómica fantástica aquí, este fue posiblemente uno de mis platos de pasta favoritos y he viajado por todo el mundo y nosotros, Stefano, el propietario, se registró constantemente con nosotros, el servicio fue fantástico y rápido, incluso cambiamos nuestros cubiertos entre platos y limpiamos la mesa en busca de migajas. Lo recomiendo encarecidamente, no tuvimos la oportunidad de explorar la carta de vinos, pero tenía muchas opciones.",5,google_places_api,restaurante la dolce vita,2025-12-27
"comida fresca absolutamente deliciosa, el material es realmente encantador",5,google_places_api,soda sabor pinolero,2026-05-07
"fue tan increíble que ni siquiera pude dejar de comer el tiempo suficiente para pensar en tomar una foto que honestamente lo dice todo. Vaya, la comida en uma es increíblemente deliciosa y llena de sabor. Comenzamos con el plato de hummus y camarones a la parrilla y ambos fueron sobresalientes. Admito que soy parcial, dame un excelente hummus y lo comeré felizmente con una cuchara, pero uma lo entregó por completo. Estaba perfectamente cremoso, rico y fácilmente uno de los mejores que he probado para el plato principal. Los medallones de atún fueron inolvidables. Se sirven con una hermosa variedad de vegetales. y la salsa de vino blanco más increíble ni siquiera pensé en tomar una foto hasta el medallón número tres, así de bueno era más allá de la comida, el servicio realmente hizo que la experiencia fuera cálida, agradable y genuinamente divertida, me sentí relajado y acogedor de la mejor manera. Definitivamente regresaré, hazte un favor y visita este pequeño oasis justo en la playa.",5,google_places_api,uma beach club santa teresa,2026-04-29
"Un pequeño y agradable lugar muy cerca del aeropuerto, todo a poca distancia, ubicación, gente súper agradable, desayuno simple pero sabroso, la ducha de la piscina no está fría pero tampoco caliente. Definitivamente me quedaré nuevamente si vuela a sjo.",5,google_places_api,hotel casa tago,2026-02-12
todo está roto el aire acondicionado no se puede apagar el baño tiene goteras tiene una piscina que es bonita la habitación no es lujosa pero está limpia te dan jabón,2,google_places_api,cabinas victoria,2018-08-21
"Fantástico restaurante y bar con un ambiente vibrante. Ofrecen diferentes espectáculos cada noche, incluyendo música en vivo y baile, lo que hace que cada visita sea única. Muy recomendable para cualquiera que busque un gran entretenimiento y una noche divertida.",5,google_places_api,hot rocks,2026-05-05
"Me encantó mi estadía y es una visita obligada para mi próximo viaje. Me encantó pasar el rato junto a la piscina. El rancho tiene un refrigerador y una parrilla, así que teníamos una barbacoa. El rancho también tiene un baño para que puedas ocuparte de tus asuntos mientras estás afuera y no tienes que regresar a tu cabina. Me encantó nuestra habitación y disfruté escuchando a todas las aves y animales en la jungla. He viajado a muchos destinos y estas dos mujeres me ayudaron a sentirme muy bienvenida y como en casa, gracias.",5,google_places_api,hotel cabinas corazón,2022-03-30
Un pequeño y agradable restaurante típico costarricense que servía ya que la comida realmente buena se detuvo aquí mientras estaba en el área y me sorprendió gratamente la hamburguesa era realmente buena con un montón de sabores los almuerzos de plato también eran muy buenos y los batidos también eran buenos. Parecía ser una operación de 2 personas con el camarero y el cocinero. Fue realmente bueno para un descanso para el almuerzo.,5,google_places_api,ruby restaurante,2025-06-08
"este lugar es increíble, su comida es realmente buena y definitivamente me encantó su chocolate caliente. No tomo café jajaja. Vine aquí dos veces para desayunar y no me decepcionó. El servicio no fue el mejor, pero eso es solo algo costarricense, lo cual está bien, supongo.",5,google_places_api,cafeoteca,2025-11-18
"No entiendo cómo el lugar estaba vacío, lo teníamos todo para nosotros, el servicio es fantástico, todos son súper agradables, la comida era muy buena e incluso tomamos una pizza para llevar. Tienen un desayuno buffet. Espero probarlo durante nuestro viaje.",5,google_places_api,que rico arenal restaurante,2026-04-12
"todo fue genial, no podíamos creer el precio por un hermoso lugar bien cuidado para hospedarnos a pocas cuadras de la plaza Jessica es increíble, siempre alegre y servicial. Dejamos una bolsa por una semana mientras caminábamos parte del camino de Costa Rica y ella la puso en nuestra habitación antes de llegar allí, también el mejor café que he probado.",5,google_places_api,dreams lodge orosi,2026-03-05
realmente un gran recorrido en el río realmente excelentes guías turísticos muy amables e informativos como el refrigerio posterior y la lección de chocolate y la degustación. La única razón por la que obtengo cuatro estrellas es porque me dijeron que para ella serían dos horas y en realidad serán de 4 a 5 horas desde la recogida hasta el regreso. Ese viaje en bote por el río fue de una hora y media a dos.,4,google_places_api,canoa aventura tour operador,2026-07-12
"el servicio súper lento olvidó nuestro pedido, el camarero regresó 20 minutos más tarde para pedirnos nuestro pedido diciendo que la cocina se perdió, tomó más de una hora sacar los alimentos básicos del menú ni siquiera ofreció nada para excusar el problema que crearon, se olvidaron de que el cliente paga su salario sin clientes, sin dinero para el negocio, sin cheque de pago, no regresa",2,google_places_api,rosti cartago,2019-09-01
una comida realmente buena y mis neyanonas son muy deliciosas el helado es muy delicioso,5,google_places_api,gaucha norte,2026-02-14
"Me encantó nuestra experiencia aquí desde el principio, nos recibieron con una gran sonrisa y el servicio fue excelente. Ambos comimos pescado y carne de res casadas, ambos excelentes batidos de maracoya y deliciosos. Habríamos regresado si no nos hubiéramos ido, pruébalo, no te decepcionarás.",5,google_places_api,el río,2026-01-29
"Algunas de las mejores comidas que he probado en Costa Rica, el personal fue muy amable, un ambiente acogedor en un hermoso y tranquilo jardín. Probamos el filete de langosta, atún y ensalada de aguacate, todo delicioso.",5,google_places_api,las olas,2026-04-16
"zi lounge me acogió como visitante por primera vez en Costa Rica e hizo que la experiencia fuera aún más placentera. Todos aquí son muy amables. Las bebidas. La comida es asequible y de origen local, lo que hace que la hora de comer sea más fresca.",5,google_places_api,zi lounge,2026-06-12
"Nos detuvimos aquí porque se veía adorable desde la carretera, era un ambiente perfecto con una brisa encantadora y un servicio amable, la comida fue una de las mejores que he probado. Comí una hamburguesa con queso y era una de dos pisos con tocino y queso en capas. El marido tenía pargo. Ambos eran perfectos.",5,google_places_api,coco viquez,2026-02-05
"ubicación perfecta fuera de la avenida principal pero muy cerca de la carretera principal y de la playa. El aire acondicionado y el refrigerador funcionaron de maravilla. También había una estación de filtrado de agua para llenar sus botellas de agua y una máquina de hielo que le ahorra mucho dinero. El desayuno estuvo delicioso. La presión del agua de la ducha podría ser mejor, pero en general estamos contentos con nuestra estadía. También había estacionamiento disponible.",5,google_places_api,hotel luna llena,2025-03-25
"Es un gran restaurante con un personal muy educado y experimentado, son hábiles, amables y orientados al cliente. Todas las comidas que comimos estaban bien preparadas y sabían muy bien. Los precios son justos. Obtienes lo que pagas. Mira nuestras fotos.",5,google_places_api,crocodile grill bar,2026-01-15
"Personal agradable, lugar limpio, buen desayuno, la entrada gratuita a las aguas termales hizo que nuestra estancia fuera muy recomendable. El único inconveniente, especialmente para las chicas con cabello largo, fue la presión muy prolongada en la ducha combinada con la alta temperatura del agua.",5,google_places_api,hotel palmera real hot springs,2019-12-03
"Llegamos en medio de una tormenta y nos saludaron calurosamente y nos ofrecieron una toalla para secarnos. Nuestro camarero estaba bien informado sobre toda la comida y cada plato principal que pedimos estaba delicioso. Los camarones, chalupas, café, ensalada de lomo con cacao con atún chamuscado y cazuela de queso con champiñones. Muy recomendable y bien vale la pena el precio.",5,google_places_api,cafetería y vinos graffiti,2026-05-28
"Solo comí cócteles, pero fueron los mejores en la fortuna. Un servicio excelente y servicial. Pedí un cóctel que era demasiado dulce para mí y nuestro camarero no tuvo problemas para rehacerlo. Ojalá nos hubiéramos quedado por la comida porque todo parecía delicioso. Volveremos la próxima vez.",5,google_places_api,restaurante fortuneño,2026-06-25
ambiente lindo arte y libros buenas bebidas y comida tenemos jugo de fresa jugo de sandía una hamburguesa y ceviche No me encantó mi ceviche era un poco duro y masticable y podría haber sido mejor con más sabor a especias pero a mi chico le gustó su hamburguesa,5,google_places_api,la galería slow food,2022-08-27
"Me alojé en cinco hoteles diferentes en Costa Rica y esta fue mi peor experiencia. El personal fue amable y servicial. Las comodidades de la piscina eran agradables. Sin embargo, las habitaciones y la ducha en sí no eran buenas. Las almohadas no eran cómodas y me lastimaron el cuello. El espacio del dormitorio era pequeño. En cuanto a la ducha, el agua no drenaba en la ducha o en el lavabo. La presión del agua era tan baja en un momento que no salía agua de las tuberías. Además, el agua no se calentaba mientras me duchaba. Si solo me hubiera quedado en las palmeras, hubiera asumido que el agua fría era normal en Costa Rica Rica, sin embargo, todos los demás lugares en los que me he alojado han tenido duchas que alcanzan temperaturas muy altas. Me decepcionó haber gastado mi dinero aquí. No volveré, tampoco estaba tranquilo por la noche.",2,google_places_api,the palms at coco beach,2025-11-19
"Uno de los aspectos más destacados de nuestro viaje, pasamos 4 semanas en Costa Rica y tuvimos el placer de pasar algunas noches en Cahuiya. Pasamos por sobre las olas para almorzar y pedimos la gyoza vegetariana y los rollitos de primavera vegetarianos. Ambos estuvieron geniales. También pedimos el sush de ceviche y el rollo de salmón crujiente. Ambos superaron por completo todas las expectativas. Estaban lo suficientemente deliciosos como para traernos de regreso la segunda noche. Pedimos las verduras en tempura y otro rollo que también fue fabuloso. Llovió durante el almuerzo y una mamá perezosa que estaba en el árbol. Entró al restaurante con su bebé boca abajo. Fue una experiencia increíble.",5,google_places_api,sobre las olas by gondwana,2026-06-29
"Me alojé aquí hace 1 año por 2 noches, súper conveniente para el aeropuerto y Walmart para obtener suministros. Una familia muy, muy acogedora y su hijo me trató como a una familia en mis primeros días dentro del país. Mucha gratitud. La cama era buena. Me proporcionaron todo lo que necesitaba. Me encantaría quedarme nuevamente.",5,google_places_api,hostel hogar tico estadounidense,2025-11-20
"un cachete absolutamente increíble, paramos con un grupo de 8 estadounidenses para almorzar y estuvo absolutamente delicioso, la familia fue muy dulce y muy, muy agradecida. Definitivamente lo recomiendo si viajas por porciones enormes, deliciosas y asequibles. Probamos arroz con pollo, arroz con cameron y su deliciosa salsa de pimienta casera. La limonada también fue perfecta.",5,google_places_api,soda el riconcito,2026-06-13
"Maravilloso lugar sin lujos con un personal agradable y un ambiente encantador al aire libre, perfecto para parar a almorzar en un día caluroso. Mucha gente local cena aquí. El servicio fue excelente y la comida fresca y deliciosa. Sus cócteles tampoco me decepcionaron. Comí un coco loco. También recomiendo probar el ceviche, el mejor que he probado en PV, servido con puré de plátano crujiente, muy sabroso. Está cerca de la playa y de las tiendas, lo cual es conveniente.",5,google_places_api,tamara,2026-03-02
acogedor airbnb con áreas comunes jacuzzi y un hermoso parque justo enfrente está ubicado en una zona muy segura,5,google_places_api,bambú lodge,2024-05-22
"Tomé la decisión de dormir en Limón originalmente, el lugar estaba en el centro de la ciudad en lo que sentí que era la parte sórdida. Si Limón encontré este pequeño rincón en Google, estaba muy cerca, uno tiene que viajar un poco lento ya que el camino de entrada era un poco difícil de encontrar. Conocí a una joven que pudo ofrecer dos habitaciones. Ahora este es un hotel un poco apartado de la carretera, uno podría verlo en una película romántica. Simple y pintoresco. Dos camas. Aire acondicionado. Me desperté a las 5 am para presenciar la salida del sol de la mañana desde el mar Caribe desde el patio. La vista es tranquila por la mañana. Una linda piscina y jacuzzi. Mira, este no es un 5 estrellas en glamour, pero si estás jubilado y buscas paz y encontrarte a ti mismo o encender el paraíso de los escritores románticos, encontré un pequeño parque a 3 millas al norte. Uno debería viajar bien y encontrar el tesoro escondido.",4,google_places_api,cerere,2024-06-26
"Ambiente y comida fantásticos, panadería, cafetería, restaurante en uno que sirve desayuno tradicional costarricense. Comí pan plano de mar y tierra y papas fritas con queso parmesano. El bistec estaba cocinado a la perfección y los camarones eran perfectos. Definitivamente regresaré.",5,google_places_api,casa vieja,2025-04-04
"Llegamos aquí en nuestra primera noche de campamento en Costa Rica por recomendación de que las reglas del campamento establecían un tiempo de silencio entre las 10 p. m. y las 7 a. m., tiene una gran cantidad de espacio para albergar a los campistas, así como habitaciones, también tienen un bar y acceso a la playa, que está cerrada. Los aspectos negativos, sin embargo, fueron el ruido literalmente justo antes de las 10 p. m., la gente en uno de los chalets cerca de nosotros estaba tocando música a todo volumen y hablando en voz muy alta, esto continuó hasta las primeras horas de la mañana y luego nuevamente a las 4 a. m. en adelante, no hubo respeto por Compañeros campistas, nos pusimos en contacto con el camping porque nos decepcionó, pero lamentablemente no recibimos nada.",2,google_places_api,rocking j s beach front hostel,2026-04-25
"No podría estar más feliz con mi estadía en Cabinas d Val, perfectamente ubicada en Bahía, cerca de la entrada al parque nacional. Es una hermosa propiedad fiel a las fotografías. Las habitaciones son espaciosas y están completamente equipadas con todo lo que pueda necesitar. Las camas son particularmente cómodas. Las áreas comunes también están muy bien diseñadas y son un lugar perfecto para relajarse en cualquier momento durante el día. Lo recomendaría a cualquiera que se detenga en Uvita, incluidos los que viajan solos, como beneficio adicional. Scott es un anfitrión maravilloso y amable. Inmediatamente me hizo sentir bienvenido y me brindó varias recomendaciones excelentes para el viaje. Ojalá me hubiera quedado más tiempo pero sin duda volveré en mi próximo viaje. Gracias de nuevo, Scott.",5,google_places_api,cabinas d val,2025-04-07
un gran lugar para compartir con amigos Berny fue un camarero maravilloso y la comida deliciosa la música increíble recomendamos este lugar específicamente para cumpleaños,5,google_places_api,samadhi,2026-02-22
"Nos alojamos aquí por una noche el 18 de abril de 2026. Estaban pavimentando la carretera que sale de la ruta 34 hacia la villa, lo cual es una buena noticia. Las vistas desde las dos habitaciones que teníamos eran impresionantes. Las villas están a 200 m sobre el nivel del mar y todavía podíamos escuchar el rugido de las olas. A los niños les encantó la piscina y eso realmente funcionó para nosotros. Las habitaciones tenían aire acondicionado, lo cual fue genial siempre y cuando la electricidad permaneciera encendida. Esta es simplemente la forma de vida en Costa Rica. Los accesorios de las habitaciones están envejeciendo, pero nosotros Sobrevivimos, esa noche hubo una tormenta con un aguacero tropical, pero desde nuestro porche al lado de la piscina podíamos ver estrellas en el horizonte hacia el oeste, tuvimos truenos, relámpagos, lluvia intensa y una vista de la vía láctea al mismo tiempo. Increíble, no entiendo eso en casa.",5,google_places_api,villas alturas,2026-04-26
"un lugar muy agradable con un ambiente encantador, personal muy amable, el cortado fue excelente, aunque mi amigo pensó que el flat white tenía demasiada leche, los huevos rancheros fueron los mejores que probé en todo mi viaje a Costa Rica.",5,google_places_api,café negro liberia,2025-12-04
"el aire acondicionado y las habitaciones están bien, limpias y cómodas. Vienes aquí por la ubicación. Es increíble para las aves y la vida silvestre. Viaja 300 m hasta el puente peatonal colgante del río Sarapiquí y disfruta de la prístina jungla y la vida silvestre. La tarifa de entrada y la guía son imprescindibles. Hicimos la caminata nocturna. Se adjuntan algunas fotografías.",5,google_places_api,aranwa sarapiqui rainforest lodge,2026-07-14
ranas y grillos le darán una serenata mientras cena comida local y cocina de inspiración internacional. Pruebe el ceviche tico y la nueva pizza de burrata y pepperoni. Deliciosa. Muy pocos clientes cenan entre semana. Un ambiente muy seguro y tranquilo.,5,google_places_api,restaurante la casona,2020-11-13
"excepcional en todos los sentidos, un lugar tan hermoso en el que nos alojamos por 4 noches y podríamos habernos quedado para siempre. Un alojamiento moderno, cómodo e impecable tiene todo lo que necesitas. Los espacios al aire libre son hermosos y fantásticas vistas desde la terraza trasera y te sientes como si estuvieras sentado en el bosque nuboso desde la terraza lateral. Sí, hay ruidos del bosque y sí, hay bichos, pero es por eso que fuimos a Monteverde. Viajamos durante 3 semanas por Costa Rica y si regresamos dividiremos nuestro tiempo entre aquí, Samara y ningún otro lugar.",5,google_places_api,finca sunset monteverde,2025-05-18
leo en pinky s es nuestro favorito el mejor helado de la ciudad honestamente el mejor que he probado volverá una y otra vez debes probar las snickers 100 10,5,google_places_api,pinkys cafe gelato tamarindo,2026-03-10
la comida fue excelente,5,google_places_api,restaurante almendros,2026-06-04
"la vista en este restaurante era increíble y el servicio fue encantador. Compré la pizza vegetariana, que no era excelente. Mi esposo recibió el casado, que parecía mucho mejor en comparación.",4,google_places_api,farm to table escondido,2026-01-19
"Buen lugar para desayunar, obtuvimos el plato recomendado y fue fantástico, el servicio fue muy agradable y también tienes que probar la tostada francesa con pan de plátano. Suena loco, pero es increíble. El café podría ser un poco mejor para mi gusto, pero en general fue una experiencia muy buena.",5,google_places_api,cafe rico,2026-04-26
Tuvimos una estadía maravillosa en el hotel Tropico. El entorno es simplemente impresionante. Vistas increíbles para despertar y una hermosa puesta de sol en la noche. Excelente servicio. Cama cómoda y enorme. Excelente lugar para explorar Monteverde. Gracias José y su equipo.,5,google_places_api,hotel trópico monteverde,2026-02-19
Estadía increíble Habitaciones bonitas Los guardias de seguridad eran bellezas absolutas La piscina era muy bonita y limpia Buen gimnasio limpio Volveremos el año que viene sin duda,5,google_places_api,la perla resort,2023-02-08
"Un lugar muy agradable y relajante, este lugar es imprescindible, una vista muy bonita y un personal muy agradable, visite a 1,5 millas del muelle de cruceros.",5,google_places_api,hotel la cueva limón,2020-12-08
"Este pequeño crucero por el río es un verdadero placer. Pudimos observar de cerca a los cocodrilos en su hábitat natural en nuestro cómodo ocio. Además de los cocodrilos, también vimos varias aves, en particular las garzas, los martines pescadores y las garcetas. Estuvimos allí a finales de febrero de 2026. El clima era perfecto.",5,google_places_api,jungle crocodile safari bird watching tour,2026-03-07
"comida mediocre, en el mejor de los casos, compré la hamburguesa monstruosa para compartir y fue muy decepcionante, estábamos muy emocionados según las fotos y reseñas, pero fue una decepción. Los panecillos son artesano de la tienda de comestibles. Las papas y los aros de cebolla, aunque recién fritos, eran suaves e insípidos. Se suponía que había tres hamburguesas por hamburguesa, pero noté que solo una tenía tres hamburguesas. Las cocinaron todas y luego usaron algunas para hacer otras hamburguesas. La carne estaba bien cocida y apreciamos la cantidad de lechuga y tomate. Es mucha comida, pero se podría hacer mejor. Definitivamente ahorre tiempo y dinero después del cargo por servicio y los impuestos. Fueron 80 dólares solo por la hamburguesa monstruosa.",2,google_places_api,hamburguesas ridiculous,2026-07-10
"Empresa familiar, gente amigable y dispuesta a ayudar. Un lugar limpio y ordenado.",5,google_places_api,posada cañaveral,2020-09-04
"No es el lugar más elegante, pero es fácilmente una de las mejores comidas disponibles en Costa Rica en un viaje de dos semanas. Este es el único lugar donde comí dos veces. Si vivo cerca, comería aquí todos los días, comida costarricense increíblemente sabrosa.",5,google_places_api,soda garabito,2026-04-28
"el ambiente era agradable, era un refresco más grande de lo habitual, parece que es propiedad de una familia y familiares y amigos pasan el rato afuera, la gente era amigable e incluso hice un amigo, la comida era buena, la porción era grande, desearía que tuviera más sabor, pero en general estuvo bien, la ensalada tenía un buen sabor, sabía a salsa, los frijoles eran un poco sosos pero estaban perfectamente cocinados, por lo que estaban suaves.",4,google_places_api,soda la fuente,2026-03-31
el lugar la gente el ambiente tuve una experiencia tan buena extraño el tiempo que pasé allí si quieres un lugar donde poder pasar un buen rato por un excelente precio ve al albergue de surf y no te arrepentirás,5,google_places_api,avellanas surf hostel cafe,2026-04-20
"Recomiendo encarecidamente alojarse aquí. La ubicación es excelente. Las habitaciones son agradables y limpias. El propietario, Jason, es un tipo súper agradable y muy servicial. 5, seguro, échale un vistazo.",5,google_places_api,hotel los ranchos,2026-02-24
"la ubicación está en la colina, es muy segura por la noche, puedes escuchar grillos y por la mañana, los pájaros ven por la noche y durante el día es impresionante, el impresionante amanecer es hermoso. Reservo la unidad sin balcón, así que hice una mejora y obtuve una unidad en el segundo piso con balcón y una vista increíble. El anfitrión de día y de noche fue muy amable y tiene un excelente servicio al cliente relacionado con las comodidades. La piscina no funcionaba debido a la pintura relacionada con la habitación. Era de buen tamaño. Me gusta mi estadía, pero la razón por la que le puse 4 estrellas es porque la habitación y el edificio en sí están deteriorados. Necesita algunos retoques y el mantenimiento se ve muy anticuado. está bien 3 5 y se debe organizar el control de plagas además de que todo estuvo bien, este lugar tiene mucho potencial de mejora",4,google_places_api,loma tranquila,2026-04-25
"cafe rest raul fue un lugar maravilloso para visitar el servicio fue excelente y la comida deliciosa disfrutamos de una variedad de platos que incluían tacos de pita de salmón a la parrilla y un sándwich de vegetales frescos su café era increíble y la manera perfecta de terminar nuestra comida el clima estuvo nublado durante nuestra visita así que desafortunadamente no pudimos disfrutar de las vistas del volcán aun así el ambiente era tranquilo, relajante y hermoso tuvimos una gran experiencia",5,google_places_api,café y rest raúl castaño fortuna mirador,2026-07-03
Tuvimos una excelente estadía de una semana en Nosara Paradise. Nos alojamos en Casa Caribe y lo pasamos increíble. El personal es muy servicial y educado. Todo lo que necesitábamos fue atendido rápidamente. Definitivamente lo recomendaría a mis amigos y volveremos. También recomiendo montar a caballo con Eduardo y vehículos todo terreno con Macho. Fueron lo más destacado de nuestras vacaciones.,5,google_places_api,nosara paradise rentals,2026-01-24
"Habitaciones estupendas por el precio, limpias y cómodas. Se hace un poco ruidoso por la mañana con el sonido del tráfico. No hay mucho aislamiento acústico. Buen desayuno.",5,google_places_api,hotel casa tago,2025-11-21
"Finca Rosa Blanca es un lugar especial ubicado a las afueras de San José y a solo 20 minutos del aeropuerto. Es un hotel boutique enfocado en la sustentabilidad que se siente como si fuera su propio pequeño mundo especial. Se nota que manos amorosas han creado y guiado este espacio. La propiedad es exuberante. Las aves abundan. La arquitectura es hermosa y la maravillosa hospitalidad es la guinda del pastel. Nos hemos alojado aquí varias veces y en diferentes habitaciones y cada una ofrece su propio toque encantador. La finca de café cultivada a la sombra que se encuentra alrededor del hotel y al otro lado de la calle es maravillosa para recorrer y aprender. las prácticas sustentables que utilizan y la diversidad de flora y fauna su restaurante al aire libre tiene una excelente vista y un menú delicioso y un personal maravilloso para atenderlo hay una piscina y un jacuzzi únicos en su tipo, así como un spa si pasa algún tiempo en San José, incluso solo una noche, finca rosa blanca es verdaderamente un lugar especial que vale la pena visitar pura vida",5,google_places_api,finca rosa blanca,2026-04-16
"lugar asequible para quedarse que está muy cerca del aeropuerto, nada especial pero nada horrible. Nos alojamos aquí el último día en Costa Rica y fue muy fácil llegar al aeropuerto.",3,google_places_api,cortez azul,2025-11-26
"un pedacito de paraíso por qué loma tranquilla es una estadía obligada si está buscando el alma absoluta de costa rica, no busque más, loma tranquilla mi reciente estadía aquí no fue solo unas vacaciones, fue una experiencia que redefinió lo que realmente significa la hospitalidad vistas incomparables desde el momento en que llegué me quedé anonadado por el paisaje las vistas son literalmente impresionantes, ya sea que esté tomando un café por la mañana o mirando la puesta de sol las vistas panorámicas ofrecen una sensación de paz que simplemente no puede encontrar en un enorme complejo comercial, se siente como si estuviera escondido en un lugar privado. santuario donde las montañas se encuentran con el cielo hospitalidad sincera lo que realmente distingue a Loma Tranquilla es el hecho de que es propiedad de una familia el propietario es un anfitrión increíble que va más allá para garantizar que cada huésped se sienta parte de la familia su calidez conocimiento local y cuidado genuino hicieron que mi viaje fuera perfecto es raro encontrar un anfitrión que se anticipe a sus necesidades antes de que usted mismo se dé cuenta de ellas mi hogar definitivo en Costa Rica He viajado a muchos lugares, pero puedo decir con 100 de certeza que cuando regrese a Costa Rica este es el hotel en el que siempre me quedaré Si desea una estadía que combine una belleza natural impresionante con un servicio personalizado de clase mundial, hágase un favor y reserve una habitación aquí, no se arrepentirá.",5,google_places_api,loma tranquila,2026-02-04
"qué hermosa propiedad, literalmente rodeada de vida silvestre, es una experiencia increíble, las habitaciones son hermosas y, aunque la nuestra no tenía aire acondicionado, todavía nos pareció muy cómoda, los guías de naturaleza en la propiedad son geniales, especialmente francos, son muy conocedores, agradables y tienen una conexión con el área. El servicio fue excelente en todos los aspectos. Ofrecen algunas actividades internas, pero les resultó difícil recordar qué y cuándo estaba disponible. Deseamos que las hubieran publicado en un tablero o en algo para que la gente pueda verlas para que puedan planificar sus días un poco mejor. La comida estaba bien para la ubicación y la variedad de Los huéspedes son serviciales, lo puedo entender, pero a menudo nos decepcionamos un poco porque la comida durante el día tenía mejores opciones y deseamos que esas opciones estuvieran disponibles por la noche.",5,google_places_api,lapa rios lodge,2026-04-12
"A poca distancia de literalmente todo lo que pueda necesitar, la proximidad a la playa y al parque nacional fue excelente, el personal fue amable y realmente disfrutamos de nuestra estadía de una noche aquí.",5,google_places_api,hotel manuel antonio,2026-03-17
"Las palabras no pueden expresar realmente lo maravilloso que es el retiro y spa pura vida. El personal es muy atento, servicial y atento. Cada solicitud fue atendida con amor y tuve muchas solicitudes con mis restricciones dietéticas, etc.",5,google_places_api,pura vida retreat spa,2025-03-02
"White Palms es increíble, nos sorprendió mucho porque elegimos este lugar al azar, es una pequeña caminata hasta la playa, pero el alojamiento, el ambiente y el personal fueron increíbles, el desayuno incluido es increíble, un joven costarricense local fue el chef e hizo cada plato con tanto amor e intención. Estoy muy feliz de habernos alojado aquí, también literalmente a dos minutos a pie del árbol Bodhi para clases diarias de yoga y el hotel reserva cualquier tipo de excursión turística para usted. Es increíble 5 estrellas.",5,google_places_api,the white palms of nosara,2025-11-19
"la cena perfecta queríamos tener auténtica comida costarricense, teníamos los tradicionales chifrijos y pollo en salsa tomate doni es un gran anfitrión, compartió una salsa picante casera y no es necesario ir a ningún lugar elegante para tener una comida realmente excelente en tamarindo, excelentes precios también.",5,google_places_api,el tucan by doni comida tipica costarricense,2026-03-02
Me encantó este lugar. Llegamos justo antes del atardecer y fue un sueño. El personal fue muy amable. Nos encantó nuestro camarero Oscar. Definitivamente obtuvo el filete hummus. Lo recomiendo encarecidamente mientras esté en Santa Teresa.,5,google_places_api,uma beach club santa teresa,2025-12-08
"Oleg y Ana son unos anfitriones estupendos y esa es la mayor ventaja: nos permitieron dejar nuestro equipaje el día de la salida e incluso ducharnos cuando regresamos. Sí, las habitaciones son pequeñas. La ducha es impredecible y el ventilador un poco ruidoso. Pero tienes una lavadora secadora gratuita. Una terraza increíble para relajarte y galletas. Café gratis. Agua en la habitación. Perfecto para descansar un par de noches durante el viaje. Recomendado.",5,google_places_api,toucan house,2020-02-29
"Este lugar fue maravilloso no solo por el lugar sino también por la gente y, por supuesto, la comida, los servicios fueron muy buenos y la comida llegó rápidamente. Recomiendo absolutamente venir aquí y Steven y Sharon te harán sentir como en casa.",5,google_places_api,soda cantón 83 the maze family business,2026-06-03
"Tuvimos una estadía fabulosa en Golden Palms. El hotel está hermosamente ubicado. La playa es tranquila y casi un lago, como una gran ventaja para los niños pequeños y toda la propiedad está rodeada de naturaleza. Despertar con las visitas de los monos aulladores por la mañana y por la noche fue una experiencia tan especial. grupo gracias",5,google_places_api,papagayo golden palms beachfront resort spa,2026-06-12
"El lugar más hermoso en el que me he alojado y el mejor uso de los puntos de persecución Editar hotel que podría haber imaginado si alguna vez te hubieras preguntado cómo se sentiría ser el rey y la reina de la selva tropical viviendo en una casa mágica en un árbol con la comida más increíble, incluido el desayuno, entregado en tu patio privado. Piscinas infinitas de flora en el lugar. Aguas termales. Duchas al aire libre. Senderos sinuosos y puentes colgantes a través de la propiedad y todo entretejido. No busques más, sentimos que teníamos todo el lugar para nosotros y la mejor comida. Tartar de atún. Tazas de plátano. La terazza y junto a la mesa. cacio pepe mis amores mejor spa suhka spa terapia de sonido parejas mensaje de lodo volcánico y mejores villas de estadía con piscina privada de aguas termales fueron frases diarias durante nuestra estadía, este lugar realmente se sintió como si la magia nos hubiera tocado y esperamos regresar por muchos años más.",5,google_places_api,nayara springs,2026-03-06
"Este hotel es más bien un motel de 3 estrellas, mientras que el área de recepción y los restaurantes no se ven mal. La realidad golpea cuando llegas a las habitaciones por 75 00 la noche. He visto mejores en muchos otros lugares. El registro fue rápido y la joven fue agradable. Solo me quedé aquí porque este es probablemente el mejor de todos en el centro de la ciudad.",3,google_places_api,park hotel limón,2024-12-22
"Nos lo pasamos genial como familia de dos adultos y un niño de cinco y seis años. No puedo creer que haya vivido en Costa Rica durante más de dos años y esta es la primera vez que vamos. Todos se divirtieron y hay mucho que hacer para los niños pequeños y grandes. Las atracciones acuáticas fueron esenciales en un día caluroso. Salpicamos el Caribe 4 veces. No podemos esperar a regresar y, en comparación con los parques temáticos, tiene un precio muy razonable, incluso los patios de comidas, las colas eran muy razonables en un sábado de verano. No creo que Alguna vez tuve que esperar más de 30 minutos y la mayoría de los viajes fueron mucho más cortos",5,google_places_api,parque diversiones,2025-03-22
"Gran playa de arena con fácil surf y buen ambiente. Bonitas palmeras con sombra bordean esta impresionante playa, perfecta para un día completo o un chapuzón rápido entre Quepos y Uvita.",5,google_places_api,playa matapalo,2025-03-26
Pasamos aproximadamente un mes en este hermoso lugar con la gente más hermosa. La pareja propietaria y administradora del lugar. Monique y Hans se hicieron buenos amigos durante nuestra estadía. Nos encanta cómo cuidan el lugar y todos los visitantes nos mostraron algunas de las cosas más hermosas de Costa Rica. Nos sentábamos juntos en la casa club y observamos los pájaros que cocinamos. Festejamos y meditamos. Espero volver en algún momento.,5,google_places_api,bali bosque,2022-10-02
"Nuestra estadía en Norte Nosara fue lo más destacado de nuestro viaje a Costa Rica. La propiedad se siente como un paraíso tropical rodeado de exuberante vegetación y vibrante arte local. El yoga shala era aireado y tranquilo, perfecto para practicar al amanecer. El área de la piscina era acogedora para tardes relajantes y el personal del bar mantuvo los cócteles fluyendo. No puedo esperar a volver la próxima temporada.",5,google_places_api,norte nosara,2025-09-24
"Pasé un total de 18 noches en ico y no podría haber pedido una mejor experiencia. Las camas son grandes y cómodas. El dormitorio es espacioso. El área comunitaria es perfecta para reuniones con mesas largas y hamacas y es fácil conocer gente nueva. Federica, la gerente se asegurará de que te sientas bienvenido y es la anfitriona más amable. También estará encantada de ayudarte con los tours, lugares locales para visitar el alquiler de tablas de surf, lo que sea. Me entristeció mucho tener que irme.",5,google_places_api,ico living hostel,2026-01-13
Mi esposa y yo encontramos que este es un gran lugar para disfrutar de cocina auténtica a precios realmente excelentes para el área. El camarero que teníamos hablaba bien inglés y fue muy servicial. Definitivamente recomendaría pagar por el estacionamiento si estaciona al otro lado de la calle.,5,google_places_api,mel s restaurant,2025-04-10
"Un momento agradable y relajante, un oasis cerca del aeropuerto y del centro. Volveremos.",5,google_places_api,bambú lodge,2024-09-25
"Wilson es un anfitrión increíble incluso antes de llegar, todas nuestras inquietudes y preguntas fueron respondidas rápidamente a través de WhatsApp. El albergue es extremadamente central para el centro de la fortuna. Seguro y limpio. Molly, la cachorra de Wilson, fue una gran adición. Se aseguró de saludarlo a su llegada y asegurarse de que todos los huéspedes estuvieran en fila. La estadía fue tranquila y disfruté especialmente las siestas en las hamacas. Gracias por una estadía tan acogedora y una introducción a Costa Rica.",5,google_places_api,alpha arenal hotel hostel,2026-05-25
Estos muchachos son realmente apasionados por su café. Shirley y Julian estaban muy bien informados sobre su café. Agradezco su paciencia al explicar el proceso de preparación del café. La comida es deliciosa y fresca. El auténtico café costarricense fue el mejor.,5,google_places_api,café a la moda,2026-04-23
"Excelente acceso a la playa con duchas al aire libre. La ubicación también es perfecta, con excelentes restaurantes cerca. La pareja que administra el lugar es muy amigable. Le vendrían bien algunas mejoras y actualizaciones, pero si te gusta el aire libre, definitivamente es una buena opción.",4,google_places_api,cabinas yemanya,2019-12-06
"Excelente, pasé por mi cena de cumpleaños y reconocí inmediatamente a Frankie, el chef y copropietario, y me presenté. Fue increíble y nos invitó al menú de degustación de su chef. Fue una de las mejores experiencias gastronómicas que he tenido. La comida fue fantástica, pero el servicio fue aún mejor. Las vistas también son increíbles.",5,google_places_api,gracia at mar vista,2026-01-11
"Es una excelente cafetería para cafés especiales y una comida si buscas café de buena calidad. Tiene una gran selección. El personal fue amable y me dio recomendaciones de café. Los pasteles se veían increíbles, pero es una lástima que no probé ninguno.",5,google_places_api,kawah café,2025-07-18
calidad superior,5,google_places_api,el grande restaurante,2026-03-22
"Muy buenas habitaciones y comidas en la piscina son buenas, pero un poco caras. Lugar tranquilo cerca de la playa. Bonito jardín y hamaca para descansar.",5,google_places_api,cahuita inn,2026-03-08
"Esta fue la segunda vez que me hospedé en Nosara Paradise Rentals y, al igual que mi primera visita, todo fue excelente y administrado profesionalmente, desde el personal amable y servicial hasta los operadores de barcos de pesca. La propiedad tiene una ubicación central, por lo que es conveniente caminar hasta restaurantes, tiendas en la playa y casi todo lo que necesita. Recomiendo encarecidamente Nosara Paradise Rentals y espero volver a hospedarme allí.",5,google_places_api,nosara paradise rentals,2026-06-19
el mikado es un lugar espectacular en costa rica lola es la anfitriona consumada las villas son realmente maravillosas el desayuno es delicioso sentarse junto a la piscina es relajante y rejuvenecedor pudimos ver a una familia de monos viajar a través de las copas de los árboles sobre la propiedad en la mañana se cuida a cada huésped y es un verdadero retiro esperamos volver pronto,5,google_places_api,mikado natural lodge,2026-03-17
"Este es un lugar hermoso, tranquilo y cómodo. La anfitriona es increíble y muy servicial. Ubicado en el centro, a pie de las cascadas, restaurantes cercanos o el río.",5,google_places_api,flor de bambú,2025-04-26
El mejor plato de pollo teriyaki que he probado. El batido de maracuyá fue excelente. El servicio es excelente y el lugar es absolutamente hermoso.,5,google_places_api,crepería y cafetería entre nous san josé,2026-01-10
anuncian 3k colones en su sitio pero cuando llegas al lugar te cobran casi 11 no importa si fue su error y la calidad no fue nada buena puedes conseguir mejores cosas en otros lugares a mejor precio,1,google_places_api,hotel wagelia turrialba,2026-01-20
"Habitaciones muy grandes con buenas comodidades. El aire acondicionado funcionaba bien. La zona del bar era un poco básica y sin alma. Dos piscinas razonables para usar con una zona de terraza. El desayuno está bien, pero un poco básico.",4,google_places_api,el tecal hotel,2026-02-01
"Wow, es lo que puedo decir, cariño, y quería hacer una buena cena, creo que 2 noches antes de irnos o la noche antes de irnos y tomamos una gran decisión al venir aquí. Probé el mahi mahi por primera vez al estar justo en la playa. Fue un romance de primer nivel. El personal fue muy amable y rápido. Además, cometí el error de decir que quería un refresco que en Costa Rica significa agua mineral. Fueron amables al cambiarlo por mí porque quise decir que quería coca cola. La lección aprendida. La comida era absolutamente deliciosa. Además, algunas personas fumaban cigarrillos. Vuelven las premisas de los 90.",5,google_places_api,tabú,2026-01-18
He estado dos veces este lugar de montaña tiene una vista maravillosa de la provincia de cartago descansas bien es un lugar muy recomendable por su silencio y gran seguridad recomendable incluso si alguien quiere ir solo sería perfecto de noche hacen una fogata y puedes cocinar en ella hay sonidos nocturnos de animales del bosque muchos jilgueros y ranas marlene es muy amable y te ofrece transporte es fácil llegar a ese punto en bus me encantó el café goteado en ese momento,5,google_places_api,escapadita al bosque,2023-12-29
buen desayuno,5,google_places_api,sabor a tiquicia,2026-04-08
Muy recomendado. Tuve el placer de quedarme en esta propiedad durante una semana entera durante mi estadía en Puerto Viejo. Realmente me sentí como si estuviera durmiendo dentro de la jungla. El anfitrión Christian es muy amable y divertido. Me encantan las bebidas de bienvenida y el desayuno diario que estaba incluido. Supermercado y farmacia a poca distancia.,5,google_places_api,relax natural village adults only,2024-05-01
lugar bastante tonto,4,google_places_api,cabañas el bosque,2018-05-08
"wow el restaurante isla en jaco me dejó boquiabierto, la comida es absolutamente deliciosa y la sopa de pescado está fuera de este mundo. Tienes que probarla. Las damas aquí, desde la cocina hasta los camareros, son muy amables y te hacen sentir como en casa. Excelente vibra. Sabores increíbles y gente maravillosa. Este lugar es una joya.",5,google_places_api,isaga,2025-09-26
"Fui el verano pasado y olvidé publicar esta casa increíble para quedarme realmente agradable. El camino hasta la casa es un camino de grava cuesta arriba muy empinado, así que asegúrate de tener un 4x4. La piscina es excelente y las vistas son increíbles. Puedes ver el océano y la jungla desde el balcón de arriba. Se incluyen fotos. Nos tomó unos días de vacaciones ver monos en los árboles alrededor de la casa, pero cuando lo hicimos fue increíble, vimos los aulladores que se pueden escuchar mucho y luego algunos capuchinos más adelante en el viaje. Fue increíble ver monos básicamente en nuestros patios delantero y trasero. Está en una muy buena ubicación y estás bastante cerca de muchas cosas al final del sendero que conduce a la casa. Hay un puesto de frutas que tiene una gran variedad de frutas y lo visitamos varias veces. Hay muchos animales interesantes alrededor y siempre puedes escuchar algún tipo de criatura alrededor del lugar. La piscina es de buen tamaño y está cubierta en su mayor parte por sombras. Todo está rodeado de frondosos bosques y vegetación. Hay dos perros que andan por la propiedad y son muy amigables en general. Un gran lugar y te recomiendo que te quedes allí.",5,google_places_api,casa laura retana,2025-11-03
"Me lo pasé muy bien en las cascadas. Estaba un poco preocupado de que el espacio 11 1 estuviera demasiado ocupado según las revisiones anteriores, pero estuvo bien y además tuvimos el beneficio de ver a la gente saltar al agua. Las cascadas eran geniales para refrescarse. Los zapatos para el agua definitivamente se recomiendan. El agua es bastante profunda, pero alrededor de los bordes puedes apoyarte en las rocas para pararte cuando necesitas un descanso del agua. Optamos por la opción de camioneta, ya que teníamos personas mayores en nuestro grupo. El sol era fuerte y habíamos caminado mucho el día anterior. Estábamos muy agradecidos. porque significa que solo tuvimos 2 horas en las cataratas, lo cual estuvo más o menos bien, tal vez 30 minutos más hubieran sido mejor, pero estuvo bien darle 4 estrellas, ya que el lugar está configurado principalmente para que la gente conduzca. Es más difícil de acceder para aquellos sin automóvil. Las cataratas superiores también eran inaccesibles en el momento de la visita. Organizamos un taxi en Uvita Taxi y afortunadamente nos esperó y nos llevó de regreso a Uvita también. También nos llevó a la oficina para pagar y luego a la punto de partida que nos ahorró mucho caminar pagamos 20k colones por trayecto muy contentos de haber elegido estas opciones ya que no había señal telefónica ni wifi para llamar a un uber, es un poco caro para lo que es, pero lo pasamos bien si tienes un auto, definitivamente puedes pasar el día si traes un picnic",4,google_places_api,cataratas nauyaca nauyaca waterfalls,2026-03-15
soda yami es un lugar pequeño y encantador con deliciosa comida caribeña las porciones eran abundantes patacones increíbles realmente sabrosos y a buen precio teníamos jugos típicos hiel e hibiscus muy refrescantes con la comida casado de carne y pargo rojo con salsa caribeña el personal también fue muy amable definitivamente una buena experiencia que recomendamos,5,google_places_api,soda yami caribbean food,2024-11-21
"un bonito restaurante en un gran vecindario. Fui temprano un domingo y no tuve que esperar, pero las personas que llegaron después de mí tuvieron que hacer cola durante bastante tiempo. La comida y las bebidas eran muy sabrosas y muy bien presentadas. El servicio fue un poco lento debido a lo ocupado que estaba y el inglés de la camarera no era muy bueno, pero logramos entendernos con gestos y paciencia. El ambiente también está muy lindo decorado y hay una pequeña tienda adentro con piezas únicas y encantadoras.",5,google_places_api,crepería y cafetería entre nous san josé,2026-02-20
Uno de los mejores restaurantes costarricenses que visitamos y al que regresamos durante nuestro viaje. Comida local sabrosa y económica. Limpieza del más alto nivel. El personal fue muy servicial a pesar de no saber español. Intentaron ayudarnos. Lo recomiendo encarecidamente.,5,google_places_api,soda meche,2024-09-28
"Nos alojamos aquí por una noche. El recepcionista fue muy profesional y atento. Hizo todo lo posible para hacernos sentir cómodos. Sin embargo, las habitaciones necesitan atención. Son muy viejas y de mala calidad. Hace mucho frío dentro de las cabañas. Las mantas no son lo suficientemente gruesas y la cama hace ruidos chirriantes. Si estás tratando de pasar una noche tranquila o tienes el sueño ligero como yo, este probablemente no sea el lugar para ti durante toda la noche. Estarás sujeto a fuertes ruidos de motores de camiones, motocicletas que pasan y perros callejeros locales peleando. Definitivamente no No lo recomiendo",1,google_places_api,hotel chalets los volcanes,2025-08-10
restaurante muy delicioso y acogedor vine a desayunar y almorzar en el mismo pedí el pumtalito y la casada tradicionales ambos eran muy frescos naturales y sabrosos puede ser difícil encontrar un restaurante que sepa sazonar pero este lugar sabe que también probé las boñuelitas pero no fueron para mí aunque el café es muy bueno,5,google_places_api,la esquinita de la abuela,2025-12-26
"Reservamos este lugar en el último minuto debido a algunos cambios de plan y ¡qué descubrimiento! Los anfitriones son increíbles, muy acogedores y conocedores de la flora y fauna del área local. La comida fue una de las mejores que hemos probado en Costa Rica y asegúrese de abrirle el apetito. El sendero a caballo era hermoso e incluso en el día lluvioso las vistas todavía me dejaron sin aliento. No me puedo quejar.",5,google_places_api,finca queveri,2026-04-14
muy limpio y amigable,5,google_places_api,complejo turístico río nosara,2017-07-10
bonito lugar hermoso entorno precios un poco altos,3,google_places_api,café magnolia,2023-04-21
lindo lugar muy buen gusto,4,google_places_api,soda la familia,2020-01-31
"En primer lugar, mucho amor para gaia, nuestra anfitriona, ella es una de esos profesionales tranquilos que hace las cosas y no hace un escándalo, pero todo encaja con poco esfuerzo. Las instalaciones son perfectas, encantadoras, rústicas y definitivamente construidas teniendo en cuenta el medio ambiente. Si estás en Cahuita en busca de aventuras, este lugar te dará la bienvenida después de un largo día con una acogedora hamaca en su generoso patio. Además, nuestra unidad tenía una pequeña cocina funcional con una estufa de propano de cuatro quemadores y un refrigerador de tamaño completo para Costa Rica. Las camas eran cómodas y frescas. las ventanas permitían la brisa durante el día. Ducha lo suficientemente grande para un tipo grande. Disfrutamos tanto de estar adentro como afuera. Si eliges este lugar, probablemente querrás regresar. Seguro que lo haremos, gracias a todo el personal y su compromiso de preservar su hermoso entorno.",5,google_places_api,ciudad perdida ecolodge,2024-12-09
"Mis amigos y yo visitamos Café Corazón una vez y nos encantó tanto que volvimos para tomar un segundo desayuno. La pita y Verónica fueron maravillosas y nos ayudaron a responder preguntas sobre cafés especiales, comidas y bebidas tradicionales. Este lugar es tan pintoresco, único y la comida es increíble.",5,google_places_api,cafe corazon,2026-07-01
Nos alojamos aquí 2 noches con mi novia. La habitación estaba perfectamente limpia. Nos recibieron muy bien. La persona de recepción fue muy amable. El ambiente global en el grupo de cabinas es una locura. Hamacas. Sofás pequeños. Mucha vegetación.,5,google_places_api,cabinas tortuguero,2023-11-20
"Tuvimos que reservar en el último minuto debido a un deslizamiento de tierra que nos hizo perder el último autobús a Tortuguero. El personal del hotel fue increíble al conseguirnos una buena oferta. Estábamos estresados y cansados, pero todas nuestras preocupaciones se desvanecieron cuando llegamos y vimos la propiedad. Nuestras habitaciones estaban impecablemente limpias y parecían recién renovadas. La piscina era preciosa por la noche. La temperatura perfecta para flotar durante un par de horas por la noche. El personal del bar del restaurante fue muy servicial y amable. Ojalá no tuviéramos tanta prisa por llegar a Tortuguero porque podríamos habernos quedado aún más tiempo.",5,google_places_api,hotel los ríos,2021-09-05
"encantador restaurante excelente servicio con una sonrisa el pulpo a la parrilla estaba delicioso, es decir, realmente bueno y tierno, el bistec no estaba cocido a la temperatura adecuada, así que lo devolvimos, volvió a nosotros raro, maldito, nuevamente, los centros simplemente no pudieron comerlo, aún así disfrutamos del ambiente y el servicio de las bebidas.",4,google_places_api,el novillo alegre cartago,2023-07-28
"Si necesito comer comida casera como la tradicional costarricense, esta es mi primera opción en Puerto Puerto Viejo, traería amigos y compañeros de trabajo de EE. UU. y Europa. La comida es muy sabrosa y los precios son justos. Servicio al cliente muy cortés. Los pedidos en los menús se pueden modificar lo más razonablemente posible para satisfacer sus deseos. Las instalaciones son pequeñas. La ventilación puede ser un problema. A veces los baños necesitan una gran mejora. No se sirven bebidas alcohólicas. ¿Volvería sí a comer muchas veces con familiares, amigos y compañeros de trabajo de diversos países?",4,google_places_api,mi lindo sarapiquí,2019-04-17
"Paramos aquí para nuestra última noche en San José, está al aire libre y la brisa era bastante fría, por eso no le doy muchas estrellas por la atmósfera. El servicio olvidó que habíamos pedido nuestra cerveza y les tomó hasta casi el final de la comida traerla. La comida era decente, aunque parece una cocina limpia. El té de frutas no era en absoluto lo que esperaba. Básicamente eran trozos de fruta y semillas de maracuyá, lo cual no era exactamente agradable ni fácil de beber. Se sentía más como una ensalada de puré de frutas. El ramen era simplemente todo. cierto, los gyoza eran muy sabrosos y el bimbibop no era tan picante como nos hubiera gustado, es limpio y fácil de encontrar, pero algunos, como alguien que ama la comida coreana, definitivamente no es el mejor restaurante coreano en el que he estado.",3,google_places_api,dadabi alajuela,2025-03-23
"Me encantó este restaurante. El hotel es antiguo pero muy bonito, actualizado y limpio. Lo único negativo es que está cerca de la autopista principal, así que asegúrate de conseguir una habitación en la parte trasera. La comida era súper deliciosa y el desayuno buffet solo vale la pena hospedarte aquí. Definitivamente regresaría. Las habitaciones tienen una mini cocina y refrigerador.",5,google_places_api,hotel el guarco,2016-06-20
"Excelente sodita con excelente comida y precios asequibles. Si buscas una excelente comida con sabor a comida casera, debes venir a este lugar. Le doy 3 estrellas por el ambiente porque hace demasiado calor durante las horas del almuerzo.",5,google_places_api,soda sazón colombiano,2024-05-30
muy buen y tranquilo lugar los dueños son muy amables siempre tratando de ayudar los precios son los mejores en coco la mejor solución para parar en playa del coco,5,google_places_api,casa de playa,2019-08-11
"Excelente precio, nuestra habitación tenía dos hamacas en la terraza privada cubierta, era excelente para el clima parcialmente lluvioso, los perezosos y otros animales en el jardín, los dueños agradables, el pequeño inconveniente es que todo está hecho de madera un poco crujiente y las habitaciones no están bien aisladas, por lo que, dependiendo de sus vecinos, a veces puede distraer un poco. Estacionamiento privado. Piscina limpia y agradable.",4,google_places_api,cabinas nirvana ecolodge,2022-04-05
Pequeño albergue hermoso y tranquilo con todo lo que necesitas y excelente ubicación.,5,google_places_api,hostel vidamar,2019-09-16
"exactamente como se anuncia, las habitaciones están limpias, al igual que la piscina, los jardines son exuberantes y ordenados, la ubicación es inmejorable, la playa está a menos de un minuto, el aire acondicionado funciona muy bien, muchos restaurantes, bares, tiendas, etc., todos muy cerca definitivamente regresaremos.",5,google_places_api,hotel mar rey,2025-12-13
un excelente parque para explorar los terrenos están bellamente mantenidos con agradables senderos para caminatas y vistas impresionantes del valle central. Los antiguos cráteres volcánicos son fascinantes de ver y hay una impresionante variedad de aves para cualquier persona interesada en la observación de aves.,5,google_places_api,monte la cruz,2026-02-08
"Fui aquí tres veces durante mi corta estadía de tres semanas en Heredia, la comida fue excelente y el servicio amable, incluso dejaron una linda nota para mi comida para llevar. También es un buen lugar para pasar el rato y leer un libro o trabajar de forma remota, ya que tiene mucho espacio con un área interior y exterior.",5,google_places_api,crepería y cafetería entre nous heredia,2023-12-02
"el ambiente general del hotel era desagradable el personal no prestaba atención y en gran medida ignoraba las necesidades de los huéspedes el servicio era lento especialmente para la comida las habitaciones olían a lejía y el ambiente se sentía poco acogedor y tenso nuestra experiencia fue extremadamente decepcionante nos cobraron casi el doble de la tarifa estándar por lo que se suponía que era un alojamiento de cuatro camas sin embargo al llegar solo nos dieron una habitación individual con una cama y media cuando mencioné este problema el personal afirmó que habíamos ingresado el número incorrecto de huéspedes incluso después de aclarar que se negaron a reconocer el error u ofrecer algún reembolso o cambiar nuestra habitación por la importante diferencia de precio para empeorar las cosas, nos dijeron que no había otras habitaciones disponibles para darnos, pero había una disponibilidad clara en línea en ese momento, esta falta de transparencia parecía deshonesta, en contraste, recomendaría encarecidamente alojarse en el hotel de al lado, Toro Blanco, son amables, serviciales y realmente hacen todo lo posible para garantizar que los huéspedes se sientan cómodos y bien atendidos. Desafortunadamente, esta experiencia se sintió engañosa desde el principio y recomendaría a otros que reservaran en otro lugar.",1,google_places_api,the palms at coco beach,2026-04-04
abundante buena comida platos creativos buena presentación también sabores gran variedad venta de cerveza bonito estacionamiento muy bien recomendado,5,google_places_api,antojos el rinconcito,2019-12-06
"magníficos pasteles, café y batidos, la decoración era hermosa y un ambiente realmente agradable, pasamos por un almuerzo rápido, paramos el croissant relleno de crema de pistacho, el batido estaba fresco, lleno de sabor y la presentación fue increíble. Aprecio los pequeños detalles y este lugar definitivamente se siente especial. Los pasteles se veían increíbles, excelente servicio, excelente comida, excelente ambiente, muy recomendable, aunque los precios son un poco altos.",5,google_places_api,tayakiry café,2026-05-30
"el personal es muy atento, admiten mascotas. Las cabañas son antiguas pero acogedoras y tienen todo lo que necesitas. Ten en cuenta que vivirás dentro de la jungla, así que será mejor que estés bien con las arañas y otros insectos cerca de ti desde la cabaña. Puedes caminar unos 100 metros y llegarás a la playa. Es increíble. Viajé solo y es muy seguro.",5,google_places_api,cabinas yemanya,2025-05-21
"Mi esposa y yo tuvimos una cena increíble anoche. Yo comí espaguetis a la carbonara y ella comió un plato de mariscos y verduras a la parrilla que compartimos. Comenzó con deliciosas ostras. El marisco estaba fresco y delicioso con vino. La cuenta fue de poco más de 100 dólares, lo cual fue muy razonable. Licor de cortesía rematado con una excelente experiencia culinaria. Servicio fantástico y ambiente muy agradable. Lo recomiendo encarecidamente.",5,google_places_api,soda mediterranea,2025-11-05
Es un lugar básico pero económico y el encargado es muy agradable.,3,google_places_api,cabinas don elías,2019-02-08
"soda el río es el mejor refresco que consumimos en todo nuestro viaje a Costa Rica para nuestro viaje de cuatro días a la fortuna visitamos tres veces dos cenas y un desayuno la comida era muy rica equilibrada y fresca una manera perfecta de terminar los días de aventuras en la fortuna había muchas opciones y optamos por el casado vegetariano muchas veces mi hermano comió carne con pollo casado y arroz y le encantaron ambos platos los batidos y jugos fueron fenomenales también pruebe la bebida de guanábana el personal de este restaurante familiar son muy amables y te saludan con una sonrisa, especialmente después de que regresamos varias veces. Me encantó el picadillo, una ensalada de chayote, un tipo de calabaza y yulmar, el dueño amablemente me dijo cómo hacerlo en casa. Definitivamente traeré los sabores de refresco el río a casa pura vida.",5,google_places_api,el río,2026-06-19
"El jardín de la casa de Aldirica es lo que más me gustó. Vimos tantos animales, incluidos tucanes, iguanas, colibríes perezosos y ranas coloridas. Temprano en la mañana puedes escuchar los llamados de los monos aulladores. Elegimos un departamento con cocina y tenía todo lo que necesitábamos; de lo contrario, hay habitaciones con baños en el piso de arriba, hamacas para relajarte en una casa muy limpia, una cama cómoda y la mejor opción.",5,google_places_api,casa aldirica,2025-01-22
henry y michele ahora son nuestra familia adoptiva para nosotros esto realmente se sintió como unas vacaciones ellos se encargaron de todos los detalles y nos hicieron sentir muy bienvenidos su gran conocimiento y experiencia nos ayudaron a disfrutar de las bellezas de costa rica gracias por compartir su hogar con nosotros y hacernos sentir tan bienvenidos nos encantó el tiempo de la hamaca en el rancho es siempre nuestro momento favorito dany fue un excelente guía y nos ayudó enormemente a aprender sobre el país mientras viajábamos sin duda invitaremos a otros a experimentar la misma pura vida,5,google_places_api,tropical paradise bungalows,2026-01-24
genial para lo que necesitábamos y un buen precio un lugar para dormir agua caliente limpio una piscina y un pequeño desayuno incluido muy agradable anfitriona que nos dejó entrar después de media noche debido a un vuelo retrasado le envió un correo electrónico y también pasó el rato hasta tarde cuando nuestro auto no estaba listo a tiempo,5,google_places_api,hotel puerta del sol san josé airport,2023-03-29
el parque tiene un sendero fácil de 1km y un sendero moderado de 4km lleno de niebla y naturaleza siempre se recomienda una chaqueta de montaña ya que las temperaturas pueden bajar drásticamente en segundos,5,google_places_api,parque nacional los quetzales,2025-12-30
"jacó sabor es un excelente lugar local en las afueras de la ciudad principal de jacó, si está buscando algo muy auténtico, este es el lugar, la comida es deliciosa, las porciones son enormes y los precios son muy asequibles, pedimos los platos tradicionales de casado y el pollo y el arroz, todo salió caliente, fresco y lleno de sabor, los batidos son enormes y perfectos para refrescarse. Le recomiendo que pase por aquí si desea una sabrosa comida local costarricense sin los precios turísticos.",5,google_places_api,jacó sabor,2025-06-27
"absolutamente hermoso, limpio y excelentemente diseñado, no estábamos preparados para no desayunar en este lugar, pero hay un supermercado a 10 minutos y puedes preparar tu propio desayuno usando su increíble cocina totalmente equipada.",5,google_places_api,cabañas rústicas la fortuna,2018-04-03
"Tuvimos una excelente estadía en Ara Ambigua. Las habitaciones están ubicadas en un hermoso jardín con senderos que conducen a las habitaciones separadas. Las habitaciones tenían una cama muy grande. Hicimos un recorrido nocturno con su guía Bayardo, lo cual fue increíble. Vimos 2 perezosos de dos dedos, 1 perezoso de tres dedos, una hormiga bala, dos zarigüeyas, un kinkajou y muchas ranas. Bayardo es un observador de animales muy hábil y está entusiasmado con su trabajo, lo que hizo que el recorrido fuera definitivamente más divertido. Lo recomiendo encarecidamente.",4,google_places_api,ara ambigua lodge,2026-01-11
"Decepcionante, solo se abrieron 2 senderos. Un agradable paseo por el bosque. Más quetzales para ver fuera del parque.",3,google_places_api,parque nacional los quetzales,2026-06-05
"Tuvimos una gran estadía aquí y definitivamente regresaríamos. Llegamos muy tarde después de la 1:30 am, pero la comunicación a través de WhatsApp fue excelente e hizo que el proceso de registro fuera fácil y sin estrés. Realmente apreciamos lo receptivos y serviciales que fueron incluso a esa hora. Nuestra habitación tenía el tamaño perfecto para nosotros y todo se sentía hermosamente renovado, limpio y bien cuidado. El espacio era cómodo y acogedor, lo que hacía que fuera fácil relajarse después de viajar. El desayuno de cortesía era simple pero apreciado con tostadas, mermelada, café y té, lo suficiente para comenzar el día. El único pequeño inconveniente fue que las ventanas son de vidrio. paneles para que se pueda escuchar el ruido exterior. No fue un gran problema para nosotros, pero las personas con el sueño más ligero pueden notarlo en general. Una estadía maravillosa con excelente comunicación, un espacio encantador y toques bien pensados. Esperamos volver a hospedarnos aquí pronto.",5,google_places_api,jungla urbana bnb,2026-02-17
delicioso desayuno tortilla jugo y café después de una sesión de surf servido por yaya recomiendo encarecidamente una visita,5,google_places_api,yaya s café and bar,2026-01-11
comida deliciosa buen servicio y excelente café demasiado ruido de tráfico en la carretera,5,google_places_api,momo café,2026-07-10
limpio buen precio pero difícil de encontrar,4,google_places_api,cabinas rinconcito caliente,2018-02-01
Me encantó este pequeño lugar tranquilo pero cerca de la acción. Excelente desayuno pero a un costo adicional razonable. Propiedad segura con estacionamiento seguro. Excelente servicio. Buena relación calidad-precio para el área.,5,google_places_api,hotel tropical puerto viejo caribe sur,2023-01-08
Me encantó si estás en Alajuela tienes que pasar por aquí.,5,google_places_api,crema dela crema café,2024-04-30
"Si bien el concepto de estas carpas glamping es excelente, la orquestación fue terrible, el propietario también tenía modales terribles, no tenía sentido de la hospitalidad y nos hizo comentarios agresivos y racistas como clientes cuando llegamos a la carpa, hacía mucho calor, las carpas tienen un efecto de invernadero, por lo que la temperatura interior es al menos 10 F más alta que la exterior, hay una unidad de aire acondicionado adentro, pero no funcionó de manera similar, la mayoría de las luces, incluida la luz central principal, y todas las luces del baño no funcionaron, el agua de la ducha solo estuvo caliente durante 2 o 3 Minutos antes de estar absolutamente helada, la ducha exterior tenía una puerta rota, lo que dificultaba el uso del wifi, tampoco funcionaba, lo que nos dejó varados ya que el servicio celular en las montañas es limitado, no teníamos forma de contactar al propietario o llamar a un taxi. Además, las sillas al aire libre estaban cubiertas de moho. Los problemas anteriores son simplemente los más grandes, pero hubo muchas otras cosas más pequeñas rotas o que funcionaban mal después de que finalmente pudimos comunicarnos con el propietario. Dijo que estaría allí pronto para solucionar los problemas. En lugar de eso, apareció después de las 10 p.m. cuando estábamos tratando de dormir. y habló en voz alta debajo de la cúpula durante unos minutos e insistió en que lo había arreglado y no dejó nada arreglado a pesar de todos estos problemas. El propietario volvió a aparecer tarde al día siguiente para cobrarnos el pago completo. Le mostramos una lista de las cosas que faltaban y estaban rotas. Por lo general, quedarnos en un lugar como este nos dejaba sudando sin aire acondicionado y luego usar las linternas de nuestros teléfonos para usar el baño, entre otros problemas, justificaría un reembolso. En cambio, el propietario exigió un pago completo y no escuchó ninguna de nuestras quejas. José siguió hablando sobre nosotros y siendo agresivo. y grosero después de darle la lista de quejas en nombre de crear una mejor experiencia para sus futuros huéspedes, hizo comentarios sobre cómo ustedes, los indios, siempre se quejan y nunca buscan soluciones, lo cual obviamente fue injustificado e irrespetuoso si deciden quedarse aquí, buena suerte.",1,google_places_api,féliza rainforest domes,2025-03-21
La comida es la mejor de toda Santa Teresa. Comí arroz con coco y atún. Felicitaciones al chef. Ella hizo un trabajo increíble. El atún estaba suave y suculento y el arroz era un paraíso. Las porciones son enormes. Jeremy fue un anfitrión increíble. Habla inglés con mucha fluidez y es muy cortés. Recomiendo este restaurante por la comida y el ambiente.,5,google_places_api,el tercer ojo restaurant bar,2026-03-23
"una auténtica joya de lugar, la propiedad es enorme y no te sientes en la ciudad, los dueños son muy amables y me encantaron sus 3 perros, especialmente Alaska, los perros son muy amables, la habitación es enorme y nos dieron un desayuno súper delicioso. Estuvimos allí una noche y me sentí como si estuviera de vacaciones durante una semana. El precio es increíble para lo que obtienes como un comienzo o final perfecto para un viaje a Costa Rica.",5,google_places_api,casa del cafe,2023-12-15
"1 floto este río mientras estoy en un paisaje absolutamente impresionante y básicamente un paseo en montaña rusa de principio a fin. Te garantizo que será un punto culminante del viaje. 2 ir con roberto, dueño de ticos, es increíblemente divertido y servicial en el río, organizado y receptivo mientras planifica el viaje. dirige una operación verdaderamente de primera clase, un tipo increíble. 3 no te asustes por la lluvia, estábamos preocupados por nuestro clima la mañana del viaje fresco y lloviendo, pero entre comenzar en una elevación más baja, un poco más cálido que Turrialba y la adrenalina con la que nos sorprendió gratamente. nuestra comodidad durante la flotación 4 el almuerzo en el río fue muy bueno normalmente los almuerzos en este tipo de viajes son más bien una cuestión de marcar la casilla, pero roberto y su hijo también roberto prepararon una comida fresca muy agradable para la comida 5 no puedo decir lo suficiente sobre este viaje y la compañía que se diviertan",5,google_places_api,ticos river adventures pacuare river,2025-04-14
"Acabo de registrarnos en el hotel South Beach Jaco. Gracias Josh por facilitarnos el registro. Se las arregló para llevarnos temprano a nuestra habitación con vista al mar. Llegamos, qué descubrimiento.",5,google_places_api,hotel south beach jaco,2026-03-15
"ventajas tiene área de cocina microondas y refrigerador pequeño buen estacionamiento gente muy dulce maneja el lugar desventajas las camas son muy incómodas puedo sentir los resortes no hay fundas de colchones y las sábanas se quitan fácilmente la ducha es básica y hay que esperar a que el agua se caliente con presión lenta las escaleras de arriba son un poco peligrosas, estrechas y empinadas, pero tenemos alrededor de 50 años, este es un buen lugar económico para un soltero, creo, o para aquellos que no son quisquillosos.",1,google_places_api,cabinas selva verde,2024-02-01
señora grosera siempre con prisa cuando todavía hay mucho tiempo antes de cerrar,2,google_places_api,coffee break by herbarium,2026-03-08
Hermoso hotel con un personal amable y servicial. Me lo pasé muy bien y aprecio mucho la ayuda de uno de los miembros del personal. Josue Granados. Realmente me ayudó a sentirme muy cómodo en este país extranjero al ayudarme a mostrarme los entresijos de la ciudad. Esta fue una de mis vacaciones más placenteras.,5,google_places_api,hotel sueños de maría,2024-07-25
"Tengo 50 años, comí una tonelada de mariscos en mi época, este es el mejor filete de atún braseado que he probado en toda mi vida. Lo comí como un niño pobre. Me tomó una hora. Un lugar increíble. El personal es súper amable y amigable. También recomiendo comer en una mesa en la playa.",5,google_places_api,beach break bar restaurant,2026-07-01
"Si es aventurero o tiene niños, debe hacer una visita corta. El mejor tobogán de cascada natural que he hecho con una caída de 20 a 30 pies, pero muy suave y seguro. Niños de 6 y 60 años lo estaban haciendo, pero es emocionante incluso para un niño de 20 años. Los niños de 6 años tenían chalecos salvavidas, pero no los necesitaban para un nadador decente, solo una caminata de aproximadamente 5 minutos, así que esto es para la cascada y nadar, no caminar, personalmente prefiero esto a la cascada de la fortuna.",5,google_places_api,catarata uvita y restaurante la catarata,2026-03-29
increíble albergue excelente ambiente social zona muy tranquila de santa teresa tanto la playa como el centro de la ciudad están a pocos pasos por una sola calle para mis amigos del norte el aire acondicionado en los dormitorios es uno de los mejores que he probado en costa rica personal muy amable que siempre está dispuesto a ayudar o responder a sus preguntas 10 10 lo recomendaría,5,google_places_api,akih pods hostel,2025-12-13
"Recientemente tuve el placer de hospedarme en alma glamping y debo decir que superó todas mis expectativas desde el momento en que llegué, el personal me hizo sentir increíblemente bienvenido, el proceso de registro fue sencillo, la habitación estaba impecable y decorada con buen gusto, la atención al detalle, como vino embotellado de cortesía y un minibar bien surtido, realmente marcó la diferencia, las comodidades del hotel fueron de primera categoría, disfruté especialmente el jacuzzi y la fogata, las opciones para comer en el lugar fueron excelentes, ofreciendo una variedad de platos deliciosos para todos los gustos, el desayuno incluido es delicioso, lo que realmente se destacó. Para mí fue el servicio excepcional, el personal hizo todo lo posible para garantizar que mi estadía fuera cómoda y agradable y atendió rápidamente cualquier solicitud que tuve. Siempre fueron amables, profesionales y atentos. La ubicación del hotel también era ideal, con fácil acceso pero lo suficientemente lejos como para estar lejos de la ciudad. Tiene una vista increíble de la ciudad. En general, mi estadía en alma glamping fue nada menos que perfecta. Recomendaría este hotel a cualquiera que busque una estadía lujosa, cómoda e inolvidable. No puedo esperar a regresar.",5,google_places_api,alma glamping,2024-09-01
"comida excelente y deliciosa, ingredientes frescos y baratos. Definitivamente regresaré en cualquier momento. 1000 lo recomiendo solo x 6, el lugar especial.",5,google_places_api,soda meche,2023-06-27
"excelente lugar para hospedarse muy cerca del aeropuerto de san josé cr es extremadamente agradable encontrar alojamiento cómodo y limpio con un personal muy amable que no es parte de una cadena ubicado en una comunidad cerrada era muy tranquilo y había buena seguridad el costo era muy modesto teníamos nuestra propia habitación grande con un baño privado grande y cómodo optamos por un desayuno con la reserva que fue preparado individualmente y delicioso algo más que es difícil de encontrar en muchas de las cadenas de hoteles el área de comedor era cómoda y también había un área exterior disponible nos llevaron al aeropuerto Alguien de la casa de huéspedes, en definitiva, un lugar muy agradable y cómodo para pasar la noche.",5,google_places_api,las carmelas,2026-04-14
Mi experiencia en miotra kasa fue en febrero de este año. Pasé 3 noches allí y dormí como un bebé. La serenidad y el ambiente fueron excelentes. La gente fue increíble y disfruté de la limpieza del área. Este es un lugar perfecto para relajarse y personalmente lo recomendaré.,5,google_places_api,miotrakasa,2025-05-18
"la subida a la montaña para llegar a la carretera para luego bajar la montaña al hotel Savegre es hermosa en sí misma, condujimos a través de las nubes para finalmente llegar a nuestro destino, las habitaciones son espaciosas, los baños son modernos y grandes y los jardines son hermosos. Frente a nuestra habitación había un hermoso jardín lleno de colibríes y flores, es tan tranquilo y bonito que tomamos el tour del resplandeciente quetzal a las 5 a 15 am a la mañana siguiente, nuestro guía fue fantástico y efectivamente vimos un quetzal resplandeciente catalogado como uno de los Las aves más hermosas del planeta. También organizamos con el mismo guía un recorrido de observación de aves en esta área esa tarde. Realmente increíble. La mejor guía de aves. Hay muchas comodidades aquí si desea un día de spa, etc.. El desayuno fue bueno, pero nuestra cena fue en realidad bastante mediocre. Esto no disminuyó el hecho de que este es un lugar fantástico para hospedarse en esta hermosa parte de Costa Rica.",5,google_places_api,savegre hotel natural reserve spa,2026-03-07
"pobre estafa, se veía encantador en las fotos en booking com que muestran a una mujer relajándose en la piscina, pero cuando llegas allí, las habitaciones son extremadamente básicas y feas, ventana rota en mi habitación, decoración antigua, muebles y accesorios muy anticuados, la piscina estaba bien, aparte del concreto muy rugoso que la rodeaba, pero llena de familias los fines de semana y viajes escolares durante la semana, por lo que no me relajo en absoluto, completamente diferente a la imagen que anuncian en booking com, muy engañoso, el personal fue muy amable y servicial, la única razón por la que le he dado dos estrellas, no una más que los mensajes iniciales. Recibí cuando intenté cancelar, encontré que la comida no era comestible, incluido el desayuno, así que tuve que salir a comer todos los días, aunque la ubicación está a kilómetros de cualquier cosa tan costosa y no hay restaurantes ni cafeterías alrededor, me cobraron más de 100 por noche, pero cuando estuve allí vi que se anunciaba por la mitad de ese precio, presumiblemente porque no estaba completamente reservado, creo que a la mitad del precio todavía habría sido demasiado caro para lo que es. Me fui temprano y aceptaron reembolsarme el dinero por los días restantes, pero ahora están jugando con no reembolsar el dinero según lo acordado, es difícil entender todas las reseñas de 4 y 5 estrellas aquí. Siento que me estafaron y definitivamente esto es algo que debo evitar.",1,google_places_api,manzanillo caribbean resort,2025-12-17
Buen anfitrión que te ayuda. La habitación estaba limpia y fue muy fácil comunicarse con ellos.,5,google_places_api,nina s house,2025-12-01
"comida increíble, tuvimos el especial de langosta fresca, que es uno de los mejores que hemos probado y vivimos en Nueva Inglaterra, también la mariscada con curry de coco, que también estaba deliciosa. Me encantó la salsa picante casera en las mesas, incluso el aderezo para ensalada era muy sabroso y claramente hecho desde cero. Servicio profesional muy amable.",5,google_places_api,cocomar comida caribeña,2026-02-26
"Este lugar superó con creces mis esperanzadas expectativas La familia de mi padre es de Madrid y crecí con la comida española y sé lo increíble que puede ser y esto fue lo mejor que he probado. La influencia mediterránea es deliciosa y el chef se acercó a todos para registrarse personalmente y presentarse. Se sintió realmente especial e íntimo. Una experiencia no solo una cena. Conseguimos la última mesa sin tener una reserva y nos sentimos muy afortunados de que haya funcionado de esa manera. Todo es súper fresco, sabroso y delicioso. Nuestro restaurante favorito de Uvita hasta ahora.",5,google_places_api,sabor español,2025-02-08
"Qué encontrar el mejor risotto, en serio, por encima y más allá, tuvimos que volver al día siguiente, porque hicieron solo pasta normal con salsa roja para mi hija y estaba tan delicioso que pensarías que es fácil de hacer, pero realmente valió la pena. Comimos pizza margarita simple al día siguiente y también fue increíble, el servicio es excelente, la comida realmente vale la pena volver.",5,google_places_api,mamagui nosara,2026-05-05
la peor pesadilla jamás,1,google_places_api,nahualli hostel tamarindo,2021-11-27
muy buen servicio hicieron un trabajo tan bueno en un grupo de 30 que volvimos 2 días después con un grupo de 20 los aperitivos de calamares y camarones estaban bastante frescos y muy crujientes el plato de mariscos era impresionante langosta pulpo a la parrilla muy bien hecho pargo a la parrilla camarones almejas mejillones el servicio fue excelente y atento,5,google_places_api,restaurante mar azul,2026-04-14
"Tuvimos una experiencia gastronómica excepcional en este restaurante costarricense que sirve comida deliciosa en un contenedor de envío. Queríamos casado y el increíble camarero recomendó el filete de atún casado porque ayer pescaron uno. Fue increíble, no solo el atún sino el plato en sí era realmente bueno y el precio es mucho más bajo que el de la mayoría de los otros lugares de la ciudad.",5,google_places_api,soda la barra,2024-02-06
"alerta de estafa pedimos alitas de pollo y 2 cervezas que disfrutamos, sin embargo, el problema surgió cuando queríamos pagar, el camarero tomó mi tarjeta y me cobró 20 840 colones por la comida y las bebidas, el equivalente a unos 38 euros. Me devolvieron el recibo de pago, obviamente, sin los artículos que pedí. Le pregunté esto al camarero, quien procedió a explicarme que debido a los impuestos que la acompañaban, la comida era más cara. Luego solicité una copia impresa del recibo. Se dio cuenta de que la habían pillado y regresó con el recibo original. incluido tanto en las fotos como en efectivo de 8800 colones. Requerí un cambio de 8980. Luego tuve que consultarlo nuevamente y demostrarle que ella me había engañado una vez más. Sé que soy un turista pero tampoco tengo un tatuaje de imbécil en mi frente. Sin embargo, esta es una estafa turística muy conocida en Costa Rica, pero después de 2 semanas y media en este hermoso país, esta fue la primera vez que realmente experimentamos esto, presten atención a sus recibos.",1,google_places_api,restaurante rancho jsm,2024-03-20
excelente comida restaurante de primer nivel,5,google_places_api,dúo café,2026-05-28
"Este lugar es maravilloso, el propietario es más que servicial. Soy una persona que viaja sola y me sentí muy segura. La cama era muy cómoda. Cualquier comentario negativo anterior simplemente no es como lo describo. En mi opinión, debería tener una calificación de 5 estrellas. La seguridad y la comodidad son importantes para las mujeres que viajan solas.",5,google_places_api,las casitas de playa negra,2024-10-06
"Uno de los mejores albergues en los que me he alojado. Me alojé en un dormitorio femenino de 6 camas. La cama era muy cómoda. Las sábanas estaban frescas y frescas. Dos almohadas mullidas. La cortina de privacidad alrededor de la litera debería ser imprescindible para todos los albergues. El baño adjunto tenía una hermosa ducha con azulejos y agua caliente. La ubicación era perfecta a unos 15 minutos a pie del centro de Puerto Viejo, justo en la playa. Hermosa piscina con tumbonas. Había un bar restaurante en el lugar. Personal super amable. Cocina comunitaria muy limpia y suficientemente equipada.",5,google_places_api,agapi beachfront hostel boutique,2026-04-27
gran bar ambiente agradable al lado del río con un excelente personal del bar gracias blanca et chris,5,google_places_api,viajero la fortuna cowork café pool bar,2026-06-27
"Mi novio y yo nos hospedamos en el bungalow con piscina privada durante 5 días y fue realmente una de las mejores experiencias que hemos tenido. El bungalow en sí era increíble, espacioso, impecable y bellamente diseñado, ya que es un bungalow estilo tienda de campaña. Naturalmente, hay algunas grietas abiertas en todas partes, pero no tuvimos absolutamente ningún problema con el aire acondicionado o los insectos durante nuestra estadía. De hecho, no vimos ni un solo error durante todo el tiempo. El restaurante también fue increíble y terminó siendo uno de los mejores lugares en los que comimos durante nuestro viaje. La comida y las bebidas fueron consistentemente excelentes y el personal fue excelente. Muy amables y atentos, todos hicieron todo lo posible para asegurarse de que estuviéramos cómodos y tuviéramos todo lo que necesitábamos. En general, fue una experiencia muy relajante y memorable y definitivamente regresaremos en el futuro. 10 10 estancia",5,google_places_api,casa lamia boutique hotel restaurant,2026-05-13
"Recomiendo parar aquí si está buscando un café especial. Ni siquiera nos molestamos en pasar por otras tiendas cuando nos quedamos en el área. Está justo a las afueras del centro principal de la ciudad, pero vale la pena. También disfrutamos viendo el arte local. La familia propietaria posee una granja de café y también Airbnb. Debes echarle un vistazo. Hacen recorridos y son muy amables.",5,google_places_api,kaffi specialty coffee shop and school,2026-06-03
"Alondra Allen y el resto del personal somos fantásticos, muy acogedores y serviciales, la comida estaba deliciosa y, como soy celíaca, pudieron ayudarme a elegir las mejores opciones sin gluten. Lo recomiendo encarecidamente.",5,google_places_api,the falls restaurant,2026-03-14
"Fui aquí porque un agente de bienes raíces me lo recomendó. La comida sabe bien y la señora fue amable, pero no había nadie más. Temo que la comida permanezca durante muchas horas. La comida definitivamente no estaba lo suficientemente caliente como para evitar el crecimiento bacteriano.",3,google_places_api,soda montecarlo,2022-11-16
"este lugar es encantador, hermoso arte por todos lados, una gran selección de libros, una dulce lectura semanal en voz alta para niños, el café, es una experiencia más cara, de alta gama, como la mayoría de las cosas en nosara.",5,google_places_api,hamaca book cafe,2026-04-06
"este lugar superó todas nuestras expectativas con su hermosa ubicación, vida silvestre increíblemente rica, comida increíble y personal maravilloso, nuestra familia de 7 personas disfrutó de varias visitas guiadas por el área por parte de sus guías experimentados y atractivos, con un agradecimiento especial a edwin danilo y frank, los camareros también fueron amables y amables, y gabriel rolando elier y lilly se destacaron. Recomendaríamos encarecidamente este lugar y esperamos volver nosotros mismos.",5,google_places_api,lapa rios lodge,2026-01-03
"A esta propiedad se llega por un carril angosto apenas transitable en nuestra entrada privada para autos de arrendamiento que necesita desbloquearse y cerrarse cada vez que sale María, la dueña, muy amable y servicial. Buen servicio de lavandería. La habitación no es como se describe. No hay guardarropa ni armario. Aire acondicionado. Piscina efectiva. Realmente es una especie de jacuzzi. Muchas playas, restaurantes, supermercados, etc. en las cercanías.",3,google_places_api,villas vilar,2022-04-01
es simplemente genial las cabinas son bonitas y acogedoras la propiedad con cascadas y senderos es hermosa el desayuno es increíble,5,google_places_api,casitas eco bambú,2022-02-14
"Tuvimos un ambiente de comida increíble y el personal, un excelente restaurante para escapadas fuera de lo común, uno romántico con un paisaje natural. Lo recomendaría totalmente. Teníamos a Josselin y ella fue una camarera maravillosa. Valor 10 10",5,google_places_api,el manglar seafood grill,2026-05-05
"Mi familia y yo tuvimos una estadía de 3 noches en Mikado Natural Lodge durante la Navidad y mi cumpleaños, y fue absolutamente mágico, nuestros hijos tienen 4 y 6 años y este lugar fue un gran placer para todos nosotros. La propiedad logra el equilibrio perfecto entre lujo y tranquilidad. Pasamos días junto a la piscina observando monos aulladores en los árboles sobre nosotros y los pequeños toques de Lolo en todos los artículos de baño. El bloqueador solar junto a la piscina realmente muestra su dedicación para hacer que cada estadía sea de primera categoría. jugando con su pequeña, ¿Lolo sabía que contrató a una niñera cuando trajo a la nueva mascota de la familia? Lo que realmente hace que el mikado sea especial es la hospitalidad. Lolo hizo todo lo posible para preparar una cena especial para mi cumpleaños, brindando recomendaciones y sugerencias y maravillosos desayunos caseros. Llegamos como invitados, pero realmente nos sentimos como amigos de Lolo y su familia todos los días, nos aventuramos a ir a la playa u otras actividades. Hay mucho que hacer, pero son 15 minutos por caminos de tierra. El encanto de esta parte de CR que dominas bastante rápido. Si está buscando una escapada cálida, acogedora y llena de naturaleza en Costa Rica, no busque más, estamos ansiosos por volver.",5,google_places_api,mikado natural lodge,2026-01-09
"Nos alojamos en Senda por 4 noches a finales de enero y fue fabuloso. La propiedad cuenta con maravillosas rutas de senderismo y se puede llegar fácilmente a la reserva agutí, que es gratuita para quienes se hospedan en Senda. Todo el personal fue maravilloso. También hay algunos hermosos jardines cargados con algunas especies de colibríes y temprano en la mañana la propiedad está repleta de aves. Si eres un observador de aves, te encantará estar aquí. Muy recomendable. Revisaré el sapo por separado.",5,google_places_api,senda monteverde,2026-02-13
Ha sido una sorpresa increíblemente sabrosa y realmente agradable junto con las opciones de sport bar en el área. Debo decir que todas las opciones eran súper sabrosas en cuanto a sabores y presentación. El servicio también fue súper acogedor y profesional. Incluso el chef vino a saludarnos y nos invitó a algunos dulces. Definitivamente regresaré y sugeriré a cualquiera que lo pruebe. Vale la pena y el menú es asequible y no es caro.,5,google_places_api,restaurante the spice bar,2026-01-04
"Vaya, casi no quiero hablar maravillas de este increíble lugar, ya que es bastante difícil conseguir estacionamiento. Lo encontramos por accidente y luego alguien me recomendó un excelente café para acompañar un montón de pasteles increíbles y otras ofertas. Pedimos varias cosas y luego conseguimos un montón para ir desde croissants hasta tartas, pasteles, etc.",5,google_places_api,cafetería brioché,2025-11-06
hotel san jos muy bonitas habitaciones y servicio muy elegante y ubicación entorno natural,5,google_places_api,hotel san josé,2026-02-19
"La aventura más increíble de nuestra historia, siempre nos cuidaron muy bien y fueron tan increíblemente hábiles y pacientes conmigo que terminamos amándolos tanto que hicimos un recorrido adicional al día siguiente. Los recomendaría a todas las personas que conozco. Realmente no puedo expresar lo increíbles que fueron nuestras aventuras. Hicimos la quebrada gata y la ciudad esmeralda. 10 10 recomendaría ambos y más si tienes tiempo, cada vez que regrese, los usaré.",5,google_places_api,trekking canyoning adventure cr,2023-05-03
"Este es el lugar muy limpio, bonita y cómoda habitación con agua caliente. Excelente hamaca para relajarse y cocina para cocinar. Las cabinas están bien ubicadas a pocos pasos de Playa Negra y los dueños de la ciudad, Amelia y Vottorio, son realmente amables y definitivamente recomiendo dormir aquí. Es un gran lugar para quedarse.",4,google_places_api,las casitas de playa negra,2015-02-02
"Nos detuvimos aquí al azar en nuestro camino hacia el volcán Iraz y quedamos impresionados por la deliciosa comida. El servicio fue realmente rápido y agradable a pesar de que nuestros intentos de hablar español fueron lamentables. Honestamente puedo decir que esta fue una de las mejores comidas que probé en Costa Rica, si no la mejor, y comimos en algunos lugares muy elegantes. Realmente pasa por aquí, no te arrepentirás.",5,google_places_api,restaurante mi tierra,2018-02-02
"Joya escondida, nos encantó tanto que volvimos al día siguiente, dueños súper amables, comida increíble hecha con amor y un ambiente muy tranquilo. Ver animales en el jardín fue una gran ventaja. Es triste dejar Cahuita. Lo recomiendo 100 si tienes la oportunidad.",5,google_places_api,shamballa,2025-12-25
Nos alojamos aquí por más de una semana y lo disfrutamos mucho. La habitación estaba súper limpia. La propiedad es muy hermosa. Los anfitriones encantadores. Excelente restaurante. La ubicación es perfecta. Definitivamente regresaría.,5,google_places_api,rio barú tropical boutique room at la junta,2026-01-09
"He estado viniendo a Mono Verde durante años, pero esta noche me recordó por qué ciertos restaurantes se vuelven parte de la estructura de una ciudad en lugar de simplemente otro lugar para comer por primera vez. Nos sentamos afuera, el aire cálido de Jacó, la gente deambulando, la música callejera flotando desde la playa. Las conversaciones que sucedían a nuestro alrededor se sentía menos como una cena y más como la versión de Costa Rica que la gente espera encontrar cuando se mude aquí. Comenzamos con la bruschetta italiana y los champiñones en tempura, que realmente me encantan. Los champiñones son enormes, crujientes sin ser pesados y uno de esos. platos de los que terminas hablando después porque son inesperadamente buenos. Pedí el pargo frito, el clásico pargo frito entero por el que Costa Rica es conocida, junto con un lado extra de arroz con coco porque, honestamente, es demasiado bueno para no hacerlo. El pescado estaba perfectamente cocinado con piel crujiente, tierno por dentro, simple y seguro, sin reinvenciones innecesarias, sin esforzarse demasiado, solo un restaurante que entendía exactamente lo que es, pero la mejor parte de la noche no tuvo nada que ver con la comida. algunas canciones de los Beatles no lo había visto en años, de repente mi amigo Matt y yo estábamos sentados allí hablando sobre la pesca en Costa Rica, la vida familiar y por qué tanta gente viene a esta ciudad por un corto período de tiempo y de alguna manera terminan construyendo una vida aquí. Matt ha vivido aquí durante años y está criando a su hijo Bruce aquí, lo que dice mucho sobre lo que esta ciudad se convierte para la gente. Nuestro camarero fue fantástico, cálido, atento, auténtico Matt y ambos hablo español, pero ella quería practicar su inglés e hizo un gran trabajo. Nunca se sintió forzado o transaccional. Se sintió humano. Lo que realmente es la gran hospitalidad no es la perfección, sino la creación de una experiencia en la que las personas se sienten conectadas, relajadas y genuinamente felices de haber elegido pasar la noche allí. Mono Verde lo entregó esta noche.",5,google_places_api,mono verde,2026-05-13
"Me alojé en la habitación privada 1 por dos noches y tuve una experiencia excelente. La habitación es básica pero estaba limpia y era cómoda y tenía todo lo que necesitaba. Una toalla grande y una pequeña. Cama cómoda con muchas almohadas. Puedo pedir mantas adicionales. Espejo de cuerpo entero. Baño privado con jabón de manos y jabón en la ducha. Agua caliente en la ducha y buena presión de agua. No hay aire acondicionado, pero ambas habitaciones tenían una ventana y con el viento y las noches frías nunca hacía calor. Se sentía limpio y bien cuidado. todo y los insectos se sienten como una consecuencia de la ubicación más que nada, pero algo a tener en cuenta. El espacio común es adorable, buena iluminación y sillas acogedoras y, por lo general, hay mucha gente tomando café gratis, siempre que haya un excelente restaurante al lado, cocina abierta y obtengas un 10 de descuento por hospedarte en la bandeja de salida. La ubicación es bastante céntrica con cafés, panaderías, un par de bares y restaurantes cerca a poca distancia, así como algunas actividades agradables como una cascada, la raíz, etc., la bandeja de salida puede organizar el transporte para ti. Recomiendo reservar con ellos. El personal también fue muy paciente, amable y servicial. Ana, recomiendo absolutamente alojarse aquí.",5,google_places_api,outbox inn,2026-02-18
"Nos encantó nuestra estadía en La Cusinga. Nuestra habitación era cómoda con una hermosa vista al mar. No hay aire acondicionado, pero el ventilador fue más que suficiente para una buena noche de sueño. La ducha carece de un poco de privacidad, pero la vista lo compensa. La propiedad está hermosamente mantenida y nuestras hijas se divirtieron nadando en el exclusivo lago de la jungla alimentado por un arroyo. El personal realmente hizo todo lo posible, incluso ayudándonos a reservar un fantástico día de playa donde intentamos surfear por primera vez. También nos encantó el restaurante con su increíble vista. Nuestro grupo de cuatro pidió una variedad de platos durante el desayuno. y la cena y la comida y el servicio fueron consistentemente excelentes, el personal incluso señaló los tucanes en la propiedad para colmo, la ubicación es perfecta, a solo un corto trayecto en auto de Uvita, para cuando quieras cenar en la ciudad, desafortunadamente llegamos demasiado temprano para las ballenas, pero aún así lo pasamos de maravilla.",5,google_places_api,hotel la cusinga lodge,2026-06-29
"Bonito jardín, habitaciones e interiores impresionantes, solo que las carreras de automóviles cercanas fueron súper molestas durante nuestra estadía de dos días.",5,google_places_api,guácima escondida,2026-04-04
un extenso menú con platos bien preparados de carne y pescado como foco excelente comida buenos cócteles y vinos,5,google_places_api,el novillo alegre cartago,2025-11-10
"Me encantó estar aquí. Excelente vibra por parte del personal y los huéspedes. Es muy fácil conocer a la gente. Me sentí como en casa, así que me quedé más tiempo de lo planeado. Además, la mejor ubicación cerca de la playa y el centro. Gracias. Seguro que regresarás.",5,google_places_api,eso santa teresa,2026-01-23
"Delicioso y nos dieron mucha comida, suficiente arroz para 3 personas. Muy delicioso y mucha carne de cerdo. También vale la pena visitarlo, una de mis comidas favoritas en Costa Rica.",5,google_places_api,chicharronera casamoto,2026-01-26
"Tuvimos una excelente experiencia en el hotel Gaia en Costa Rica. El personal fue excepcional, amable, atento y siempre dispuesto a ayudarnos a hacernos sentir realmente bienvenidos durante toda nuestra estadía. Las habitaciones eran espaciosas, hermosas e impecablemente limpias. Las vistas eran absolutamente impresionantes e hicieron que la experiencia fuera aún más especial. La comida era deliciosa y nos sorprendieron gratamente los precios asequibles de la cena considerando la calidad y el ambiente en general. Todo superó nuestras expectativas. Muy recomendado para cualquiera que busque comodidad. Excelente servicio. Vistas increíbles y una estadía memorable cerca de todas las atracciones.",5,google_places_api,gaia hotel and nature reserve manuel antonio,2026-05-24
"Me dejaron fuera de este albergue durante más de una hora por la noche a pesar de pagar debido a su personal no capacitado. Tuve un recorrido grupal de 1:00 pm a 10:30 pm, así que me registré y pagué todo a las 12:30 pm. La habitación no estaba lista, pero la recepción me dijo explícitamente que estarían allí cuando regresara a las 10:30 pm. No mencionaron que el albergue estaría cerrado y no me dieron la pulsera obligatoria necesaria para entrar cuando regresé. El guardia no me dejó entrar porque no tenía la pulsera. No hablaba inglés. Le mostré el recibo y aún así no me dejó entrar, dejándome varado afuera mientras mi equipaje y mi pasaporte estaban dentro del almacén. Después de una hora, finalmente accedió a traer a alguien del albergue. No había personal en el lugar, solo una coordinadora comunitaria fuera de servicio llamada Mónica, que dormía allí. su error, su actitud cambió por completo, me dejó entrar y le envió un mensaje de texto al gerente para averiguar en qué habitación se suponía que debía estar. Esto todavía tomó 30 minutos y mientras esperábamos, ella me dijo que ella es la creadora de la comunidad allí para hacer que los viajeros solitarios se sientan bienvenidos al escuchar que, si bien estar encerrado fue la experiencia más irónica que he tenido. Después de una hora y media, finalmente llegué a mi habitación. Me comuniqué con la gerencia sobre esto y su respuesta oficial fue, literalmente, lamentamos que no quiera quedarse aquí. No capacitan a su personal. No comunican las medidas de seguridad más básicas. protocolos y claramente no les importa si te dejan fuera. El albergue es nuevo, pero con esta administración el lugar comenzará a desmoronarse y seguramente ocurrirán accidentes. Echa un vistazo, el marco de la cama sobre la cama inferior ya está doblado. Imagínate si este tipo te tiene que tratar con su personal.",1,google_places_api,viajero la fortuna hostel,2026-02-13
"La cafetería perezoso no es una experiencia gastronómica sofisticada o elevada y no intenta serlo, es un lugar informal y relajado con un ambiente costarricense relajado y ofrece exactamente lo que se propone ofrecer. El ambiente al aire libre es cómodo y acogedor. El servicio fue amable y atento y todo se sintió fácil y sin pretensiones. agradable, la piña colada fue refrescante y dio en el blanco perfectamente para una tarde cálida. La comida salió rápidamente y los precios se sintieron muy razonables para la calidad y la ubicación, por lo que es un lugar informal y sin lujos para tomar una buena comida y relajarse. Hace un gran trabajo. Se cumplieron las expectativas en todos los ámbitos y es por eso que obtiene las 5 estrellas.",5,google_places_api,perezoso coffee house,2025-12-28
"Es la primera vez que me quedo en un albergue y superó mis expectativas. La habitación estaba limpia y la cama era cómoda. La señora que dirige el lugar fue muy servicial y servicial. Era tranquilo y las instalaciones de la cocina son excelentes. El café de la máquina y el té son gratuitos. Hay una estufa y un microondas. Si quieres cocinar, también tienen un bonito balcón donde puedes relajarte. La ubicación también es muy conveniente, ya que está a solo una corta distancia a pie de algunos restaurantes y del barrio chino. Recomendaría este lugar a cualquiera que busque un lugar barato y alegre donde alojarse. san josé",5,google_places_api,hostel shakti,2025-06-27
"Había reservado 3 noches pero al final me quedé por una semana. Es un lugar tan tranquilo, verde y hermoso. Luis es un anfitrión increíble con muchas recomendaciones excelentes y un ambiente realmente encantador. Me encanta lo mucho que se preocupa por este lugar para mantenerlo hermoso y cuánto amor también dedica a los dos dulces perros. La caravana en la que dormí era acogedora y muy limpia, con aire acondicionado, baño privado y una pequeña terraza al frente. También hay una cocina al aire libre muy bien equipada y limpia que es de uso gratuito. El lugar está ubicado en una pequeña calle lateral al lado de la carretera principal se llega a los restaurantes de la playa, tiendas de buceo, etc., todo en menos de 5 10 minutos en general, muy recomendable y me encantaría volver algún día.",5,google_places_api,hospedaje combi dream bird,2026-03-19
"Necesitábamos un lugar bastante cerca del aeropuerto después de llegar en un vuelo al final de la tarde. Cama cómoda, baño limpio y un buen desayuno. Había una piscina y un bonito espacio cubierto al aire libre.",5,google_places_api,uruka,2023-07-14
ventajas aire acondicionado ubicación tranquila cocina espaciosa buena relación calidad-precio personal servicial desventajas mi habitación olía a humedad los camareros simplemente entraron a mi habitación antes de la hora de salida sin llamar ni decir nada,4,google_places_api,nice place hostel,2024-01-06
"La comida era excelente, pero el lugar estaba completamente en silencio, no había música ni nada, además no tienen cerveza, lo cual es decepcionante después de una larga caminata.",4,google_places_api,soda la herencia mtv,2025-11-08
"De lejos, el mejor personal del hotel que he tenido. Nos cancelaron constantemente nuestro viaje fuera del hotel debido a que necesitábamos espacio para una silla de ruedas y nos ayudaron a encontrar alternativas, mientras tanto nos ofrecieron el uso de la piscina y los demás huéspedes fueron muy amables.",5,google_places_api,colours oasis resort,2026-02-11
"Mi restaurante favorito en Santa Teresa con la mejor vista y un personal maravilloso vino aquí tres de las seis noches que estuve en la isla. La burrata, el pescado entero y el filete de falda estaban deliciosos. Pablo detrás de la barra es genial y Juan también es encantador. Definitivamente regresaré la próxima vez que esté allí. Sin duda, la mejor vista del atardecer. Gracias.",5,google_places_api,brukas restaurant,2026-03-24
Nos alojamos aquí en el Spring Resort and Spa en La Fortuna por 7 noches. Mi familia y yo disfrutamos mucho de las instalaciones y el personal. Esteban Vargas fue absolutamente un empleado destacado. El sommelier y el camarero del restaurante Mikael también fueron excepcionales. José Gato Joe Byron Xinia también fue de primera categoría. El único aspecto negativo del viaje fue la constante tormenta de lluvia que empañó nuestro viaje. Gracias por una estancia relajante pura vida.,5,google_places_api,the springs resort and spa,2026-07-05
"este lugar es tan lindo, tienen una zona perfecta para sentarse al aire libre y el volcán está justo frente a ti, el café es delicioso, qué lindas son estas tazas, comimos un strudel de fresa y estuvo tan bueno que trajeron estas lindas galletas de mantequilla en forma de corazón en la casa, tan buenas. 10 10 Recomiendo esta cafetería",5,google_places_api,cafetería the village,2026-05-30
"Vaya, qué experiencia tan sabrosa. Soy vegano y no me sentí excluido en absoluto. Hay muchas opciones para comer y la comida era tan deliciosa y fresca. Pide un coco fresco también, así que valió la pena y el servicio fue excelente. John Carlos me saludó con una sonrisa amistosa y buena energía. 10 10 Lo recomendaría para el desayuno, el almuerzo o la cena, seguro.",5,google_places_api,sol del caribe,2026-06-02
"Increíble complejo, todos son increíbles, desde nuestro mayordomo hasta los camareros y la gente en el lobby que nos encantó todos los días, nos quedamos allí. Gerardo fue increíble, se aseguró de que todo iba bien y reservó nuestro día de ph spa. Josue y Johnathon fueron increíbles, también fueron educados y rápidos en traernos comida y bebidas a nuestra cabaña. Definitivamente recomiendo este complejo.",5,google_places_api,planet hollywood costa rica by royalton an autograph collection all inclusive resort,2026-05-28
"excelente restaurante con un personal increíble, tomé tostadas con mermelada, una bebida de limonada de menta y un gofre con fruta, la comida estuvo increíble, recomiendo mau s kape we a cualquiera que visite cahuita, hay muchas opciones veganas y vegetarianas aquí y la comida llegó muy rápido",5,google_places_api,cafeteria mau s kape we,2026-03-18
"Me encantó este lugar tan pronto como llegué allí, la zona es muy tranquila y la gente muy amable. Nuestra habitación era cómoda y la sala de estar y la cocina compartidas eran geniales. El baño era agradable y limpio. Muy recomendable. Sin duda repetiría. Gracias por su amor, cuidado y atención.",5,google_places_api,soul rebel hostel puerto viejo,2022-08-18
"La comida aquí fue increíble, la mejor porción de plátano que he probado en Costa Rica hasta ahora y la señora que dirigía este lugar fue increíblemente hospitalaria.",5,google_places_api,soda vista al cerro chato,2026-01-28
Ubicación increíble Personal maravilloso Hermosa piscina Cerca de todo a pie Me sentí muy tranquilo lejos de la calle Gracias,5,google_places_api,manalá hotel,2026-04-28
"La mejor experiencia de café que he tenido en cualquier parte del mundo. Tuve el placer de aprender y oler los diferentes granos que tienen. Luego observé cómo preparaban una infusión en una aeropress y me explicaron cada paso para que pudiera mejorar mi técnica en casa. No hace falta decir que el café era increíble, especialmente en la tienda, pero también se preparaba en casa. Gracias por compartir tus conocimientos y pasión.",5,google_places_api,rolling waves coffee,2025-12-23
"Me detuve aquí entre mi traslado al aeropuerto, realmente agradable, limpio y un excelente lugar para hacer trabajo remoto si es necesario.",5,google_places_api,el jardín liberia,2026-06-11
este lugar fue terrible tuvimos un brote de hormigas carpinteras y termitas en nuestra habitación las habitaciones nunca se limpian el colchón y la ropa de cama están sucios las piscinas estaban viscosas en el fondo no mires debajo de las camas la cantidad de insectos muertos geckos y suciedad te harán vomitar cuando te pidan que te trasladen a otra cabaña la gerencia se lo dio a otra persona en su lugar el asiento del inodoro estaba roto las lámparas no funcionaban los enchufes no funcionaban los dueños tienen siete chihuahuas que nunca dejan de ladrar la hija del dueño gastó todo tiempo quejándose del trabajo de su familia y de lo horrible que es el gobierno costarricense. Es uno de los peores lugares en los que me he alojado. El único lado positivo es que no hay gringos y está a solo unos minutos de kilómetros de hermosas playas deshabitadas.,1,google_places_api,hotel cabinas la playa,2020-07-08
Quiero comenzar agradeciéndole a Julian por el increíble servicio del camarero de primera categoría y le sugiero encarecidamente que lo solicite cuando venga aquí. Pedimos el carpaccio de ternera tártaro de ternera y el filete de hueso de buey añejo seco. La comida era 10 10. El ambiente era encantador y acogedor. Buena música de fondo y no demasiado ruidosa. Definitivamente lo recomiendo.,5,google_places_api,restaurante don luis monteverde,2026-03-03
"Bonito albergue con baño privado, cocina grande y limpia, accesible en todo momento, personal amable que se registró temprano y toallas y ropa de cama.",5,google_places_api,cowboy hostel,2026-06-12
"Comimos aquí como parte de una excursión de un día, comimos un plato tradicional de Costa Rica y pudimos elegir porciones de filete, pollo y pescado, perfectas y sabrosas, el personal es extremadamente amable y tiene una buena vista del océano al otro lado de la calle.",5,google_places_api,soda milagro y servicio a domicilio de gas,2022-03-25
"Servicio increíble, nos ayudaron a descubrir todo nuestro viaje, aunque no tienen un desayuno estilo americano estándar, tienen un café y productos horneados increíbles.",5,google_places_api,restaurante kalisi,2026-03-09
"Tuve una estadía encantadora en Cabinas Tito. Las habitaciones se limpian todos los días con un nivel muy alto. Los jardines son increíbles y vimos mucha vida salvaje. Lola, el perezoso. Ranas venenosas. Arañas doradas. Mariposas. Geckos. Las habitaciones son agradables, aunque es difícil mantener alejados a los mosquitos y las cucarachas con las ventanas con malla y hay algunos espacios en los marcos de las puertas, pero hay un mosquitero sobre la cama, así que está bien. Hay una agradable sala de estar afuera con café y algunas instalaciones para cocinar. La ubicación es perfecta. Está entre los bares de reggae y la ciudad principal, por lo que está a solo 5, 10 minutos a pie de la playa, restaurantes, bares, tiendas, farmacias.",5,google_places_api,cabinas tito,2024-03-31
"Hemos comido sushi en todo el mundo. Ohana estuvo fácilmente entre los 3 primeros. Tan fresco, tan sabroso.",5,google_places_api,ohana sushi tapas y bar,2026-07-10
"Mi esposo y yo nos hospedamos en el hotel Mavi y nos encantó. El propietario Max fue increíblemente servicial e informativo recomendando excelentes restaurantes y actividades. El hotel en sí estaba impecable y las habitaciones muy cómodas con una cama grande y un baño. El hotel tiene una hermosa piscina y está situado a poca distancia de la playa y de la ciudad, pero lo suficientemente lejos para estar tranquilo y pacífico. Había una gran terraza privada fuera de la habitación con vista a la piscina. El desayuno fue excelente. Ojalá nos hubiéramos quedado más tiempo.",5,google_places_api,mavi surf hotel,2026-03-02
"Lo visité el 27 de enero y, sinceramente, fue una experiencia terrible. Me encanta viajar por Costa Rica y siempre soy un huésped respetuoso, pero el trato aquí fue inaceptable. El personal fue grosero, usó lenguaje soez e incluso trató de cobrarme de más por un servicio básico. no se lo recomendaría a nadie",1,google_places_api,piramys life hostel dominical,2026-01-31
"Marisol y su familia fueron absolutamente maravillosos. Tienen una hermosa casa que ha sido renovada para brindar un lugar seguro para descansar entre visitas a la playa y muchos restaurantes maravillosos, un poco fuera de lo común, pero perfectos si viajas con un presupuesto limitado, a menos de 15 minutos a pie del corazón de Samara.",5,google_places_api,lodge mar y sol,2021-07-05
albergue muy cerca del aeropuerto sjo las dos encantadoras damas fueron increíblemente amables y serviciales la habitación en sí está limpia y las camas son extremadamente cómodas después de un largo vuelo recomendaría encarecidamente este maravilloso lugar,5,google_places_api,hostel mitamon,2019-07-21
"Tuvimos una estancia estupenda en el hotel porque no, está escondido en una calle lateral de Uvita, pero se siente cerca de todo y se puede ir andando a la playa. El hotel y la zona son tranquilos. Luis y Katie son muy hospitalarios y el aire acondicionado funcionó muy bien. No cocinamos ninguna comida mientras estuvimos allí, pero tomamos bebidas y bocadillos en el área común un par de veces y guardamos algo de comida en el refrigerador. No pudimos entrar a la piscina, pero se veía bien.",5,google_places_api,hotel por qué no,2026-05-06
"para decir que afirman que este es un restaurante de barbacoa, una gran extensión, las costillas ni siquiera estaban ahumadas ni siquiera tenían la presencia de un sabor ahumado, las costillas se hornearon en un horno apenas a temperatura y masticables con 90 de grasa y cortadas al perfil de costilla corta, el cerdo desmenuzado no tenía sabor a humo y sabía masticable nuevamente, tienen un ahumador grande en la parte trasera, pero no hay nada en su ahumador más que madera, si quieres una verdadera barbacoa, este no es tu lugar.",1,google_places_api,buzzed monkey bbq grill,2026-02-26
muy limpia gran cama,5,google_places_api,cabinas villa del sol,2019-09-13
"Mi esposa y yo nos hospedamos aquí por 2 noches recientemente y quedamos muy impresionados. Los anfitriones Gianluca y Mia son absolutamente maravillosos. Se nota que esto es un trabajo de amor para ellos y pusieron todo en ello. Fueron muy comunicativos y en general tuvimos la sensación de que querían que nuestra estadía fuera lo más exitosa posible. en el menú y todo estuvo genial, la ubicación está muy cerca a 100 m de la playa grande, así que íbamos allí a menudo para darnos pequeños chapuzones por la mañana o por la noche. La propiedad es extensa, es muy agradable y realmente sientes que estás en la naturaleza.",5,google_places_api,playa grande lodge tree house,2024-01-22
Increíble servicio de comida y ambiente. Alanis fue nuestra camarera y fue muy dulce. Lo recomiendo encarecidamente.,5,google_places_api,morpho coffee,2026-06-15
comida deliciosa y excelente servicio nuestra camarera marilu fue súper amable atenta y se aseguró de que tuviéramos todo lo que necesitábamos todo lo que pedimos estaba delicioso,5,google_places_api,café tico,2026-07-09
Edwin fue uno de los mejores anfitriones que hemos conocido hasta ahora. No teníamos reservas y pudimos encontrarlo en el lugar muy relajante con todas las ventanas abiertas en los árboles. Trae una chaqueta ligera. Hace mucho más frío aquí. Seguro que también hay suficientes utensilios de cocina para preparar tu propia comida si quieres.,5,google_places_api,monteverde jungle living tree houses,2025-06-18
la vista es muy hermosa el jardín es hermoso las habitaciones están limpias hay una lavadora y secadora,5,google_places_api,casa aquiares lodge,2021-10-16
"Katty es la anfitriona más maravillosa de Costa Rica. No hay palabras para describir la calidez y la dulzura. La casa está súper limpia, es hermosa y tiene una ventana mágica.",5,google_places_api,hospedaje flor de katty,2026-01-18
"Tuvimos una excelente estadía aquí. El bungalow es un espacio único, que es exactamente la razón por la que lo elegimos. Está escondido de la avenida principal, lo que lo hace mucho más tranquilo y al mismo tiempo está convenientemente ubicado. La cama era muy cómoda y realmente disfrutamos desayunar en la terraza por las mañanas. También tuvimos el placer de conocer a la propietaria Shannon, quien fue increíblemente amable y amable. Realmente apreciamos que nos permitiera guardar nuestro equipaje en su oficina, lo cual fue de gran ayuda.",5,google_places_api,the beach bungalows tamarindo,2026-01-27
"Es cierto que no soy muy aventurero cuando se trata de comida india y más o menos me atengo a mis cómodos conceptos básicos, pero puedo decir que todo lo que he comido aquí ha sido delicioso y tiendo a pedir y comer en exceso el pollo tikka trío samosas punjabi pollo tandoori el pollo nilgiri korma y, por supuesto, los naans son excelentes, el servicio es atento y amable y su espacio es bonito y acogedor. Se lo recomendamos a todos nuestros amigos e invitados en villa amor azul en ocotal.",5,google_places_api,naans curries an ethnic indian restaurant coco,2025-12-28
"este era un lugar genial, las habitaciones estaban bien, limpias, el servicio fue excelente, hicimos su tour de canopy y el personal fue increíble y súper amable, el desayuno buffet también era bastante bueno, las piscinas y los restaurantes tenían un excelente ambiente, el personal y la comida era buena, las piscinas de aguas termales eran pequeñas pero muy acogedoras y tenían música relajante, lo que lo hacía aún más relajante.",5,google_places_api,hotel arenal paraíso resort spa,2026-03-21
"Mi novia y yo nos alojamos aquí por dos noches de nuestro viaje de 14 días por carretera por Costa Rica y desearíamos habernos quedado allí al menos una semana. La ubicación es muy conveniente, justo al lado de una carretera pavimentada y a 30 minutos de varias playas hermosas. La propiedad es muy hermosa y tranquila, con inmaculados árboles bonsais que aumentan el encanto. El personal es muy amable y servicial. Ofrecen una variedad de experiencias como paseos a caballo, recorridos en vehículos todo terreno por el rancho y próximamente practicarán tirolesa. Tienen un bar en la piscina y un delicioso restaurante que le permite Aprovecha tu día al máximo y vuelve a la comodidad.",5,google_places_api,hacienda la norma,2025-01-25
"Me alojé aquí por una semana con un grupo grande de amigos y nuestras familias. Había una maravillosa flora y fauna alrededor de las cabinas. Vimos monos, pájaros, ranas y mucho más. Todo fue genial y Sofía y Martín fueron muy útiles para organizar lo que necesitábamos. Las cabañas estaban limpias y con un buen suministro de toallas y sábanas. La piscina y las áreas compartidas eran geniales. Las cabinas están cerca de Playa Negra y a 15 minutos a pie de la ciudad. Tuvimos una estadía maravillosa. Gracias Sofía y Martín.",5,google_places_api,cabinas iguana cahuita,2023-08-07
"ingresas a través de un gran y hermoso atrio de mariposas educativo y luego te diriges al antiguo fuerte para aprender cómo y por qué el país disolvió su ejército en 1948, una simplificación excesiva pero en parte por la seguridad de su propia gente, dadas las formas autoritarias en que a menudo se usaban los militares en América Latina en ese momento, y para invertir esos recursos en educación, atención médica y desarrollo económico. Encontré exhibiciones sobre la profunda historia indígena, el uso de materiales de construcción antiguos y las artes con un enfoque especial en los 350 curiosamente casi perfectos. esferas de piedra precolombinas repartidas por el paisaje de la región, luego hay contexto e historia sobre el desastre de múltiples capas de la colonización, mi frase no es la de ellos y, finalmente, un ala del museo estaba dedicada a la historia moderna para entonces mis pies eran pandas tristes, así que tendré que regresar y tomar esa sección más despacio la próxima vez. Hay tanto que ver y aprender que vale la pena dedicarle tiempo.",5,google_places_api,museo nacional de costa rica,2026-04-09
"Qué experiencia, el tour de rafting wsd realmente el equipo del siguiente nivel nos hizo sentir seguros y sentimos que ellos también lo disfrutaron. Si quieres hacer rafting, este es definitivamente el lugar para ir. También hacen 15 km en lugar de los 8 km que hacen otras compañías gracias a nuestro guía capitán de nuestra balsa, Gerald.",5,google_places_api,aventuras del sarapiquí,2026-07-11
"Realmente disfrutamos nuestra estadía en el departamento trasero de William. El departamento estaba limpio, era cómodo y era la base de operaciones que necesitábamos para explorar Quepos y Manuel Antonio. Hay un gran supermercado a la vuelta de la esquina, así como varios restaurantes fantásticos. William fue un anfitrión excelente y receptivo. Gracias por presentarme a Cas William.",5,google_places_api,casa quepos,2024-10-20
"Mi pareja y yo, ambos de Inglaterra, disfrutamos mucho de la barbacoa para dos y de las cervezas con sabor local. El servicio fue rápido y muy atento. Definitivamente vale la pena una visita.",4,google_places_api,mariajuana restobar tamarindo,2025-12-09
"no contestaron el teléfono en todo el día ni respondieron correos electrónicos míos y del agente de viajes al llegar, su recepción las 24 horas no existía y la puerta estaba cerrada con llave y nadie respondió al timbre o al teléfono nuevamente después de caminar hacia otro hotel. La recepción de la otra chica me preguntó si mi experiencia fue en este hotel y dijo que sí. A menudo cierran las puertas con llave y se van a casa cuando se han agotado.",1,google_places_api,hotel alajuela costa rica airport,2026-02-25
"Muy recomendable, comimos el atún del Pacífico con aguacate, mango y salsa de soja, que fue el mejor plato que probamos en Costa Rica. También comí la sopa azteca, que también era muy buena. Creo que las comidas en este restaurante eran mejores que las de otros lugares más caros.",5,google_places_api,vista verde restaurant,2026-02-01
el mejor desayuno en puerto viejo en cuanto a relación calidad precio tienen excelente bollería recién hecha y sus croissants cremosos estaban deliciosos,5,google_places_api,pan pay,2025-03-18
"muy buen café recién hecho en este lugar, tuestan sus propios frijoles en casa, también almorzamos, la comida era decente, Alfredo estaba bien y la quesadilla estaba un poco grasosa, pero el sándwich de pollo al pesto era bueno, los postres también eran increíbles aquí.",4,google_places_api,choco café restaurante y cafetería,2026-02-23
muy buenas empanadas de carne grandes porciones de comida excelente ambiente cerca de la entrada al mercado central de Heredia en el lado este,4,google_places_api,soda d licuoss mercado municipal heredia,2021-11-28
"Dejan que la gente te pise las toallas y la ropa y te llaman mentiroso. Es un lugar agradable, pero puedes encontrar algo mejor. El dueño es amable, pero elegirán el lado de la persona que dice que no hizo nada. Recomiendo otro lugar para evitar problemas. Tampoco es lujo y la playa está sucia.",1,google_places_api,claudio gloria beach front rooms,2025-12-08
"Nuestra experiencia en el brunch de coyote fue increíble, los propietarios fueron muy amables y serviciales, nos dieron excelentes recomendaciones y la comida era muy fresca y deliciosa. Lo recomiendo encarecidamente.",5,google_places_api,coyote brunch,2026-07-03
"Qué experiencia tan fantástica Casa Swell es el hotel boutique más impresionante de Santa Teresa, perfectamente ubicado cerca de la avenida principal. Este hotel está a pasos de la playa y de los restaurantes. Las habitaciones eran muy hermosas y limpias y las camas fueron las mejores camas que he tenido. El gerente del hotel fue genial. Todo lo que necesitaba fue capaz de hacer todo lo posible para ayudar. Recomiendo encarecidamente este hotel a cualquiera que busque una experiencia de lujo en Costa Rica. Volveré cinco estrellas.",5,google_places_api,casa swell boutique hotel,2025-03-04
"Hay muchas cosas increíbles que decir sobre esta joya, a un minuto a pie de la playa y de los supermercados, el personal es muy amable y servicial, las habitaciones están limpias, las camas son cómodas y la cocina que tenía venía con todo lo que necesitaba. La piscina es hermosa y el gimnasio está bien equipado. El área de la cocina al aire libre es completamente nueva y es un lugar agradable para sentarse y pasar el rato. Volveremos el próximo año.",5,google_places_api,nosara hotel playa garza,2025-11-24
"uno de mis lugares favoritos en santa teresa para ver la puesta de sol. No tenía reserva, pero aún así logré conseguir una mesa y tuve el mejor camarero llamado juan. Tenía un menú de parrilla prefijo. La comida era buena, aunque no la mejor que he probado, pero lo que hizo que esta noche fuera especial fue la banda y la música que tocaron. Una vista fantástica. Definitivamente recomiendo Shambala como un lugar perfecto para una cena romántica. Dejé 100 con una gran propina y valió la pena.",5,google_places_api,restaurante shambala santa teresa costa rica,2026-04-09
lugar tranquilo para tomar una copa y relajarse en 1 de los 2 bares de resto. También hay un restaurante llamado Northern que está a poca distancia y que es bueno.,5,google_places_api,playa piuta,2023-11-18
"excelentes nachos tal vez los mejores que hemos probado servidos en una hoja de plátano servicio muy amable buena ubicación baños limpios muy recomendable ah y prueba sus salsas picantes muy, muy buenas",5,google_places_api,blue zone brewery,2026-05-26
lugar tranquilo hermosa vista y muy buena comida,5,google_places_api,vista al río,2026-03-02
"Podría haberme quedado aquí por una semana. Tenía una habitación encantadora con un pequeño balcón con vistas al bosque. Había monos y pizotes en los jardines. Hay una pequeña piscina con suficientes tumbonas alrededor. El restaurante tenía comida deliciosa a un precio razonable para un hotel. El conserje organizó una gran visita a la reserva de Monte Verdi con taxi en ambos sentidos. Es fácil caminar hasta la ciudad, pero cogimos un taxi de regreso a la colina.",5,google_places_api,monteverde lodge and gardens,2026-03-16
"Si pudiera dejar una estrella, primero que nada, no dejo comentarios aquí en mi luna de miel. Pagué extra para decorar la habitación. Lo trajeron a la habitación a los 5 minutos de caminar en la habitación. Apestaba como aguas residuales. La ducha estaba llena de moho. Bajé las escaleras y pasé la primera hora y media de mi viaje aquí discutiendo con el personal del hotel para obtener un reembolso. Cathy dijo que podía reembolsar el resto del viaje, pero tuve que pagar por esta noche y luego nos colocó en otra habitación. piscina para calmar mi irritación, pero tampoco puedes relajarte allí debido a la construcción que está activa directamente al lado de la habitación del hotel hace un calor increíble ya que no dejan el aire acondicionado encendido a menos que tu llave de check-in esté cerca de la puerta mientras estamos sentados en nuestra habitación. Aquí nada después de cierta hora. Pésimo hotel. Gracias por arruinar la luna de miel.",1,google_places_api,wyndham tamarindo,2026-07-01
"Nos alojamos en Villas Suwa por 4 noches. La ubicación es perfecta. Estás justo en la ciudad. Puedes caminar a todas partes, pero esta propiedad te hace sentir a kilómetros de todo. Se siente como un jardín secreto en la jungla. Las habitaciones son pequeñas pero acogedoras. La cocina compartida es maravillosa y las 3 lavadoras y secadoras disponibles para tu uso son perfectas para lavar la ropa sucia después de pasar el día caminando y aventurándote. Nos encantó quedarnos aquí porque sentí que mejoró nuestro primer viaje a Costa Rica. Definitivamente lo recomendamos. Realmente no tengo nada negativo que decir.",5,google_places_api,suwa villa arenal,2026-05-03
delicioso,5,google_places_api,la tejareña,2020-02-23
"Tuve una experiencia realmente maravillosa con Gran Gavilán. Han creado un albergue tan tranquilo y cuidadosamente seleccionado que muchas especies diferentes de animales se sienten cómodas en los alrededores, desde colibríes hasta monos perezosos y varios tipos de mariposas halcón y ranas. Las habitaciones son perfectas para una experiencia de este tipo. El restaurante es maravilloso. Disfruté cada comida durante una estadía de una semana. La calidez y el cuidado del personal aquí y la atención a las necesidades de los huéspedes fueron excepcionales. Te sientes parte de la familia.",5,google_places_api,gran gavilán del sarapiquí lodge,2026-02-05
"¿Quién hubiera pensado que encontraría un increíble restaurante mediterráneo en Costa Rica? Este lugar es una joya con casi todos los alimentos básicos de la cocina mediterránea. Muchas opciones vegetarianas. Además, los tamaños de las porciones eran generosamente grandes y todo sabía delicioso. Varias opciones de salsas, aunque en su mayoría es autoservicio. El personal siempre estuvo disponible y fue servicial. Reponían constantemente la barra de ensaladas para asegurarse de que estuvieran abastecidas las verduras más frescas.",5,google_places_api,manuel antonio falafel bar,2026-04-09
"Uno de los mejores cafés que he probado. Jorge es un excelente servicio de barista, muy amable.",4,google_places_api,café blue,2023-03-08
hermoso,5,google_places_api,mi lindo sarapiquí,2019-05-25
"somos fue una gran experiencia de principio a fin, la comida fue increíble, cada plato se sintió cuidadosamente elaborado y lleno de sabor. Un agradecimiento especial a nuestra camarera Javiera, quien hizo que la noche fuera aún mejor. Ella fue muy atenta, genuinamente amable y se aseguró de que tuviéramos todo lo que necesitábamos sin sentirnos apurados. Un servicio como ese realmente eleva una comida, definitivamente es un lugar al que volvería.",5,google_places_api,the somos restaurant,2026-05-01
Fuimos a desayunar aquí fue una gran experiencia la comida fue excelente Victor quien sirvió la comida fue paciente con nosotros genial para hablar y ver no hay nada mejor,5,google_places_api,pico bistro tamarindo,2025-12-29
"Un pequeño rincón del paraíso. La comida es muy buena. El lugar es auténtico y encantador. Los niños fueron bienvenidos y les encantó el parque infantil. Excelente contacto con el propietario, amable, servicial e interesante.",5,google_places_api,la morenita restobar vivero,2026-05-11
Desayuno aquí varias veces a la semana. El burrito de desayuno de Miami y las tostadas fench son geniales.,5,google_places_api,casa vieja,2026-05-10
"Ordené el carpaccio. Recibí un bistec fino y parcialmente cocido. No tenía una textura ni un sabor agradable. Este es el segundo lugar. Por lo general, la pasta es decente y la pizza es comestible. No estoy seguro de que la masa sea masa de pizza. Creo que ambos lugares preparan el plato de esta manera. Nos detuvimos en el carpaccio. Quiero que los lugares sean honestos acerca de su comida. Llámelo como es. Filete machacado y cortado a mano ligeramente cocido por alguna razón y arrojado sobre una ensalada. Solo comimos el pan y el parmesano. Nos llevaremos la porción de carne a casa para las mascotas en total. una copa de vino, una margarita y el plato de carne vinieron para actualizar mi reseña. He viajado mucho y puedo confirmar que esto no es carpaccio. Por favor, no me enciendan el gas. Adjunto fotos como referencia de Roma a Barcelona. Esto no es carpaccio y usted mismo lo confirmó cuando dijo que está parcial o ligeramente cocido. No, no necesito preguntarle al camarero o claramente al respondedor. Es una vergüenza porque es una mentira para los ticos y los extranjeros que visitan.",1,google_places_api,verde salvia ristorante playas del coco,2026-05-02
"cena perfecta frente al mar con una increíble vista del atardecer comida increíble a un precio asequible el servicio de comida y el entorno fueron tan buenos que fuimos 2 días seguidos probamos el bistec servido en una roca volcánica a 500 grados, está delicioso",5,google_places_api,restaurante coco loco,2026-04-07
"la hamburguesa con queso normal era fantástica, el pan estaba tostado, la carne estaba hecha en casa y las papas fritas sazonadas maravillosamente eran geniales, el panqueque de plátano viene con buena fruta, el personal fue atento y amable, también había un DJ en vivo que también tocaba la flauta.",5,google_places_api,refugio tamarindo,2026-02-01
deberían limpiar la piscina,4,google_places_api,hotel oasys del caribe,2020-11-30
"Tuve una experiencia maravillosa alojándome aquí. El anfitrión, Christopher, fue muy amable, amable y servicial. La ubicación está perfectamente situada entre la ciudad y la playa, brindando acceso a todo lo que Dominical tiene para ofrecer. Tienen habitaciones limpias, una bonita zona de piscina, cocina compartida y wifi en las zonas comunes. Nos permitió terminar el trabajo de forma remota. Lo recomiendo encarecidamente si busca un ambiente relajado en una gran parte de la ciudad.",5,google_places_api,cabinas antorchas,2022-02-05
"la habitación no estaba limpia cucarachas y hormigas la ubicación estaba bien ya que hay un excelente lugar para comer justo al lado, pero realmente no recomendaría este albergue",1,google_places_api,tsunami hostel tamarindo,2026-03-05
"Si valoras la limpieza y la seguridad, entonces este lugar no es para ti, es un buen precio, la ubicación es excelente, el propietario es amable, pero puede ser peculiar, está muy deteriorado, no hay cortinas en las literas. Estuvo allí durante 5 días y vi muy poca limpieza. La cocina es pequeña. El espacio para pasar el rato es pequeño y sucio, también hay aire acondicionado en las habitaciones todo el tiempo, lo cual es una bendición.",2,google_places_api,soul rebel hostel puerto viejo,2024-03-29
"Tuvimos lo que parece ser uno de los mejores helados de Costa Rica. Aquí en realidad es un helado estilo italiano, pero aun así fue fácilmente el mejor helado que probamos en Costa Rica. Había una gran selección de sabores muy sabrosos, todos ellos ricos y bien equilibrados. En general, fue una experiencia fantástica y definitivamente vale la pena detenerse si estás cerca.",5,google_places_api,gaucha norte,2026-04-28
"Esta fue una de las mejores experiencias gastronómicas que he tenido en todos mis viajes y en casa, creativa, reflexiva e innovadora, fue para nuestro 29 aniversario y se cumplió. Lo recomendó nuestro agente de viajes y estoy muy contento de haber seguido su consejo. No es económico, pero por la comida que experimenta vale cada centavo. Nuestro camarero fue muy atento y explicó cada plato exquisitamente, así como nuestro maridaje de vinos. No tengo gluten y me acomodaron maravillosamente. Hicieron una pequeña celebración cursi con una estatua de la novia y el diablo con bengalas. Después de 6 platos con vino, ¿por qué no pura vida? Estoy en el negocio hotelero y compartiré estas fotos con nuestros chefs.",5,google_places_api,san lucas treetop dining experience,2026-03-21
Quedé muy satisfecho a pesar de que solo fui como invitado. Ambiente muy acogedor y buen servicio. Definitivamente lo recomendaría a aquellos que buscan precio-rendimiento.,5,google_places_api,restaurante cocori y hotel playa bonita,2024-05-25
"Mi familia de 4 personas, dos adultos y dos niños de 9 y 12 años, cenaron aquí una noche mientras estábamos de vacaciones en La Fortuna. Nuestra cena en este restaurante fue buena y agradable. Nuestras comidas fueron buenas, no excelentes, pero sí buenas. Fue un poco caro para lo que obtuviste, pero fue un lugar realmente agradable. Creo que estás pagando principalmente por un lindo lugar popular y moderno en lugar de una excelente comida y servicio, lo que dijo que me alegré de haberlo comprobado. Es un lugar realmente agradable que tiene tantas pequeñas características hermosas. Definitivamente es bueno si quieres tomar algo lindo. fotos",4,google_places_api,restaurante fortuneño,2026-06-11
"muy amigable, rápida y linda vista a la basílica de los ángeles y comida deliciosa",5,google_places_api,cafetería d mona,2026-07-19
"excelente ubicación cerca de la playa manuel antonio 2 3 minutos en auto técnicamente a poca distancia si eres más joven habitaciones muy bonitas personal increíble danny nos ayudó con todo lo que necesitábamos excelente precio relación calidad-precio en la habitación la comida y las bebidas eran excelentes, a poca distancia caminando y conduciendo de muchos restaurantes excelentes alrededor del hotel la piscina está limpia y es relajante al final de la noche",5,google_places_api,hospedaje colibri,2026-01-17
mi cafetería favorita muy buen servicio deliciosos sándwiches y helados artesanales buenos precios menos de 10,5,google_places_api,tutti bom,2017-05-13
"Bonito lugar con excelente ubicación, a pocos kilómetros de Puerto Viejo, en el centro de la ciudad, ubicación privada con cómodas habitaciones, aire acondicionado y precio justo.",4,google_places_api,blessed house puerto viejo de talamanca,2018-05-12
"Todo el hotel estaba muy limpio. Una hermosa playa está a unos minutos a pie. Tome un paseo en bicicleta hasta la reserva natural y tiene un excelente ambiente de ciudad pequeña. Restaurantes increíbles y Puerto Viejo está a un corto trayecto en auto. Excelente piscina, aire acondicionado y wifi.",5,google_places_api,the beach house cahuita,2021-01-16
"Vaya, esta tienda fue un hallazgo tan emocionante en mi reciente viaje de observación de aves en Turrialba. Fue muy refrescante encontrar una tienda bien surtida con ofertas locales y orgánicas. Las empanadas de café, los sándwiches y batidos de desayuno no decepcionaron. Su selección de bebidas especiales fue muy impresionante. Asegúrese de revisar las cenas de la granja a la mesa que se ofrecen en la ubicación de su granja. Fue una experiencia hermosa.",5,google_places_api,comunidad blanco negro,2025-01-14
"Este es, con diferencia, el mejor restaurante en el que he estado en Costa Rica. El chef cocina con un pedigrí que hasta ahora no he visto comparable a nada en la ciudad. No puedo recomendar este lugar lo suficiente. El pargo rojo con salsa de curry es imprescindible.",5,google_places_api,soda shekiná puerto viejo,2024-04-21
gran desayuno,5,google_places_api,soda la hulera,2024-04-07
"este lugar es increíble lomar y lesley fueron guías increíbles este lugar es tan hermoso las cascadas la naturaleza y el almuerzo fue todo pura vida lomar tiene un gran sentido del humor y nos tranquilizó a todos su atención a la seguridad y la diligencia para mantenernos a salvo nos hizo capaces de relajarnos y disfrutar de la tarde personalmente lomar me ayudó a superar el miedo de saltar 15 pies en un charco de agua fue tan amable y paciente que fue la primera vez para mí, nos dieron de comer un bocadillo de pollo con arroz, plátanos y ensalada. No sabíamos esto antes de venir. No teníamos mucha hambre, pero quemarás muchas calorías, así que come. Fue una experiencia increíble. Nos reímos, jugamos y queríamos más. Éramos un grupo de 6 personas con edades comprendidas entre 45 y 55. Todos activos. Esta no es una experiencia fácil, pero debes probarla si buscas guías increíbles. Atención a la seguridad y mucha diversión.",5,google_places_api,costa rica waterfall tours,2026-01-23
"relativamente cerca de la playa, el desayuno era bastante bueno, con un personal atento. La piscina se veía bien, pero nunca pude probarla. También hay una mesa de billar y una mesa de tenis, lo cual fue bueno. Nuestra habitación olía a desagüe todo el tiempo que estuvimos allí, lo que lo hizo realmente desagradable. La habitación estaba muy oscura y solo había ventanas en el baño.",4,google_places_api,terrazas del caribe hotel,2026-02-01
"Tengo un viejo amigo que comparte conmigo una buena hamburguesa para nuestros cumpleaños, así que podemos elegir dos buenos lugares para comer hamburguesas cada año. Esta vez elegimos comida caklejera y no nos decepcionó. Dos buenas hamburguesas y papas fritas, de buen tamaño y sabor, estaban cargadas con excelentes ingredientes, salsas y, en general, una experiencia agradable por el precio de una hamburguesa en McDonald's. Volvería en cualquier momento.",5,google_places_api,comida callejera xl heredia,2024-10-30
"Mi esposo y yo recientemente nos quedamos con ella por 6 días y nos encantó. Los bungalows son muy lindos, están bien diseñados, son funcionales y limpios. Los bungalows están a unos 7 minutos en auto desde el tramo principal de Santa Teresa. Fue realmente agradable estar fuera del bullicio de la ciudad, pero aún así muy cerca. También disfrutamos de una deliciosa cena en el restaurante adjunto con comida local costarricense.",5,google_places_api,makanas beach bungalows,2026-03-19
mi plato de mariscos estuvo excelente. Disfruté de este restaurante sencillo pero delicioso al lado de la playa. Los precios no son caros. Se acepta una gran variedad de bebidas y comida.,5,google_places_api,soda brasilito,2026-03-25
excelentes precios excelentes porciones comida costarricense realmente deliciosa no esperes decoraciones ni b s este es un restaurante eficiente con sabores auténticos estilo buffet costo por porción buen estacionamiento en el lugar el personal es amable y servicial hay que probarlo en el área prueba sus costillas y su auténtico chilero,5,google_places_api,soda garabito,2026-01-27
"El personal fue servicial. La habitación estaba un poco sucia. Parecía como si fuéramos los únicos huéspedes. El desayuno está incluido, pero consiste solo en tostadas con mantequilla y mermelada, una manzana insípida y café aguado. Todo se parece un poco a hace 40 años. Está bien para una noche, pero hay alternativas mejores y más económicas.",3,google_places_api,hotel valladolid,2022-04-27
lugar divertido para disfrutar,5,google_places_api,hotel cabinas y piscinas el ensueño,2022-12-24
"Este es un bungalow realmente fantástico con una bonita cocina, el wi-fi es fantástico y la ubicación es agradable y tranquila. La bienvenida podría ser un poco mejor y el desayuno era bastante limitado.",4,google_places_api,hotel luz de luna,2026-05-16
"la ubicación es hermosa, villas privadas, habitaciones limpias, personal rápido y profesional justo en el medio de Santa Teresa, a poca distancia de la playa, se recomienda el paseo en vehículo todo terreno para la colina empinada, también más divertido. Fernando fue una estrella de rock absoluta. Todo lo que necesitábamos, nos ayudó a acomodar desde el servicio de transporte hasta el alquiler de vehículos todo terreno y más allá. Fernando fue una joya absoluta de una persona muy dulce, amable y carismática. La definición de hospitalario. Recomiendo esta propiedad a cualquiera que busque una estadía divertida que esté lo suficientemente cerca de la acción pero escondida en la cima de una colina para un Hermosa vista, la piscina profunda y el servicio al huésped de Fernando fueron lo más destacado de nuestra estadía.",5,google_places_api,selva boutique resort costa rica,2026-06-07
una oportunidad increíble para combinar diversión y vida silvestre hicimos el vuelo de la tirolesa de tucán y fue simplemente increíble no esperábamos ver tanta vida silvestre es una oportunidad increíble para caminar 30 minutos en una antigua plantación de cacao ahora santuario privado de animales hasta la jungla para descubrir todo tipo de animales vimos carpinchos comedores de hormigas muchos perezosos escuchamos monos pero no los vimos y una increíble variedad de aves nuestros guías roy y jorge fueron simplemente increíbles explicando absolutamente todo lo que aprendimos son geniales y están dispuestos a explicar todo sobre la tirolesa la seguridad es una prioridad número uno para ellos tienen 7 tirolesas son geniales para todos los niveles algo para señalar es que vimos más animales aquí que en el parque nacional manuel antonio fuimos sin guía después de esta experiencia sentimos que manuel antonio estaba sobrevalorado por la vida silvestre ya que verás más animales temprano en la mañana a las 8 am y más tarde en la tarde definitivamente regresaremos y nos quedaremos en sus cabañas ecológicas para explorar aún más y caminar en su playa. No tuvimos tiempo. visitar,5,google_places_api,hacienda barú lodge,2026-04-11
"Los cafés y batidos helados más sabrosos que encontrará en cualquier lugar, es un negocio familiar y tanto los clientes como los lugareños lo harán sentir bienvenido. También pruebe lo que tengan para el especial del día. El chifrijo es increíble. Muy recomendable para una verdadera experiencia gastronómica en Alajuela.",5,google_places_api,soda el banco,2021-06-23
hermoso lugar un pedacito de paraíso la mejor ubicación en jacó en mi opinión tranquilo extremo sur de la playa a minutos de la avenida principal puedes caminar directamente a la playa desde el hotel los propietarios son súper tranquilos y sensatos todo el personal fue muy amable y profesional,5,google_places_api,jaco laguna resort beach club,2026-07-10
"hermosa puesta de sol, muchos animales, sin embargo, no deberían haber estado alimentando al saino, parecían haberlos atraído fuera del bosque con vistas de la comida, eran increíbles, aunque estábamos en el séptimo nivel y fue increíble. La piscina se describe como cubierta, pero tiene solo 3 paredes y un techo. En mi opinión, es más al aire libre, lo cual es mejor.",5,google_places_api,el establo mountain hotel,2026-03-25
"Tuve una estancia maravillosa en este albergue Cecilia, la dueña fue increíblemente acogedora e hizo que todo se sintiera como en casa Eric en la recepción, Michael y Cala en el bar y todo el personal fue amable, servicial y me sentí como en familia. Extendí mi estadía porque me sentí muy cómodo. El albergue está muy limpio y está perfectamente ubicado justo en frente de la playa y cerca del centro de la ciudad. Muy recomendable.",5,google_places_api,agapi beachfront hostel boutique,2026-05-02
"Tuve una estadía increíble en este hotel y lo recomiendo encarecidamente a cualquiera que visite manuel antonio. La ubicación es perfecta, a pocos pasos de la entrada del parque nacional manuel antonio, así como de los hermosos bares y restaurantes de la playa. No podría ser más conveniente para explorar y disfrutar el área. El personal de recepción siempre fue amable, acogedor y listo para ayudar con cualquier solicitud. Su actitud positiva hizo que la experiencia fuera aún más placentera. Las habitaciones estaban muy bien mantenidas con gran atención al detalle, lo que garantiza una estadía cómoda y relajante. El baño estaba completamente equipado con todo lo necesario, lo que se suma a la comodidad general. Uno de los aspectos más destacados fue La piscina y el área de solárium son absolutamente perfectos para relajarse después de un día de aventuras. El desayuno también fue muy bueno con una variedad de opciones para comenzar bien el día. En general, este hotel superó mis expectativas y lo recomendaría a cualquiera que busque un lugar fantástico para alojarse en Manuel Antonio.",5,google_places_api,hotel villabosque eco boutique,2025-02-08
"Este fue nuestro segundo hotel en el que nos alojamos durante nuestro viaje, fue decepcionante venir de una suite grande en Arenal a una habitación estándar sin ventanas, excepto la entrada, sin embargo, la cama era muy cómoda y la ropa de cama muy bonita, el área de la piscina era única, estaba cubierta y el techo estaba cubierto de plantas falsas pero agradable ambiente, fue genial para mi piel pálida y la de mi esposo, no tuvimos que untarnos con protector solar, el desayuno estaba incluido en la habitación y tenía una buena variedad de artículos y mi nuevo amor, salsa linzano, el personal fue relajado y realmente no parecía estar muy atento y todo era autoservicio el camarero en la piscina era eficiente pero no tenía mucha personalidad o interacción comí la ensalada del mismo nombre y fue muy buena el restaurante del hotel que visitamos para cenar en nuestra primera noche estaba delicioso dividimos el chuletón y era mantequilla nuestro camarero fue acogedor y ofreció sus recomendaciones la accesibilidad para peatones fue fantástica",4,google_places_api,hotel spa poco a poco,2026-03-21
"Fuimos a cenar aquí porque vimos un par de videos en YouTube y no nos decepcionó, la comida era deliciosa y el servidor Ramesh fue absolutamente increíble. Definitivamente hizo todo lo posible para asegurarse de que tuviéramos una gran experiencia. Gracias Ramesh por hacer que nuestro viaje a Jaco valiera la pena.",5,google_places_api,restaurante the spice bar,2026-06-29
"Terminamos en Moro Cafe simplemente porque estaba justo al lado de donde nos estábamos quedando en Secrt Sabana, literalmente a un minuto a pie. Estábamos buscando una opción de desayuno fácil y sin esfuerzo y este lugar marcó esa casilla perfectamente. Moro Cafe es un café de vecindario legítimo y sin lujos, nada llamativo, sin pensar demasiado, solo buen café y opciones sólidas de desayuno. plato rico y algunas otras opciones sencillas que dieron en el clavo. En cuanto al café, todo lo que probamos fue sólido, el chai era suave y sabroso sin ser demasiado dulce y el café con leche era exactamente lo que necesitaba esa mañana. cálido, reconfortante y bien hecho, es el tipo de lugar donde se nota que se centran en la coherencia más que en las tendencias y eso es bueno, el espacio en sí es mínimo y relajado, nada sofisticado, pero limpio, acogedor y fácil, el servicio fue amable y amigable y toda la experiencia se sintió muy local. Este es claramente un lugar en el que confían las personas que viven en el área, que siempre es una buena señal, moro cafe puede no ser un café de destino para planear su día, pero es una excelente opción para todos los días si se hospeda en sabana o cerca. Nos alegró tenerlo tan cerca y definitivamente volveríamos a visitarnos para tomar un desayuno rápido o un café si está planeando un viaje a costa rica y desea guías de viaje confiables, consejos locales y descuentos para autos de alquiler que realmente nos ayuden. Compartimos todo lo que hemos aprendido en nuestro blog de viajes de costa rica, ultimate pura vida.",5,google_places_api,moro café,2026-02-03
"Estaba perdida y solo le pedí ayuda a la recepción con mis indicaciones, no les importó y ni siquiera me dieron la contraseña de wifi para poder verificar mi camino. Estaba todo oscuro y soy una mujer que viaja sola. Esto significa que nunca iría a un lugar administrado por este tipo de personas.",1,google_places_api,hotel los sueños,2019-04-27
"Aprendimos rápidamente que San Lucas no es solo un lugar al que ir a comer, es una experiencia total y un recorrido por la rica cultura de Costa Rica. Fernando puede ser el hombre más educado que he conocido. Habla español e inglés con fluidez y pudo recorrer la comida con precisión. Quedé increíblemente impresionado y contrataría a este hombre para cualquier puesto en cualquier país.",5,google_places_api,san lucas treetop dining experience,2026-05-21
Los batidos y el café son deliciosos y el personal es muy amable. Recomiendo que el café proteico helado vuelva.,5,google_places_api,bolt santa teresa,2026-04-27
"Nos encantó este restaurante local costarricense. Seguimos las recomendaciones del camarero de arroz mixto y costillas de cerdo auténticas, ambos excelentes. También comimos la empanada con pollo, que estaba deliciosa. Volveríamos en un abrir y cerrar de ojos.",5,google_places_api,restaurante sabor tico,2026-01-16
excelente comida excelente vista sobre el parque central de turrialba,5,google_places_api,dulce tentación,2023-06-16
la comida era deliciosa y el servicio fue muy cortés pero discreto. Nuestra comida llegó rápidamente y las limonadas estaban deliciosas. Se sentía como un restaurante local y era muy asequible. Definitivamente recomendaríamos este lugar.,5,google_places_api,soda alba,2024-11-27
"Bonito albergue en medio de un hermoso jardín tropical con colibríes, ranas e incluso caimanes. Las habitaciones son espaciosas pero el agua tibia está disponible. Una caja fuerte y una nevera deberían ser estándar en esta categoría.",4,google_places_api,ara ambigua lodge,2026-03-09
"muy buena relación calidad-precio, súper cerca de la playa con un buen restaurante y un personal muy amable. Muchos lugares caros en Nosara ni siquiera ofrecen refrigerador. Este lugar tiene todo lo que necesitas.",5,google_places_api,the sunset shack,2026-05-29
"El hotel Manala y su personal fueron lo más destacado de nuestra estadía en Santa Teresa. Este encantador hotel boutique es una verdadera joya escondida que ofrece fácil acceso a la playa y una variedad de excelentes restaurantes a solo una corta distancia a pie. Su ubicación en el lado norte más tranquilo de la ciudad tenía menos tráfico durante el día y noches tranquilas. Apreciamos especialmente el sencillo pero delicioso desayuno diario incluido con reservas directas durante nuestra estadía. Nuestra familia de cuatro disfrutó de 2 noches en los espaciosos bungalows y 5 noches en la unidad familiar Casa Tere. Los bungalows están interconectados por senderos pintorescos y rodeados de hermosos jardines. El paisaje selvático, la piscina era hermosa y privada y el aire acondicionado funcionaba bien para mantenernos frescos por la noche. Nuestra experiencia en el hotel Manala, junto con la calidez del personal Alfredo Bayron y su apoyo, encarna perfectamente la esencia de pura vida.",5,google_places_api,manalá hotel,2024-04-22
cerca de la playa limpio y a un precio razonable,5,google_places_api,marino ballena lodge cabinas bahia uvita,2019-05-05
"todo lo que comí aquí fue increíble rosa, la dueña tuesta el café ella misma y es delicioso. Recomiendo encarecidamente la hamburguesa de pollo con jugo de piña y el desayuno tropical. Mi grupo comió aquí todos los días en nuestro viaje de 7 días. Excelente comida. Servicio increíble y la gente más amable.",5,google_places_api,café ensueño,2024-08-13
"Cualquiera que visite Turrialba debe ver el excelente menú de bebidas de Loco, cócteles, cerveza artesanal local y más. La comida es excelente. Además, permanece abierto hasta las 2 a.m. y solo cerrará temprano si no hay mucha gente.",5,google_places_api,loco s restaurante y bar,2026-01-09
Increíbles platos auténticos costarricenses. Probamos el arroz con pollo y el tradicional casado para el almuerzo. José Chaconi fue un excelente servidor atento y amable. Definitivamente regresaríamos.,5,google_places_api,tule cafe restaurante,2026-04-23
"Nos recibió muy calurosamente un joven camarero que, por cierto, hablaba muy bien inglés. Los mejillones horneados sabían bien. La pizza estaba bien horneada pero un poco pastosa para mi gusto. La corteza podría haber sido un poco más delgada si volviera. Probaría algo más en el menú.",4,google_places_api,restaurante italiano la forchetta,2026-03-30
Este era mi gallo pinto favorito en todo Tamarindo. El café estaba oscuro pero estaba incluido en el desayuno. Entiendo por qué a los lugareños les encanta este lugar.,5,google_places_api,soda la ventana de tamarindo,2026-04-14
"hospedarse en el hotel Oceano fue una experiencia increíble. Nuestra habitación estaba limpia y tenía una hermosa vista de la piscina y el fondo de las montañas. El desayuno se sirvió bien y había una variedad de opciones para elegir. Todo el personal fue muy servicial y gente realmente agradable en la que se puede confiar. El área de la piscina no está demasiado ocupada durante todo el día, por lo que puede confiar en encontrar espacio para relajarse fácilmente. El hotel más bonito del Strip. 10 10",5,google_places_api,oceano boutique hotel bistró,2026-03-10
"el servicio fue muy amable y el tazón era 10 10 tan delicioso, colorido y sabroso y una porción de relleno realmente grande 4 en lugar de 5 estrellas porque no hay opción para rellenar el agua, solo es posible comprar una botella de plástico, pero en caso de que las razones sean válidas, sería increíble ofrecer esto, gracias.",4,google_places_api,gypsea café playa chiquita,2026-01-18
"No suelo dejar comentarios, pero este se siente importante para los compañeros de viaje. Estábamos un poco preocupados después de leer algunos comentarios negativos, pero decidimos intentarlo y no nos arrepentimos. El personal fue excelente desde el check in hasta el check out. Un miembro del equipo incluso notó que acababa de regresar de una carrera e hizo todo lo posible para saludarme con una botella de agua fría. Un toque tan atento. El personal del bar fue igualmente amable y apreciamos que usaran marcas locales de calidad en lugar de las opciones más baratas que a veces se encuentran en los resorts. Los cócteles fueron excelentes. El entorno. es encantador, el complejo está en el lado más pequeño, lo cual nos gustó mucho y está ubicado en las afueras de la ciudad, lo suficientemente cerca para su comodidad, pero aun así es relajante. Las piscinas estaban un poco cálidas, pero aún así pasamos la mayor parte del tiempo allí tomando el sol. Recomiendo la piscina más cerca de la playa, ya que es un poco más fresca que la playa principal. La playa en sí es hermosa y la mayoría de los invitados parecían reunirse allí para disfrutar de las magníficas puestas de sol. El restaurante fue otro punto destacado para nosotros, se centra en platos locales en lugar de la comida típica del resort, como pizza o comida estilo americano, lo cual realmente apreciamos. Pasé mucho tiempo en la habitación, pero era exactamente lo que esperarías de un hotel de 3 estrellas, limpio, cómodo y perfectamente adecuado para nuestra familia de cuatro. El balcón fue una buena ventaja después de un viaje de 10 días por el país lleno de caminatas y aventuras. Esta fue la manera perfecta de terminar nuestras vacaciones.",5,google_places_api,best western jaco beach all inclusive resort,2026-03-23
él no es como se ve en la foto,1,google_places_api,cabinas las termalitas,2019-08-24
Habitaciones muy bonitas y limpias. Nos encantó el hecho de que está muy cerca de la ciudad ya que no teníamos coche.,5,google_places_api,cabinas el prado,2022-09-03
Resto súper lindo que abre temprano en la mañana con una variedad de selecciones de comida. Este era mi lugar básico. Comí el burrito de desayuno más fresco. Su salsa picante también es muy buena. Hay muchos bocadillos y opciones de bebidas diferentes. Me encanta este lugar.,5,google_places_api,flora vegan cafe,2026-04-24
un lugar muy agradable y acogedor para hospedarnos nuestra cabaña tenía vista a una pequeña plantación de café y tuvimos un amanecer realmente agradable el personal fue muy atento y amable nos sentimos como un lugar familiar el desayuno también era delicioso gracias,5,google_places_api,tityra lodge,2026-01-15
Vine a desayunar el domingo y lo disfruté muchísimo. Definitivamente volvería a comer aquí.,5,google_places_api,soda chitos,2026-06-14
hospedarnos aquí fue uno de los mejores momentos de nuestro tiempo en Costa Rica. Nos encantó todo. La experiencia de rafting con cade fue muy divertida y pasar la noche en el albergue con el sonido del río meciéndonos para dormir fue simplemente increíble. Espero tener la oportunidad de visitarlo nuevamente en el futuro.,5,google_places_api,pacuare river lodge,2026-03-07
"muy limpia, cómoda cama y cables con canales en inglés, amigable propietario y personal, puerta de seguridad y a poca distancia de los restaurantes y tiendas del parque nacional de playa Bahía Ballena, etc. Me encanta quedarme aquí porque todo lo que necesito está a 5 minutos a pie y a un precio más que razonable.",5,google_places_api,cabinas la chirincocas,2026-04-03
"Este lugar para mí sin duda fue el lugar perfecto para hospedarme en Jaco, estaba lejos del bullicioso centro de la ciudad y la ciudad tranquila estaba a unos 7 minutos a pie o alrededor de 2 dólares en taxi. Vi todos los buenos hoteles con 10 pisos y 4 piscinas, pero no me arrepiento de quedarme aquí. El personal fue muy amable e hizo todo lo posible para hacerte sentir como en casa. Las almohadas eran un poco planas, pero si pides extras, no tienen problemas para conseguirte más. Los encargados de la casa mantuvieron nuestra unidad limpia todos los días. genial, las ventanas grandes eran perfectas para disfrutar mirando guardia de seguridad las 24 horas caminando todos los días comer en su restaurante es agradable, disfrutas del paisaje, iguanas y aves silvestres como guacamayas rojas y colibríes, literalmente a unos metros de distancia. Definitivamente me quedaré allí una y otra vez.",4,google_places_api,pochote grande hotel,2017-08-01
"¡Qué vista! Las habitaciones son bonitas y muy cómodas. El desayuno fue muy bueno y almorzamos una pizza. Todo estaba muy fresco, caliente y sabroso. La granja también tiene un gran sendero y vimos mucha vida silvestre, incluidos monos, y también hay muchas cosas que hacer en el área.",5,google_places_api,monteverde inn valle escondido,2026-02-07
"el lugar más limpio, seguro y céntrico donde puedes hospedarte en el área de la fortuna arenal, justo en el centro, con restaurantes, cafeterías, mercados, bares y la oficina de turismo, todo lo que necesitas está al alcance de la mano. Los lugares turísticos están a solo 10 minutos como máximo en Uber. Muy barato. Investigué mucho y estoy muy contenta de haber elegido este lugar. No fui a buscar una fuente termal ni una propiedad con vistas panorámicas porque de todos modos estás fuera todo el día y Hot River es más limpio y gratuito si quieres una habitación que se limpie meticulosamente y un hotel nuevo. Este es perfecto. El propietario ayuda con todo sin esperar nada a cambio. Una persona verdaderamente amable que conocí durante mi viaje a Costa Rica.",5,google_places_api,hotel nativo arenal,2025-11-17
"las bebidas son grandes, sin embargo, eran demasiado dulces, el servicio fue medianamente bueno, pero no impresionante. Las porciones de comida también eran grandes, con una relación razonable con el precio. El sabor estaba bien. Podría regresar, pero no para ninguna ocasión específica, ya que parece que es bueno, pero no impresionante en general.",3,google_places_api,restaurante leño y carbón heredia,2021-01-04
"Excelente lugar, la pizza es increíble hecha en horno de leña, corteza e ingredientes increíbles, el pepperoni no era solo de una bolsa, también nos encantó el ambiente y el servicio, gracias",5,google_places_api,restaurante the roof,2026-06-09
"Nos alojamos aquí por dos noches. La habitación tenía un balcón. Desafortunadamente, estábamos en el primer piso y la vista de la montaña que esperábamos era a través de edificios y cables eléctricos, así que asegúrese de confirmar sus expectativas. La cama tamaño king era muy cómoda. Hay un restaurante en el lugar que sirve cocina china. El estacionamiento fue muy fácil y su automóvil está monitoreado por seguridad porque usamos el hotel como base para llegar a Izaru, Cartago y Orosi. No pasamos mucho tiempo allí durante el día. La habitación era muy tranquila y había aire acondicionado que funcionaba bien.",5,google_places_api,hotel isla verde,2026-02-17
"Villas Sol Resort fue nuestra segunda parte de nuestro viaje a Costa Rica, una familia de 4 personas. Nuestra estadía en Villas Sol Resort fue un poco confusa, ya que las fotos en línea eran un poco engañosas en comparación con las habitaciones anticuadas y las estructuras desgastadas que encontramos en las instalaciones. Dicho esto, las opciones para cenar estaban perfectamente bien y el excelente servicio del amable personal contribuyó en gran medida a hacernos sentir bienvenidos, en última instancia, si se puede mirar más allá de la arquitectura antigua, la cálida hospitalidad y el hermoso telón de fondo costarricense aún permiten unas vacaciones agradables.",4,google_places_api,villas sol beach resort,2026-06-30
"hermoso lugar y excelente ambiente, pero la comida era mediocre, en el mejor de los casos, el pan para la hamburguesa era duro y espeso y el arroz en el tazón estaba duro y seco, por lo que el pollo, por lo demás, la comida se veía genial jaja, también se suponía que el batido de bayas tenía plátano y fresa, pero no había señales de nada más que bayas y azúcar.",3,google_places_api,café mono congo,2026-06-22
la entrada es gratuita hay que llenar un cuestionario al lado del parque sabana algo pequeño,4,google_places_api,museo de arte costarricense,2026-02-24
"Organizar nuestro retiro de yoga en el centro de retiros de Vivara fue una experiencia increíble. La propiedad es impresionante, pacífica y bellamente integrada con la naturaleza, creando el entorno perfecto para el descanso, la conexión y la transformación. Las villas y los espacios compartidos están cuidadosamente diseñados, cómodos e inspiradores tanto para los huéspedes como para los facilitadores. El equipo de Vivara fue excepcionalmente profesional, acogedor y atento a cada detalle, lo que hizo que organizar nuestro retiro fuera perfecto y agradable.",5,google_places_api,punta gabriela,2026-03-15
refresco simple buena comida con porciones generosas ambiente ubicación típica en el tráfico las estrellas se relacionan con el nivel esperado,5,google_places_api,soda lucrecia,2024-03-24
"un lugar agradable con buena comida y una sensación de amistad. Vinimos aquí 3 veces durante nuestra estadía en Cahuita, los panqueques y los wraps estaban muy buenos.",5,google_places_api,la playa coffee gelato,2026-04-11
"Recomiendo encarecidamente este lugar para aquellos que buscan una escapada tranquila y natural. El jardín es hermoso y está lleno de diversas plantas y animales salvajes, incluidos lagartos, pájaros y más. La habitación es limpia, espaciosa y está bien equipada con un piso de madera que aumenta la sensación natural. Los propietarios son amigables, positivos y llenos de energía y está claro que les encanta lo que hacen. Debes dejar tus zapatos afuera y abrazar completamente el entorno natural. El desayuno y el café son deliciosos, lo que se suma a la gran experiencia general. El servicio es profesional y la privacidad de los huéspedes es una prioridad absoluta. mejor",5,google_places_api,relax natural village adults only,2023-01-27
"Tuvimos una gran velada y cena en el rincón del amor en la agradable comunidad de cahu ta a pesar de un malentendido de nuestro pedido, culpa nuestra, terminamos con una cena increíble. La salsa caribeña especial de leche de coco estilo tu casa es maravillosa. Los cócteles de caipiriña son muy buenos y también el mejor capuchino que he probado en mucho tiempo. Servicio amigable y familiar que hizo que nuestra cena fuera maravillosa.",5,google_places_api,el rincon del amor,2025-12-30
"Excelente lugar, excelente personal y excelentes bebidas. Comida imprescindible en Playas del Coco.",5,google_places_api,ahmar cafe,2026-05-09
Me alojé allí en diciembre de 2022 antes de Navidad. El lugar es increíble. Vistas increíbles de la naturaleza y la ciudad de abajo. Tenía una habitación familiar. Tiene 3 camas y 2 baños. Habitación muy grande ideal para una familia de 4 5. Los operadores propietarios son personas increíbles. Un excelente desayuno. Muy útil con todo.,5,google_places_api,hotel green mountain turrialba,2022-12-17
"El propietario de un hotel pequeño y agradable con seis habitaciones está fuera del sitio, pero nos envió un mensaje de WhatsApp antes de llegar. Reservamos con muy poca antelación. Hay un gerente que está en el hotel a veces durante el día llamado Rigo. Él pudo ayudarnos con los problemas que tuvimos. Nos quedamos en la habitación 5. La cerradura del teclado de la puerta no era fácil de usar al principio. Sin embargo, nos comunicamos con Rigo por la noche y él respondió por WhatsApp y nos instruyó sobre cómo cerrar la puerta por teléfono. Hay una pequeña cocina dentro de la habitación. Se trata de un A 10 15 minutos a pie para llegar a la playa desde este hotel hay una tienda de comestibles a 5 7 minutos a pie del hotel. No pude hacer funcionar el horno, pero luego decidí que no lo necesitaba. El wifi es bastante rápido. 500 mbps desde mi habitación. Me alojaría aquí de nuevo.",5,google_places_api,l avventura,2026-02-03
"Me encanta este café, el ambiente de la comida y el servicio fueron geniales, hay muchas opciones para elegir, puedes trabajar fácilmente de forma remota desde allí y la única razón por la que le doy una estrella menos es por lo caro que es.",4,google_places_api,estadero cafe bistro,2023-12-02
"Las comodidades son agradables y la ubicación es increíble, está justo en frente de la playa e incluso puedes caminar hasta el parque nacional Manuel Antonio. El desayuno es bueno, pero siempre las mismas habitaciones están limpias, pero se sienten viejas. Los pisos y los muebles están anticuados, ni siquiera un televisor.",3,google_places_api,karahe hotel,2026-05-31
"Aunque tomó un poco más llegar allí, valió la pena. Está situado en un acantilado con vista a la cola de las ballenas. Vimos varias guacamayas cada día. Las habitaciones. Las vistas. El alojamiento era fabuloso. Christian y Jessica fueron muy acogedores y genuinamente amables. Espero volver. Lo recomiendo sin reservas.",5,google_places_api,canavida villas resort,2026-07-04
"este lugar tiene todo lo que desea para un almuerzo en la playa está ubicado justo al lado de la playa y tiene muchos asientos al aire libre las bebidas son excelentes la comida es deliciosa y el servicio es rápido y amigable disfruté de dos almuerzos durante su estadía en Dominical y ambos fueron geniales las piñas coladas son perfectas especialmente con un trago extra de ron toda la comida era realmente buena la quesadilla nachos cargados camarones fritos langosta mahi mahi a la parrilla las papas fritas todas eran muy buenas nuestro camarero no era tontería pero era amable y se reía con nosotros y nos ofrecía sugerencias. Tuvimos la suerte de ver un perezoso que había estado colgado en su árbol durante unos días, lo que atrajo a los transeúntes para tomar algunas fotos y esperamos que se moviera aún mejor en nuestra segunda visita. Definitivamente valió la pena detenernos para disfrutar de una buena comida y bebida mientras estábamos en República Dominicana.",5,google_places_api,restaurante el coco,2022-01-05
"Honestamente, estoy sorprendido de que las calificaciones sean tan altas, la comida era bastante mediocre, especialmente considerando los precios elevados, el restaurante claramente tenía poco personal. Lo sentí por los empleados que parecían estar haciendo lo mejor que podían dadas las circunstancias. Lo único bueno que puedo mencionar es que la banda en vivo fue agradable en retrospectiva, probablemente elegimos este lugar principalmente por su ubicación en la playa y desafortunadamente eso no se tradujo en la calidad que esperábamos.",1,google_places_api,seasalt,2026-02-17
"la comida aquí es innegablemente creativa, fresca y genuinamente divertida. Cada plato se siente cuidadosamente elaborado con sabores vibrantes y una presentación que hace que la experiencia se sienta elevada y única. Desafortunadamente, el servicio no coincide con la calidad de la cocina. Los camareros parecían distraídos y desatentos, lo que hizo difícil relajarse por completo y disfrutar de la comida en un restaurante a este precio. Se espera un mayor nivel de atención. El camarero dejó caer mi comida en la arena en el momento en que llegó a la mesa. No me ofreció un descuento ni ningún obsequio, ni siquiera me cobró por un La salsa que pedí aparte fue un poco fastidiosa. Todos en la mesa terminaron de comer cuando recibí mi comida. Hablando de precio, definitivamente es caro, mientras que la comida en sí ayuda a justificar el costo. La experiencia general se queda un poco corta cuando se tiene en cuenta el servicio. En resumen, vale la pena probar la comida, pero prepárese para una experiencia de servicio que puede no cumplir con el mismo estándar.",4,google_places_api,gusto restaurant,2026-03-20
"Pedí los nachos de pollo y estaban absolutamente deliciosos, el ambiente era realmente agradable con música de fondo suave, lo que lo convertía en un lugar relajante para sentarse y disfrutar. El personal también fue muy amable y brindó un excelente servicio en general, fue una experiencia encantadora y definitivamente regresaría.",5,google_places_api,vista verde restaurant,2026-02-11
"los natchos estaban bien, los calamares no estaban frescos, tenían un poco de sabor a quemado en el congelador y las papas fritas de yuca secas estaban muy bien, buena ubicación, lindas vistas, no me quedé en el hotel",3,google_places_api,valle encantado restaurante y cabinas,2026-02-06
hermosas vistas muchos tipos diferentes de pájaros silencio en las habitaciones delicioso desayuno personal amable excelente piscina excelente lugar para quedarse,5,google_places_api,hotel villa florencia,2025-06-16
un hotel maravilloso con un personal muy amable y servicial que realmente nos atendió muchas gracias ubicación increíble hermosa sala de estar para relajarse hermosas habitaciones y una estadía cómoda y feliz los cócteles recién hechos también eran de primera calidad,5,google_places_api,hotel villabosque eco boutique,2026-01-20
"Es terrible por decir lo menos, el recepcionista no tiene idea de lo que es el servicio al cliente, una total e insultante falta de interés, había un partido de fútbol y parecía más atento al juego que los 7 clientes en la recepción con reservas ya hechas. Pedí dos habitaciones con aire acondicionado, que consiguieron una, la otra unidad no funcionaba y nadie era responsable. Me prometieron agua caliente en ambas habitaciones y luego las habitaciones con aire acondicionado no tenían agua caliente. El papel higiénico era escaso. Tuve que comprar el mío propio, era una mejor opción que rogarle a la recepcionista. Me prometieron estacionamiento privado que no existía después de una discusión cuando fue posible para distraer al recepcionista de su juego. Me dieron una alternativa aceptable, pero básicamente tuve que luchar por ella, aparte de que las habitaciones estaban limpias, los colchones eran toallas firmes. De todos modos, es demasiado arriesgado intentarlo de nuevo en este lugar. No apostaría por ello.",1,google_places_api,cabinas las palmas,2020-09-13
"El personal aquí es increíble, nos ayudaron después de que nuestro vrbo nos cancelara en el último minuto. Incluso vimos a una madre bebé perezosa en la propiedad por la noche.",5,google_places_api,hotel villas josipek,2026-04-01
El personal fue maravilloso con nosotros. El hotel es un bonito hotel apartado de la carretera con un bonito patio cubierto para pasar el tiempo.,5,google_places_api,monteverde villa lodge,2026-06-21
"Esta fue nuestra primera parada en un viaje de diez días a Costa Rica y Panamá, nos quedamos tres días. El registro fue sencillo, las camas eran súper cómodas y el personal fue excelente. Excelente desayuno con fruta tropical fresca y un plato principal diferente cada día. Huevos cocinados a pedido. La habitación estaba muy limpia y el área de la piscina era increíble. El hotel era todo lo que queríamos. Cerca del centro de la ciudad. Toneladas de restaurantes cerca. Caminamos a todos lados. Siempre nos sentimos seguros. Definitivamente lo recomendaría. Sí. Escuchamos a los perros callejeros y las gallinas. Estás en Centroamérica. Si quieres un viaje desinfectado, ve a Disney World. Me encantó, esposo y decidí que íbamos a retirarnos a Cahuita y cuidar perros callejeros jajaja.",5,google_places_api,hotel la casa de las flores cahuita,2019-03-23
El lugar es lindo y el personal es súper amable y atento pero la comida no era la adecuada. A todo le faltaba sabor. Creo que podrías encontrar una mejor opción cerca.,2,google_places_api,restaurante agua dulce,2023-02-11
"Estaba de paso por este lugar para una estadía de 1 noche, pero estoy muy contento de haberlo encontrado, la familia propietaria es súper agradable, el desayuno fue fantástico, mucha comida y los baños de las habitaciones son hermosos y hay un patio en el segundo piso. Cada habitación tiene 2 pisos. No pensé que tendríamos tiempo de visitar la playa debido a nuestra corta estadía, pero debido a que este lugar estaba tan cerca, pudimos hacerlo dos veces, una vez para ver el atardecer y una vez por la mañana antes de salir, está a solo 10 minutos a pie de la playa en un El camino me pareció muy seguro. El precio también es muy bueno. Quiero volver aquí algún día.",5,google_places_api,ibiza tropical beach villas,2025-02-20
gran barbacoa,5,google_places_api,chicharronera casamoto,2026-03-15
"hamburguesas absolutamente deliciosas, teníamos la hamburguesa de lujo que estaba perfectamente asada al carbón y la especial que era un sándwich de pollo frito con búfalo, ambos eran fantásticos con panecillos de brioche realmente buenos, las papas fritas y los aros de cebolla también eran geniales, un servicio súper amable, muy recomendado.",5,google_places_api,soda oasis el coco,2026-03-20
Este es un muy buen lugar para disfrutar de un desayuno típico costarricense. La comida es muy buena y te atienden rápidamente. El personal es amable y paciente.,5,google_places_api,soda maría laura,2022-12-17
"Casi me convencí de no obtener un promedio perfecto de 5 estrellas en 90 reseñas. Generalmente activa mi radar escéptico. Seguramente a ese volumen alguien debe haber bajado el puntaje después del desayuno en Coyote esta mañana. Puedo confirmar que la calificación se ganó por completo. El lugar en sí es genuinamente encantador. por muy bueno que se viera, lo que lo hizo pasar de ser muy agradable decirle a todos sus conocidos fue el servicio atento, sin ser cálido y sin ser performativo, el tipo de personal que claramente ama lo que hace, si está cerca, vaya, las cinco estrellas no son casualidad.",5,google_places_api,coyote brunch,2026-04-15
"La comida y el café eran tan deliciosos que incluso me trajeron un aperitivo de cortesía para probar, lo cual fue increíble, las vistas son impresionantes y disfruté descansando en la hamaca de la playa después de mi comida. Era una opción más cara. Mi comida terminó siendo 40. No en la foto, era una botella de agua de 8.",5,google_places_api,manzú a beachfront restaurant,2025-12-08
"qué lugar tan increíble para toparnos humberto fue nuestro camarero y fue fantástico nos dio recomendaciones del menú tomamos un par de cervezas locales delicioso el ceviche pescado machu picchu y lomito andino los sabores y texturas estaban fuera de este mundo, debes ir al restaurante",5,google_places_api,restaurante machu picchu,2025-10-02
"Bueno, acabamos de encontrar el lugar más perfecto para el brunch antes de salir de Monteverde. Delicioso desayuno. Mucha variedad en la carretera, pero con una bonita vista. El camarero del aparcamiento es muy amable, está dispuesto a complacer y tiene grandes aspiraciones.",5,google_places_api,cafe capucchino y restaurante,2026-04-18
"con diferencia, mi restaurante favorito en el área, soy alérgico a los huevos y navegar puede ser extremadamente difícil, pero nuestro camarero Daniel hizo todo lo posible para asegurarse de que todo estuviera libre de huevos y me hizo sentir muy segura. Daniel fue extremadamente atento y amable. Incluso nos tomó fotografías junto con otros miembros del personal. Daniel incluso nos dio un sorbete para mi cumpleaños. La comida fue lo más destacado, desde el sushi hasta el mahi mahi. y amable y la comida es excelente gracias daniel y el personal de la luna por hacer que mi cumpleaños fuera especial",5,google_places_api,la luna restaurant,2025-12-10
"No vayas a este restaurante a menos que quieras pasar los próximos días de tus vacaciones con dolor de estómago en la cama. Comimos un plato de arroz con mariscos que estaba delicioso, pero me desperté a la mañana siguiente sintiéndome muy mal en el estómago y el dolor se hizo más fuerte a lo largo del día. Todo el día se desperdició. No cocinan mariscos frescos y prefieren cobrar en efectivo por su costoso menú, sin preocuparse por el bienestar del cliente más tarde. Por cierto, sé con certeza que era este plato porque mi novia comió solo un poco y experimentó los mismos síntomas pero más leves. al dia siguiente gracias por nada",1,google_places_api,mono verde,2026-07-14
este lugar es mágico para los colibríes josé ha plantado más de 400 plantas que los atraen josé también te ayudará a encontrar tus aves objetivo vimos el casquete nevado jardín coqueta cresta negra cola espinosa verde esmeralda mango de pecho verde y violeta marrón,5,google_places_api,cabañas colibrí tayutic,2024-10-14
lugar increíble cerca de playa hermosa nos encantó pasar por su desayuno de mantaraya tostada de aguacate cargada con verduras y burrito de desayuno a mis hijos les encantaron sus galletas espolvoreadas el propietario había organizado una limpieza de la playa mientras estábamos allí y avíseme que la cafetería tiene baldes disponibles todos los días para ayudar a limpiar la playa ambiente relajado y amigable altamente recomendado,5,google_places_api,mantarraya cafe,2025-08-03
El mejor pollo de San José.,5,google_places_api,soda la parada,2018-07-11
"Este fue un gran recorrido para nuestro viaje de snorkel. Alonzo Henry y Jordan fueron increíbles. El viaje en bote a la isla no es para todos, ya que está a 26 millas de la costa. No tuve problemas, vimos mucha vida marina y el tiburón fue genial ver la comida al final también fue muy buena. Muchas gracias pura vida.",5,google_places_api,ballena tour costa rica whale watching uvita costa rica,2025-12-02
"increíble cascada con hermosos senderos agua cristalina y mucha vida silvestre, pero lo más importante es que no es uno de esos lugares pagados llenos de turistas y estafadores locales que piden tarifas de estacionamiento. No había nadie allí durante todo el tiempo que pasamos unas cuantas horas. No es el lugar más fácil de encontrar al principio, ya que no hay senderos marcados. Use Google Maps para navegar. Puede tomar los senderos forestales desde el estacionamiento del monumento natural árbol de ceiba al costado de la carretera o comenzar desde el pequeño pueblo de Aquiares, estacionándose junto a la plaza de fútbol. de aquiares esta ruta es un poco más larga pero tiene un camino más ancho y más fácil simplemente sigue la ruta en Google Maps y no deberías tener problemas para encontrarla. Es una caminata lenta y bastante fácil de aproximadamente 30 minutos, pero vale la pena. Lo hicimos con tres niños pequeños, el más pequeño tenía 6 años, por lo que debería ser muy manejable para adultos en forma promedio. Los zapatos para caminar ligeros o para el agua están perfectamente bien. PD: por favor ayuda a mantener este lugar prístino y hermoso. Lleva tu basura contigo.",5,google_places_api,aquiares waterfall,2026-03-24
"Un restaurante bar realmente genial en Monteverde, tienen un amplio espacio abierto que ofrece happy hour y una deliciosa pizza. Recomendaría una visita si estás en la zona.",5,google_places_api,farm to table escondido,2026-05-07
"ambiente súper relajado excelente ubicación en la playa y lejos del ruido, pero lo suficientemente cerca como para caminar a todo lo que quieras desayuno local simple y delicioso incluido excelente relación calidad-precio",5,google_places_api,casa aura s beachfront premium hostel b b,2026-02-23
"la comida era buena, un poco cara, pedimos dos limonadas, una de fresa y otra de albahaca para una limonada de 7, apenas tenían limón y no había sabor a fresa, aparte de eso, la comida era buena.",4,google_places_api,green verde,2026-05-29
"Pasamos un mes viajando por Costa Rica y este fue sin duda nuestro lugar favorito. El jardín era tan tranquilo y hermoso que realmente restableció nuestros cuerpos y mentes después de una primera mitad ocupada de nuestro viaje. Patty y Jennifer son unos anfitriones maravillosos y no podrían ser más serviciales. La ubicación es increíble y los jardines son del siguiente nivel. Las habitaciones son un poco básicas, pero no vienes a Costa Rica para sentarte en una habitación de hotel. Resérvalo y no te decepcionarás.",5,google_places_api,hotel piscina natural,2026-04-11
"en medio de un pedazo de jungla es un alojamiento muy tranquilo, verás cientos de pájaros y lagartos simplemente preocupándose de que los dueños de sus negocios sean súper amables y serviciales. Disfrutaron de los grandes platos de la cena del restaurante, que también fue agradable. Las habitaciones son simples pero lo suficientemente buenas. El desayuno es bueno.",5,google_places_api,gran gavilán del sarapiquí lodge,2026-04-17
"Un lugar absolutamente increíble para hospedarnos en Puerto Viejo. Estamos muy felices de haber elegido este lugar. El hotel en sí es como una pequeña villa con una piscina, área de desayuno y un patio con balcón con sillas para cada habitación. Perfecto para parejas. El servicio fue increíble. Gracias a todos los que hicieron que nuestra estadía fuera maravillosa. La señora y el caballero de la recepción. El caballero que sirvió el desayuno y el personal de limpieza de nuestra habitación. Todos fueron muy amables y nos brindaron recomendaciones de comida y se aseguraron de que tuviéramos todo lo que necesitábamos mientras estuvimos allí. un lugar tan agradable al que regresar y definitivamente me sentí más de vacaciones que la mayoría de los otros hoteles que vimos en la ciudad, estaba a 3 8 minutos a pie de cualquier lugar al que quisiéramos ir, incluida la playa y el supermercado, incluso recibimos masajes increíbles que se adaptarán al momento que desee, así que vale la pena el precio. Lo recomiendo encarecidamente y muchas gracias umami por hacer que nuestra estadía en Puerto Viejo sea tan maravillosa.",5,google_places_api,umami hotel,2026-03-23
"Qué lugar tan encantador con excelentes vistas, solo fuimos a tomar unas copas. El dueño fue muy amable y descubrió que somos bastante conversadores, así que le hicimos muchas preguntas. Él estuvo más que feliz de compartir su historia y contarnos sobre su amor por su país y la vida silvestre. Fue genial escuchar que la ubicación se ve genial con vistas fantásticas a la bahía. No teníamos comida ni vimos las habitaciones, pero al pasar por el encantador restaurante en la terraza y la bonita piscina, estaría más que feliz de probarlo.",5,google_places_api,hotel vos manuel antonio costa rica,2026-04-13
"Reservamos una habitación y cuando llegamos, el lugar se veía lindo, un poco fuera de lo común, pero lindo, nos mostraron la habitación y echamos un vistazo en el baño. Encontramos muchas hormigas saliendo del fregadero y saliendo de una grieta en la pared cerca del marco de la puerta. Un par de hormigas no serían un problema, pero había demasiadas para sentirnos cómodos. Decidimos irnos y quedarnos en otro lugar más adelante. Le informamos a la dueña que nos ofreció otra habitación, pero después de ver la cantidad de hormigas en la primera habitación no estábamos interesados, ya que parece. Las hormigas habían estado allí durante bastante tiempo. Pedimos que nos reembolsaran el dinero ya que estuvimos allí un total de 5 minutos y el propietario se niega a afirmar que los insectos son algo normal en Costa Rica, la cantidad de ellos era preocupante.",1,google_places_api,hotel puerta del sol san josé airport,2026-02-18
"Tuve una gran experiencia aquí, la comida es increíblemente auténtica y absolutamente deliciosa, cada plato parecía hecho con cuidado y tradición, el personal fue realmente amable y acogedor, lo que hizo que la visita fuera aún más agradable, además, los precios son muy razonables para la calidad que obtienes si estás buscando un lugar con sabor real y excelente vibra, este lugar es una visita obligada.",5,google_places_api,la marimba loncheria buffet,2025-11-05
"Escuche, no estoy diciendo que prácticamente vinimos aquí todas las noches durante una semana, pero es posible que nos hayan encantado las vibraciones, todos fueron súper amables y divertidos, la comida era realmente buena y asequible y definitivamente echa un vistazo a su noche de trivia los jueves.",5,google_places_api,tasty waves cantina,2026-05-22
"todas las opciones veganas que pedimos estaban deliciosas súper batido cacao y nueces súper buena bruschetta vino con 3 sabores como aperitivo tacos birria vegetariana 3 por pedido el burrito de dylan fue increíble, muy cremoso y la hamburguesa de la montaña nos encantó, también el postre de pastel de chocolate fue genial, no demasiado dulce y vino con un café gratis, el personal es excepcional, amable y educado, mucha área para sentarse afuera. Recomiendo encarecidamente este lugar.",5,google_places_api,indómitos café bar,2025-10-13
cuatro de nosotros cenamos en la villa uno pidió salmón uno espaguetis a la boloñesa y mi tía y yo fettuccine con champiñones y trufa pedí el postre de chocolate y mi tía el tiramisú la comida era buena el servicio era profesional de alto nivel y rápido el personal fue muy receptivo y amable mi esposo se decepcionó porque no sirvieron lasaña el precio era más alto que los otros dos restaurantes italianos en los que comimos pero el servicio fue de mayor calidad y más rápido,4,google_places_api,villa italia restaurante playas del coco,2026-01-26
"nuestra estadía en Tabacón fue absolutamente increíble, el servicio fue increíble de principio a fin, cada miembro del personal fue amable, atento y nos hizo sentir realmente bienvenidos, los jardines son hermosos y están perfectamente mantenidos, rodeados de naturaleza por todas partes, las aguas termales fueron lo más destacado del viaje y fácilmente lo mejor que hemos experimentado. Relajarse en los ríos y piscinas termales se sintió como un paraíso, la comida también fue deliciosa, con gran calidad y presentación en cada comida. También nos sorprendió e impresionó que prepararan su habitación para pasar la noche cada noche, lo que agregó un toque tan atento a la experiencia. Sí, es un Lugar caro pero, sinceramente, valió la pena por la experiencia, el ambiente y el nivel de servicio. Una estancia verdaderamente inolvidable en Costa Rica.",5,google_places_api,complejo turístico con termales y spa tabacón,2026-05-25
"Lugar perfecto y sereno para desayunar, especialmente después de observar aves. La comida es súper fresca y está hecha con mucho cuidado. El personal es amable y acogedor. Quería probar muchos más lugares, pero volví a Stella s una y otra vez. No te lo pierdas cuando esté en Monteverde. Todavía sueño con la granola.",5,google_places_api,stella s monteverde,2025-12-30
"en la reserva decía que es una cabina de surf, pero no lo es, la gente es buena, si quieres pagarnos 20 para ir a ver la playa, a menos que no puedas ir a la playa, el súper abre solo a las 3:30 p.m.",2,google_places_api,cabinas arribadas,2023-12-07
"Fabra es definitivamente el mejor restaurante en Playas del Coco. Fuimos a desayunar y cenar el mismo día porque estaba muy bueno para el desayuno. Tomé uno de los mejores desayunos americanos que he probado y para cenar el mejor ragu. En general, fue una muy buena experiencia.",5,google_places_api,fabra best café in coco featured on house hunters int l,2025-10-15
"No voy a mentir, mis expectativas eran bajas teniendo en cuenta la ubicación, dicho esto yasumi fue una experiencia increíble en todos los aspectos, excelente diseño de barra de sushi de inspiración japonesa, pescado de origen local y combinaciones de sabores impresionantes. Cada plato fue un bocado increíble con combinaciones de sabores sorprendentes y únicas que funcionaron tan bien. Estoy sorprendido de no haber probado antes un nigiri de atún con ralladura de naranja. nigiri de vieira con aceite de trufa blanca. un carpaccio de atún cubierto con parmesano. todo fue una explosión de sabor. La experiencia culinaria de Costa Rica, sinceramente, me recordó a estar sentado en un restaurante de sushi en Tokio, pero con un toque local único, ya sea que seas un fanático del sushi como yo o lo pruebes por primera vez. Yasumi, muy recomendable.",5,google_places_api,yasumi sushi santa teresa,2026-05-07
"Vaya, hemos estado aquí una semana y pasamos por este lugar toda la semana, paramos para comer un plato de mariscos y no tengo palabras, honestamente, esta ha sido la mejor comida que hemos comido aquí, sin lugar a dudas, no dejes que este lugar pase un poco más que algunos de los otros por el precio, pero definitivamente vale la pena los 10 extra jaja, los chefs preparan su comida con los mejores baños limpios, cocina limpia y terrenos bien cuidados, no cometas mi error y pasa esto al comienzo de tu viaje, pasa y disfruta de una comida increíble.",5,google_places_api,las olas,2026-04-15
"Estoy muy feliz de haber encontrado este lugar, el servicio fue rápido y amable, la comida era fresca y deliciosa, y el lugar era acogedor y encantador. Prueba un pastel en el vaso, no te arrepentirás. Olvidé tomar una foto, pero tenemos un pan de naranja. No estoy muy seguro de cómo se llama, pero parece un brownie rubio, pero en realidad es un pequeño pastel de naranja.",5,google_places_api,café a la moda,2026-02-08
el mejor lugar para desayunar siempre está ocupado buena comida,5,google_places_api,soda la esquina,2025-06-16
"Tenía dudas sobre el hecho de ser un restaurante de hotel, pero esta fue la mejor comida que probé en La fortuna. Tranquilo durante la temporada baja. El ambiente es un poco extraño por la noche. Le vendría bien una mejor iluminación y circulación de aire, pero la comida y el servicio fueron excelentes. Las porciones fueron generosas por el precio. Buena sangría también.",5,google_places_api,que rico arenal restaurante,2025-10-24
"Bonito lugar, pero parte de la sopa de comida era mala. Me dieron un descuento de 10 y se disculparon.",3,google_places_api,rosti cartago,2019-02-18
"Mi esposa y yo nos alojamos 5 noches en ocho para nuestro 25 aniversario de bodas. Todo aquí fue maravilloso. Estábamos en el bungalow 7, a solo unos pasos de la piscina y a 30 segundos de una hermosa playa limpia. Los árboles y el follaje circundantes cobran vida con pájaros y, a veces, monos aulladores al amanecer. camine a todo lo que hay en la ciudad, nos encanta caminar, pero le organizarán un carrito de golf si lo desea. Parece ser el transporte popular en la ciudad. Ilse es una novia incansable y, junto con Sue y todo el personal, nuestra estadía y viaje fueron acogedores y sin esfuerzo. Se apresuran a reservar una cena o una excursión para usted y organizaron la recogida y el regreso al aeropuerto. Fue tener que dejar a nuestros nuevos amigos para regresar a un clima frío de invierno. Volveremos.",5,google_places_api,ocho artisan bungalow,2026-01-28
"deliciosos sabores frescos con una hermosa presentación nuestro camarero josafath nos dio la bienvenida a nuestra mesa y nos explicó el estilo de alma de la granja a la mesa ingredientes frescos preparados con amor el menú tenía muchas opciones pero el aroma del pollo asado entero llamó nuestra atención cuando encendió el asador comenzamos con la focaccia de tomate asado y burrata el equilibrio de acidez burrata cremosa de tomate y focaccia ligera con una corteza crujiente nos llevó a cerrar los ojos y sentir que el mundo se detenía luego disfrutamos del pescado fresco crudo los sabores para brillante y limpio con un agradable final de eneldo, el evento principal llegó mientras el pollo asado con salsa pri pri jugaba junto a verduras asadas con chimichurri, el pollo tenía piel crujiente y carne jugosa, el mejor pollo asado que hemos tenido, las opciones del desierto eran dos de nuestras favoritas con un toque clásico, el pastel de zanahoria ligero y aireado, tenía la cantidad correcta de glaseado de queso crema y el pastel de queso con maracuyá, ambos eran increíbles, siendo el pastel de zanahoria uno de los favoritos para ambos. En general, un excelente ambiente de servicio y comida aún mejor, los tamaños de las porciones eran generosos para un bar de tapas. y nos fuimos con el apetito bien satisfecho volveremos",5,google_places_api,alma cocina by sebas,2025-12-08
hotel playa garza es la manera perfecta de pasar tiempo en costa rica una linda piscina y agua cuentan con increíbles miembros del personal que te hacen sentir como en familia incluso si realmente no hablas el idioma y la playa a 30 segundos a pie desde la puerta principal Me sentí muy seguro en el hotel con habitaciones con entrada con teclado y una puerta principal con teclado regresaré gracias Betsy y John,5,google_places_api,nosara hotel playa garza,2025-12-17
"adorable tienda al borde de la carretera que te llama cuando pasas me encanta el ambiente simple y colorido, hay muchos asientos y el personal fue muy amable, facu en particular se tomó el tiempo para aprender y recordar mi nombre y charlar conmigo un rato. No estoy seguro de haber sentido tanta hospitalidad en una pequeña tienda. Solo pedí café, pero estaba delicioso. Lo único que lamento es que estábamos de paso, así que no podemos regresar, pero lo recomiendo ampliamente.",5,google_places_api,pinkys cafe gelato tamarindo,2026-07-03
"Tuvimos una cena increíble en Don Rufino, qué restaurante tan pintoresco con un servicio excepcional, Dani y Raúl fueron los mejores, tan amables y amigables, nuestra comida estaba deliciosa, preparada con cuidado y cocinada a la perfección. Teníamos el ceviche que estaba delicioso, también compartimos camarones a la parrilla y un chuletón, ambos fueron excelentes, la verdadera estrella de nuestra comida fue el vino fantástico que Dani recomendó. Quizás tengamos que agregar esto a nuestra rotación de vinos en casa. Gracias por la maravillosa comida y hospitalidad pura vida.",5,google_places_api,don rufino,2026-06-22
"El lugar está sucio, anticuado y demasiado caro si quieres pagar 40 por un agujero en la pared, ve aquí. Me he alojado en 25 hoteles más bonitos que estos. Las fundas aquí estaban sucias. El agua en el fregadero no funcionaba. Los enchufes de las paredes y los interruptores de luz estaban sucios. Las paredes eran súper delgadas. Me despertaron numerosas veces porque la gente hacía demasiado ruido en el pasillo y tienen lo que parece una fiesta en la pequeña entrada del hotel temprano en la mañana, haciendo aún más ruido. Muy poco profesional. Este lugar no valía la pena. 40 tal vez 10",1,google_places_api,café hotel tucán,2018-03-01
Es un albergue muy divertido con un ambiente impecable. El bar de arriba es increíble. Muy espacioso y cómodo. Se llevan a cabo juegos divertidos la mayoría de las noches en la azotea. El personal es amable y acogedor. Excelentes experiencias de tours. Hay traslados disponibles para reservar aquí a buenos precios.,5,google_places_api,argdivan hostel,2026-05-26
"He estado viniendo a Turrialba durante las últimas dos décadas. Popos todavía está prosperando, eso debería decirte todo hoy. Pedí una pizza pequeña por un precio justo. El tamaño se parece más a una pizza mediana en los Estados Unidos. Comí pizza con jamón, queso, cebolla y salsa de chile. Está deliciosa.",5,google_places_api,soda popo s,2022-12-20
El dueño es tan amable que hizo todo lo posible para servirnos en inglés. El café también es muy bueno y también hay algunas opciones de leche sin lácteos.,5,google_places_api,stecafe,2025-05-28
"la comida era decente, la porción era grande, sin embargo, faltaba un poco el sabor. Fui al restaurante por la noche y tenía asientos al aire libre. La noche trae algunas criaturas cuestionables que pasan junto a ti mientras comes y no estoy hablando de animales. La comida se cocinó bien y se sirvió rápido. El refresco se encuentra justo al lado de la playa, lo cual es agradable. Conocí a un pequeño amigo allí, lo que hizo que mi experiencia fuera más agradable.",4,google_places_api,soda brasilito,2026-04-14
"este lugar es fantástico, están a solo 50 minutos en autobús en santa domingo y funciona la mayor parte del día. Es una ciudad agradable donde los extraños saludan. San José se ha vuelto peligroso, no es seguro ni siquiera para los hombres caminar 5 cuadras solos. Triste, el crlove ofrece dormitorios, apartamentos, habitaciones privadas grandes y privadas a precios fantásticos. Hay 3 cocinas. El personal es excelente. La vista desde el balcón del segundo piso es una de las mejores. Están haciendo algunas renovaciones, pero aún te encantará el crlove.",5,google_places_api,hostel costa rica love,2019-04-08
El mejor lugar para unas vacaciones económicas para 12 personas. Tienes frente a la playa en la frontera del Parque Nacional Tortuquero.,5,google_places_api,cabinas balcon del mar tortuguero,2019-01-26
"Nos alojamos aquí durante nuestra luna de miel y quedamos completamente impresionados por la hospitalidad. Nuestra habitación era fantástica. Cada persona que trabajó allí fue amable y servicial. El transporte gratuito a la playa y a la ciudad fue genial. Solo nos quedamos una noche, pero todo el tiempo que estuvimos allí nos sentimos completamente atendidos. El desayuno buffet tenía muchas cosas. También vimos algunas hermosas guacamayas rojas.",5,google_places_api,parador nature resort spa manuel antonio,2026-05-02
"desde la gente que trabaja aquí hasta la ubicación y el restaurante de enfrente, no te puedes equivocar al reservar aquí el ambiente es relajado y tranquilo, este no es un lugar de fiesta, sino un lugar sereno, un lugar para recargar energías, surfear y relajarse, para nosotros se siente como en casa. El amanecer es extremadamente servicial y servicial, el personal aquí es maravilloso e interactúas con ellos todos los días, ya que viven en el lugar, hacen todo lo posible para asegurarse de que te atiendan y siempre te ayudan con cualquier pregunta que puedas tener. La ubicación es excelente, el acceso a la playa está al otro lado de la calle y es A 2 minutos a pie de la playa más bonita y del surf.",5,google_places_api,playa grande surf camp,2026-03-10
"muy delicioso ya no está tan escondido este pequeño lugar tiene un gran sabor y opciones frescas. He estado viniendo a Café tico durante cinco años y estoy enamorado de este lugar para desayunar o almorzar o simplemente para tomar una copa. Es una parada obligada cuando estoy en Tamarindo. Es muy accesible y amigable para los niños. Siempre tomo una bebida o batido de café especial con mi desayuno, brunch, almuerzo aquí, todos los asientos al aire libre pero en su mayoría a la sombra, gracias.",5,google_places_api,café tico,2025-11-20
"experiencia increíble que comimos al final de la tarde muchos asientos para nuestra familia de 5 personas comimos el casado y arroz con pollo también tienen hamburguesas tiras de pollo y pizza para niños quisquillosos, la vista del lago vale la pena el viaje",5,google_places_api,café y macadamia,2026-06-11
bonito lugar,5,google_places_api,reserva biológica alberto manuel brenes,2019-09-22
"no busque más, estos muchachos son los mejores, sin lugar a dudas, las vistas son increíbles desde lo alto del dosel de la selva tropical con vista al río, toda la experiencia fue increíble, desde la recogida hasta diez tirolesas, comida deliciosa, guías excelentes, Tarzán balancea la línea de Superman y regresa a nuestro hotel. Tucanes y ranas venenosas que nuestros guías se aseguraron de anotar para nosotros. Realmente genial para 2 en nuestro grupo que tampoco hizo tirolesa. Gracias por su arduo trabajo y una gran experiencia en Costa Rica.",5,google_places_api,canopy safari,2026-03-30
"Excelente café aquí y claramente uno de los lugares más populares en Monteverde para ver el amanecer y el atardecer entre los lugareños y los turistas. Mi pareja y yo también nos hospedamos en una de las cabañas de alquiler en la misma propiedad y lo pasamos excelente. Pensamos quedarnos por 2 noches. Nos encantó tanto que nos quedamos por 5 noches. Si estás buscando un lugar para quedarte, pregúntale al encargado de la cafetería para obtener más detalles.",5,google_places_api,ona cafe,2026-01-05
"Acabo de disfrutar de otra excelente estadía en Casa Cecilia, muy recomendable debido a la logística de mi viaje. Llegué tarde, pero para mi sorpresa, el guardia de seguridad me estaba esperando en el área de estacionamiento para garantizar que no tuviera problemas para cruzar la puerta de seguridad a pesar de que ya me habían proporcionado toda la información de entrada y entré a la propiedad del hotel. Me quedé por 3 noches y fue una gran alegría. Las instalaciones más agradables del personal se sintieron muy seguras. Excelente desayuno casero. Habitación limpia y grande y bien equipada. Agua caliente. Excelente aire acondicionado y justo en una hermosa playa en la que algunas personas surfearon, incluso mis compañeros clientes del hotel fueron los Las personas más amables, Aaron, el gerente del hotel, me visitó varias veces durante mi estadía para asegurarse de que todo iba bien y para ver si necesitaba algo. Me encanta este lugar. Estas fueron las vacaciones tropicales que imaginé de cinco estrellas.",5,google_places_api,hotel casa cecilia,2023-01-22
"Personal increíble, muy acogedor, excelente comida y bebidas, y muchas opciones. Se admiten perros. Comieron en la cena y el almuerzo. Pude ver la hermosa puesta de sol desde el acceso al restaurante.",5,google_places_api,restaurante el manglar,2026-02-14
"Excelente lugar en la playa con pescado fresco y deliciosos cócteles. Los camareros fueron muy atentos y el lugar tiene un ambiente relajado, asientos al aire libre, pero los fanáticos fueron lo suficientemente fuertes como para refrescarnos. Teníamos el martini de coco, la margarita de coco, el ceviche de pescado, las papas fritas de guacamole y los tacos de pescado, y lo recomiendo todo.",5,google_places_api,seasalt,2026-04-04
"Si estás buscando un auténtico lugar local para mamá y papá de refrescos costarricenses, este es excelente justo en la calle principal. Pasamos a desayunar y nos sentamos. Ella estaba ocupada, así que tomé los menús por mi cuenta, incluso con solo una mujer al frente. El servicio fue rápido y amigable. El batido de papaya hecho con agua era fresco y delicioso. Comí el burrito de pollo para el desayuno. Estaba delicioso, aunque definitivamente era un poco más pequeño en comparación con las porciones de nosotros, así que tenlo en cuenta si te mueres de hambre. El pollo y el arroz de mi amigo fueron un éxito. Deje que las críticas mixtas anteriores lo disuadan. Tuvimos una gran experiencia. El personal fue encantador y aceptan tarjetas sin problemas. Un lugar perfecto y sin lujos para los sabores locales.",4,google_places_api,soda buen comer,2026-01-10
"Lindo lugar con una linda vista desde el balcón y sabores sabrosos, consiguieron el casado vegetariano y fue acertado, olvidaron el queso, aunque un poco más caro de lo habitual, pero aún así lo recomiendo.",4,google_places_api,restaurante sabor tico,2026-03-12
"Me encanta este hotel, las habitaciones son simplemente hermosas, el personal fue amable, la comida es deliciosa. Desventajas, la piscina es pequeña y no hay playa, pero sabíamos que entrar sigue siendo un lugar encantador y relajante donde alojarse.",5,google_places_api,cahuita inn,2025-09-21
"Estoy muy feliz de haber parado aquí. El café con leche helado es perfecto para los amantes del café y el frappé, perfecto para los golosos. El personal también nos dio pequeños macarons con nuestras bebidas. Pasamos alrededor de las 9.20 a. m. y fuimos los únicos. Recomiendo sentarse en la parte de atrás, ya que hay un jardín que atrae a los colibríes y se relaja para observarlos mientras bebe su bebida.",5,google_places_api,cafetería the village,2026-05-20
"excelente refresco local con comida deliciosa y excelente servicio, todo era fresco y sabroso y el personal fue muy amable y acogedor, realmente disfrutamos de nuestra comida y definitivamente regresaríamos. Lo recomiendo encarecidamente.",5,google_places_api,soda mirna,2026-06-26
"el pájaro campana es simplemente mágico, es difícil describir lo único y especial que es este lugar. Estoy asistiendo a la escuela de idiomas cpi y he estado aquí durante 6 semanas. Las habitaciones tienen precios convenientes. Todo el lugar está impecablemente limpio y los propietarios y el personal te tratan como a una familia. También es central para todas las hermosas atracciones de Monte Verde. No puedo recomendar este lugar lo suficiente. Mi habitación era tranquila, cómoda y acogedora. El pájaro campana también ofrece un excelente desayuno todas las mañanas y el wifi es fantástico.",5,google_places_api,hotel pajaro campana,2023-03-23
Muy buena comida caribeña en un ambiente agradable y acogedor con un personal amable y amable. La sopa de ceviche rondón y los camarones en salsa caribeña estaban súper sabrosos.,5,google_places_api,tamara,2026-05-17
Tuve una experiencia increíble en Nativo Adventure. Aaron y su equipo fueron increíblemente serviciales y conocedores. Aprendimos mucho de ellos sobre la tierra y lo pasamos muy bien haciendo tirolesa y riendo en el camino. No dudes en reservar una experiencia con ellos. No te decepcionarás.,5,google_places_api,nativo canopy,2026-02-10
"lo bueno, las habitaciones son bungalows grandes con pisos de baldosas de aire acondicionado, camas muy cómodas y buenas comodidades, el desayuno en el restaurante es excelente, con muchas opciones, las vistas y la naturaleza están justo afuera de tu puerta y recomiendo que te despiertes para familiarizarte con el terreno. Hay varias piscinas, un tobogán, jacuzzi, canchas de pickleball o el equivalente local y soy un gimnasio al aire libre. El restaurante tiene un bar completo y ofrece otras comidas además del desayuno. Los bungalows brindan bastante privacidad. El hotel tiene 2 puertas para ingresar y brinda buena seguridad. Lo malo. Las direcciones de Google fallan. f956 cjm la fortuna provincia de alajuela costa rica el hotel está situado en una colina, por lo que tendrá que subir y bajar para conseguir lugares. El estacionamiento está solo frente a la recepción, pero ofrecen paseos en carritos de golf cuando sea necesario.",5,google_places_api,hotel boutique casa del rio,2026-05-11
"Tuvimos una estadía realmente agradable durante 3 días en el hotel Faremiti en Uvita, un anfitrión muy amable, fácil de contactar con cualquier pregunta y abierto para charlar. Sala limpia con aire acondicionado, piscina, jacuzzi y ducha al aire libre. El ama de llaves también nos lavó la ropa, lo cual fue realmente conveniente.",5,google_places_api,hotel faremiti,2026-02-19
"Me encantó la vista a la playa y el fácil acceso. El inconveniente del buen desayuno también es la ubicación, ya que el otro lado de la habitación da a la calle principal, que es muy ruidosa los fines de semana. Seguirás escuchando ruidos fuertes de motocicletas hasta las 3 a. m. No hay secador de pelo ni café con agua caliente durante el día. La habitación tenía hormigas. Está bien para los amantes de la playa, pero si quieres pagar un poco más, es posible que puedas conseguir un mejor hotel.",4,google_places_api,la perla de la playa beachfront hotel,2025-12-23
"la playa es buena, el agua está limpia y tiene mucha arena oscura. Solo falta algo. Fue fácil encontrar estacionamiento, pero es posible que tengas que pagar o pelear con los encargados del estacionamiento que piden un pago para estacionar en la calle. Vale la pena detenerse, pero hay otras playas donde pasaría más tiempo.",4,google_places_api,playa del coco,2025-12-29
"Si estás en Puerto Viejo definitivamente ven y quédate aquí. No puedo decir lo suficiente sobre este lugar. El albergue en sí fue increíble, con una increíble terraza que está muy cerca de la naturaleza. Un montón de árboles, plantas alrededor y, por supuesto, un montón de animales, pájaros, colibríes, luciérnagas, monos, ranas, agutíes, mariposas e incluso perezosos, todos merodeando por la propiedad. Los anfitriones fueron muy cálidos y acogedores, y también muy receptivos cuando necesitábamos algo por encima de todo. El desayuno aquí fue el mejor que hemos tenido. Desayuno de 6 estrellas, diría que todo estuvo perfecto. El desayuno preparado y hecho con amor y cuidado en Mar Verde Lodge fue fácilmente nuestra mejor comida del día. Definitivamente queremos volver.",5,google_places_api,mar verde lodge,2018-09-25
"marina flamingo era el lugar perfecto para nuestra familia de 4 cada detalle, desde la decoración hasta el servicio, era absolutamente perfecto nuestra habitación era impresionante, la vista era hermosa y cada restaurante dentro del puerto deportivo era delicioso y compartía la misma hermosa vista. Pasamos mucho tiempo en la piscina infinita viendo los barcos ir y venir. A nuestros niños les encantaba nadar y nos encantó el camarero. El personal fue muy acogedor, amable y servicial. Carlos y Gustavo fueron increíbles. flamenco para una estancia corta o larga y estamos ansiosos por volver",5,google_places_api,marina flamingo,2025-12-10
"con diferencia, nuestra estancia favorita en nuestro viaje. Pablo fue muy servicial y acogedor. Nos proporcionó fruta fresca a su llegada. Ofrecen la opción de tener un chef privado para las comidas. Recomiendo encarecidamente que Pablo también ayudara a conseguir una masajista para que atendiera a mi esposa. Hay un gran sendero que conduce a un abrevadero en el que es genial nadar. Está ubicado a unos 15 minutos de la ciudad y recomiendo encarecidamente alojarse aquí.",5,google_places_api,cabañas caeli,2026-05-15
Los propietarios de este lugar son increíbles al mantener este pedazo de tierra preservado casi de manera similar a un parque natural con cuatro cabañas únicas que están muy bien mantenidas y tienen todas las comodidades que puedas imaginar.,5,google_places_api,cabañas la montaña,2026-04-28
"Mi esposo, yo y nuestros dos hijos pequeños visitamos Palo Seco para una excursión de un día y queríamos parar en algún lugar para almorzar y pasamos por esta propiedad. Se veía muy encantadora y hemos estado en Costa Rica varias veces. Uno de nuestros recuerdos favoritos es cuando fuimos a explorar un día y nos topamos con un pequeño hotel en la playa, almorzamos y nadamos en la piscina, así que esperábamos una experiencia similar. No la tuvimos cuando entramos, nos sentamos en una mesa y la dueña nos atendió al principio, fue extremadamente amable y acogedora. Les mostró a los niños su mascota. mapache que estaba durmiendo en su oficina en ese momento y a mi hijo le encantan los perros, así que no nos molestaron en absoluto todas las mascotas en la propiedad, sin embargo, después de que ordenamos, todo se fue cuesta abajo, el dueño presionó un interruptor y comenzó a ser extremadamente grosero. Ella también es la camarera y nuestras bebidas eran terribles y extremadamente caras. La comida estaba bien, pero muy, muy cara. mientras, pero luego el mapache saltó sobre mi hija y agarró sus piernas con bastante fuerza, lo que me asustó. La respuesta de los propietarios fue: oh, si realmente la rascaba, su hija lloraría mucho más fuerte que eso. Habíamos conducido hasta allí y mi hijo quería nadar, así que le preguntamos al dueño si podíamos entrar a la piscina y ella dijo que estaba bien, el lugar definitivamente está deteriorado y necesita un poco de atención, pero disfrutamos nuestro tiempo en la piscina, mi esposo y yo queríamos otra bebida y cambiamos a cerveza y vino porque nuestros cócteles no eran buenos, pero no había uno en el sitio pagamos nuestra factura y usamos el baño antes de irnos cuando mi hijo salió del baño se inclinó para acariciar a uno de los perros y el mapache salió de la cocina y saltó sobre su cabeza y lo rascó. Obviamente no puedo hablar de cómo es este lugar como hotel porque no nos quedamos allí, pero no desperdiciaría su dinero en este lugar. Todo era demasiado caro. Las fotos en línea son muy engañosas y el dueño es grosero. También me enfermé con mi ceviche de camarones.",1,google_places_api,clandestino beach resort,2026-06-12
hotel boutique de primer nivel excelente servicio al cliente excelente restaurante muy recomendado,5,google_places_api,cuna del angel,2026-03-20
"toro blanco fue genial, increíble piscina y ubicación, parecía parte de la comunidad, a 2 minutos de la playa y del estacionamiento cerrado del centro, pero me sentí totalmente seguro, excelente desayuno incluido, quitando una estrella para un par de docenas de hormigas rojas más grandes que trepaban desde el desagüe del fregadero. Le dije a un miembro del personal y me agradecieron por compartir, pero no parecían demasiado preocupados por eso. También había un mapache arrastrándose por el techo ocasionalmente durante el día. Afortunadamente, tranquilo por la noche. De lo contrario, todo fue genial y me quedaría de nuevo.",4,google_places_api,toro blanco,2026-03-30
"increíble y hermoso restaurante con un chef creativo súper talentoso, un personal increíble para superar todo eso, comida aún mejor, risotto, tartar de atún, coyote, chicharrón, ceviche, lengua, molotes, todos fueron increíbles, haga sus reservaciones con anticipación",5,google_places_api,huacas restaurant,2026-01-03
siempre deliciosa comida excelente servicio,5,google_places_api,soda las delicias maná,2023-04-21
Esto fue absolutamente lo mejor que experimentamos en Costa Rica. Elegimos una visita guiada nocturna desde el momento en que llegamos. Nuestra experiencia fue positiva. La señora de la recepción desearía haber recibido su nombre. Ella fue muy amable y agradable. Nos dio una cálida bienvenida y nos explicó todo. Luego nuestro guía Johander fue una absoluta estrella de rock. Mantuvo a mi hijo de 10 años comprometido y entusiasmado durante todo el recorrido. 10 estrellas de 5,5,google_places_api,reserva biológica ecocentro danaus,2026-07-09
No malgastes tu dinero aquí el peor lugar.,1,google_places_api,hotel de montaña el portico,2021-06-04
Montamos a caballo hoy y fue increíble y un gran placer para nosotros. El mejor recorrido por Costa Rica. Brigitte es una persona encantadora. Sus caballos son lindos y se portan bien. El guía nos explicó todo y siempre cuidó de nosotros. Pudimos pasear por la maravillosa playa de la jungla. Puedo recomendar a todos esa experiencia.,5,google_places_api,centro turistico brigitte,2021-12-03
"El servicio fue excelente, tomé un buen café y un filete de pescado del Caribe, fue increíble, tenían una salsa picante excelente, en realidad estaba caliente y muy húmedo. El inodoro no tiene asiento, así que estás en servicio flotante, uhuhuh, pero las instalaciones estaban súper limpias. En general, la comida es súper húmeda y lo recomiendo encarecidamente.",5,google_places_api,morian restaurante caribeño,2024-02-25
"Vaya, este lugar es increíble y el anfitrión fue muy atento. Seguro que me alojaré aquí de nuevo pronto. El apartamento está impecablemente decorado y mantenido. La ubicación es muy conveniente y está cerca de todo lo que necesitábamos.",5,google_places_api,jaco bay luxurious condo 5min walk to beach amazing pool,2021-12-31
"un restaurante de mariscos promedio, nada realmente sabroso o diferente, probamos el ceviche mixto, alitas de pollo, camarones con coco, tilapia entera y un ceviche vegetariano, estaban buenos, algunos de ellos sin sabor, el lugar es limpio y agradable, los servicios también son muy buenos.",3,google_places_api,la cueva del marisco,2020-11-05
"deliciosa, auténtica y hecha con amor, la soda margarita estaba ubicada justo al final de la calle de mi airbnb y todavía estaba abierta para la cena nocturna. La señora que me saludó fue tan dulce que se puede decir que este es un establecimiento operado y de propiedad familiar. No hablo mucho español y ella no hablaba mucho inglés, pero juntos lo hicimos funcionar. Pedí el plato típico costarricense con ensalada de arroz, plátanos, frijoles negros, pasta y elegí la carne como mi proteína. También tomé el jugo de piña fresco, que estaba tan delicioso que la dulce dama regresó y cocinó todo ella misma. Me lo trajeron, todo sabía fresco y delicioso, las porciones se estaban llenando, los precios eran extremadamente razonables, creo que solo son en efectivo, estoy seguro de que te han pagado colones. También me dijo que tuviera cuidado con las personas que intentan cobrar más dinero como turista. Realmente aprecié que me cuidara, una joya local, sin duda, con excelente comida y un servicio hogareño.",5,google_places_api,soda la margarita,2026-02-23
no es exactamente un lugar para regresar por segunda vez el lugar es agradable y tranquilo sin embargo es caro para lo que esperabas la comida en mi caso el pollo estaba crudo en algunas partes y las porciones difieren de lo que comes y lo que pides para llevar cuando el personal del restaurante las prepara el servicio es lento incluso cuando el bistró tiene algunas mesas servidas casi vacías es desafortunado que el restaurante tenga estos inconvenientes porque está bien ubicado y el diseño interior es agradable,2,google_places_api,estadero cafe bistro,2024-08-13
Este es el tipo de restaurante que querrás reservar con una semana o dos de anticipación en este nivel. Están felices de atender solicitudes fuera del menú y brindaron una experiencia absolutamente excepcional de principio a fin. Ya estoy deseando volver para probar los postres. Bravo.,5,google_places_api,la esquina de buenos aires,2026-03-24
"Nuestra estadía fue extremadamente placentera. El hotel es muy pequeño y está ubicado cerca de una playa tranquila con naturaleza virgen. Sin embargo, está a solo 10 minutos en auto o una larga caminata hasta Cahuita, donde visitamos los parques nacionales y los lindos restaurantes. Por último, pero no menos importante, el anfitrión es un tipo increíble, súper divertido, que siempre está dispuesto a compartir algunas historias divertidas, consejos para observar animales y, por supuesto, ofrece un desayuno fantástico. Lo recomiendo encarecidamente.",5,google_places_api,casa restaurant caribbean coconut,2026-01-02
Paramos aquí dos veces para comer una vez para el desayuno y otra para el almuerzo la comida era buena el servicio era bueno no tengo quejas los precios son decentes recomendaría a otros ir comimos el ceviche y el sándwich de pollo era enorme,4,google_places_api,soda el artesano santa teresa,2024-03-12
"Este establecimiento es exquisito y cada vez que vuelvo agregan algo nuevo para complacer los sentidos. Las fotos no le hacen justicia porque es aún más sorprendente en persona, te sientes bienvenido en la familia y al mismo tiempo tienes tu propio espacio de lujo. También apreciamos mucho los servicios de spa y el restaurante es de primera categoría. No puedo esperar a volver.",5,google_places_api,casa de montaña santuario del monte,2025-08-20
"Sumérgete para probar los nuevos esquites de aperitivo de maíz o elote en vaso, el plato clásico de Mexicali con jalapeños de maíz dulce tostado, mayonesa picante y queso cotija, cilantro y tajín encima, no decepcionó. Nací y crecí en California. Esto es un regreso a los vendedores ambulantes y las chozas de playa combinado con un sol helado. Mi barriga tiene picazón mexicana. Lo siento, no hay foto del elote, pero aquí está el cazador de waffles con churro.",5,google_places_api,tasty waves cantina,2026-02-23
"es importante tener en cuenta que este b b está adyacente a las vías del tren, el tren pasa aproximadamente cada 15 minutos comenzando a las 4:45 durante aproximadamente tres horas y luego comienza nuevamente en la tarde alrededor de las 3 p. m durante otras 3 4 horas. El silbido del tren comienza unos minutos antes que el tren y luego el tren toca la bocina repetidamente mientras pasa. La habitación de mi hijo estaba a solo unos metros de las vías del tren y mi nieto de 5 años no podía dormir y estaba aterrorizado de que tuviéramos que irnos después de la primera noche. Se ofreció un reembolso por la estadía de 5 noches. Además, hubo problemas con las tuberías de su habitación. Mi habitación estaba bien, pero definitivamente era muy cálida, ya que solo hay un ventilador de techo y no hay aire acondicionado. La ubicación es excelente para Cartago, muy cerca de la basílica y al lado de un muy buen restaurante, la puerta del sol. El personal fue muy amable y sirvieron un buen desayuno.",3,google_places_api,casa mora bed and breakfast,2024-06-03
"excelente apartamento en quepos y estadía perfecta para visitar el parque nacional manuel antonio el personal era amable y hablaba perfecto inglés el apartamento tenía todo lo que necesitaba y estaba extremadamente limpio y cómodo el baño y la ducha eran nuevos y geniales nos encantó tener la cocina para preparar el desayuno y salir temprano en la mañana la ubicación es excelente si no tienes un auto ya que está a solo 10 minutos caminando de la parada de autobús y tiene muchos restaurantes alrededor tenga en cuenta que quepos es tan turístico como el pueblo de manuel antonio y solo tenga cuidado cuando vaya de noche, pero nosotros me sentí seguro definitivamente recomendado",5,google_places_api,apartamentos mansion tropical,2023-03-19
muy agradecida con lupita me atendió desde mi primera llamada y de ahí en adelante muy atenta muy recomendable esperando una próxima visita a la fortuna para visitarla y utilizar su alojamiento,5,google_places_api,cabinas lupita,2025-05-08
"El mejor lugar para el brunch era excelente, el café era espectacular y el área del jardín era todo lo que necesitábamos para relajarnos después de caminar por la ciudad.",5,google_places_api,el mosaico coffee garden,2023-03-19
Mis primeras dos semanas en esta ciudad me alojé aquí. Miguel y su personal son muy amables y profesionales por el precio. Es una excelente oferta.,5,google_places_api,hotel el rio,2022-02-01
"desde el momento en que entramos olía increíble, no nos decepcionó, la comida fue fantástica, todo lo que pedimos estaba súper sabroso y realmente se nota que la familia que dirige el lugar pone mucho amor en cada plato, nos dejó con ganas de regresar y probar aún más platos del menú, además, la vista desde la propiedad es impresionante, nos obsequiaron con una hermosa puesta de sol que contribuyó mucho a una experiencia ya memorable.",5,google_places_api,kapi kapi restaurante,2026-02-09
"bonito, sencillo y junto al agua, el sonido de las olas es tan relajante que el desayuno podría ser mejor en general, no tengo quejas.",4,google_places_api,hotel la cueva limón,2020-12-14
"Me encanta la ubicación cerca de la playa, a un paseo de varios restaurantes, monos en el patio trasero, el gerente residente es increíble, Hans fue muy servicial, amable y atento con todos en los condominios, nuestro único problema fue la cocina mal equipada, necesitamos más tamaños de platos y tazones, solo un cuchillo que no está afilado. Muy pocos utensilios de cocina, como sin batidor, etc., algunos de los electrodomésticos son muy viejos, todos los nuestros todavía funcionaban. Nos quedamos aquí 4 semanas, así que cocinamos bastante.",4,google_places_api,villas del sol nosara,2026-02-21
Definitivamente recomiendo a todos los que visiten esta área habitaciones espaciosas y limpias. Nos encantó el café y el pastel de cortesía al mediodía y salimos a caminar por el jardín. Vimos un tucán y tomamos una hermosa foto de un momoto mientras caminábamos.,5,google_places_api,cala lodge,2025-12-28
"Hermosa caminata de 3 millas con 800 de ascenso a dos cascadas, algunas piscinas y un mirador. Hermosa tierra agrícola y ladera con terreno relativamente fácil.",5,google_places_api,catarata tesoro escondido,2026-03-18
"el bistec y la ensalada fueron excelentes, un gran restaurante frente al teatro. Tuvimos la suerte de conseguir una mesa para 2 con vista a la calle. Está bien, es San José, así que la vista es simplemente interesante.",5,google_places_api,tenedor argentino,2026-03-08
"Qué lugar tan mágico para visitar. Seguramente regresaré con más personas para experimentarlo. Fue una caminata decente hasta el jardín, pero eso también es de esperar. Me hubiera encantado sentarme y leer un libro. Hay mucho que ver en los jardines. Recomiendo detenerse cada 2 pies y verlos moverse.",5,google_places_api,jardín de mariposas spirogyra,2026-03-05
"Nos alojamos en el resort Los Altos y vinimos aquí nuestra primera noche y fue increíble, excelente hora feliz, bebidas especiales, comida, la noche que estuvimos allí fue un golpe de suerte ya que tenían música en vivo y bailes locales.",5,google_places_api,karolas restaurant,2026-03-21
el hotel está deteriorado no tiene encanto no encontramos la piscina el desayuno era muy básico y la calle está muy transitada playa hermosa es mucho más hermosa coco beach no era hermosa no volvería,2,google_places_api,coco beach hotel,2026-02-23
"Normalmente no me gustan los mariscos, era tan fresco y bien preparado. Me encantó tanto que volvimos, excelentes opciones, un servicio maravilloso y justo en la orilla del agua.",5,google_places_api,la casita del marisco,2026-04-22
"Mikado Lodge es un lugar verdaderamente especial, el escenario perfecto para conectarse con la naturaleza y relajarse por completo. Las habitaciones ofrecen una privacidad maravillosa y están bellamente diseñadas con gran atención al detalle. Sentarse en la terraza rodeado de naturaleza fue pura relajación y nos sentimos como en casa desde el primer momento. El desayuno y la cena preparados con cariño por Lolo fueron excepcionales y agregaron un toque muy personal a nuestra estadía. También pasamos horas tranquilas junto a la impresionante piscina, lo que hizo que la experiencia fuera aún más memorable. Mikado Lodge fue sin duda uno de los aspectos más destacados de nuestro viaje. La calidez y el cuidado de Lolo nos hicieron. Me sentí increíblemente bienvenida y ella realmente hizo todo lo posible para asegurarse de que tuviéramos todo lo que necesitábamos. Recomendaríamos mikado lodge de todo corazón y regresaríamos en un abrir y cerrar de ojos.",5,google_places_api,mikado natural lodge,2026-01-17
"Nos gustó la configuración y la habitación muy acogedora. La piscina fue un buen refrescante después de pasar tiempo en la playa muy caliente, pero nos costó mucho el ruido. No es el hotel en sí, es Santa Teresa en general. Al estar la habitación tan cerca de la carretera, se puede escuchar el rugido de los 4x4 a todas horas del día. No es el ambiente tranquilo de vacaciones que esperábamos de un pueblo costero. Este lugar tampoco tiene una oficina de recepción. La comunicación con el propietario no siempre fue fácil. Las imágenes aquí en la imagen de Google no corresponden. El sitio no tiene acceso directo a la playa. No hay arena en las instalaciones.",3,google_places_api,santascabinas,2024-02-18
"Esta es una joya escondida en un vecindario tranquilo. La comida es exactamente como en las fotos, todo cocinado fresco a pedido. Llegamos como una familia de cuatro personas a las 7:30 p. m. un miércoles por la noche, nerviosos porque la cocina podría estar cerrada, pero nos recibieron calurosamente. La comida es de gran calidad y mucha. Nos alojamos en Villa San Ignacio y el refresco estaba a unos 5 minutos en auto para nosotros. Espero que todas nuestras experiencias con los refrescos sean tan buenas como las de los refrescos de la calle vargas. Lo recomiendo encarecidamente.",5,google_places_api,soda calle vargas,2026-07-02
"Nunca volveré a poner un pie en este lugar desde el momento en que llegué, me quitaron cualquier sensación de comodidad o bienvenida al obligarme a quitarme el sombrero e incluso el bolso como si estuviera entrando a un gran establecimiento, no solo a un bar promedio sin absolutamente nada memorable que ofrecer. Sus reglas ridículas y su actitud fría convirtieron lo que debería haber sido una noche divertida en una experiencia incómoda y decepcionante, ahórrese el problema, hay lugares mucho mejores que realmente merecen su tiempo.",1,google_places_api,el balcón,2025-04-26
"Probablemente el mejor albergue en el que me he alojado. Todo acerca de este lugar fue increíble, desde las habitaciones limpias y cómodas hasta la cocina bien equipada y el relajante área de la piscina, pero lo que realmente hizo que la experiencia fuera inolvidable fue el anfitrión Wilson. No solo es increíblemente servicial y siempre está disponible para responder preguntas u ofrecer consejos, sino que también es realmente divertido y amable. Te hace sentir como en casa. Se nota que pone mucho corazón en este lugar. Me encantó mi estadía y volvería al 100. Lo recomiendo encarecidamente.",5,google_places_api,hostel de haan,2025-10-12
"Mi esposa y yo recientemente nos hospedamos por una semana en Occidental Papagayo. El complejo es muy agradable y nos encantó la variada topografía. Las colinas brindan maravillosas vistas al mar. Me comuniqué con el complejo 2 semanas antes de mi llegada y solicité un edificio específico. Cinthya brindó una excelente comunicación y accedió a mi solicitud al llegar. Teníamos una hermosa suite frente al mar. La comida es buena, no muy buena. Los menús eran variados y se pueden atender según los requisitos dietéticos. El servicio de habitaciones es muy bueno. Antonio es el mejor camarero. El bar premium sirve deliciosas bebidas. Gabriella era nuestra camarera favorita. allí ella siempre estaba sonriendo y ofrecía algunas lecciones de español muy necesarias. Recomendaría encarecidamente este complejo para unas vacaciones relajantes, especialmente por su precio pura vida.",5,google_places_api,occidental papagayo all inclusive adults only,2026-05-06
"Comimos aquí antes de volar desde Costa Rica, el lugar era muy lindo, la comida también era deliciosa y la disfrutamos, una gran parada antes de volar.",5,google_places_api,restaurante la casona de doña julia,2024-09-22
el agua fría es simplemente injusto,4,google_places_api,residencias estudiantiles hombres 2,2018-10-06
"Realmente me gustó este lugar para pasar la noche fue tranquilo rafael philipe fue amable y servicial piñas de soya los perros fueron amigables pero independientes y todo lo que necesitas está allí restos caminatas, etc. estacionamiento incluido hermosos jardines y todo muy limpio el precio fue para una habitación privada con baño compartido esto no es solo una cama de dormitorio la cama era súper cómoda con almohadas adicionales y sábanas súper suaves Pospuse mi alarma para disfrutar de las sábanas de lujo",5,google_places_api,montaña linda hostel orosi costa rica,2025-05-28
hermoso lugar aguas claras es mejor si alquilas un bote para llegar no olvides tus bebidas,5,google_places_api,playa virador,2022-01-04
"Disfrutamos muchísimo de nuestra corta estadía en la casa 69 en San José. La reserva fue fácil. Respuestas rápidas a las preguntas por correo electrónico. La propiedad no parece gran cosa desde el exterior, pero no dejes que eso te engañe, es encantador por dentro. Las habitaciones estaban limpias y en muy buenas condiciones. La cama estaba un poco gastada pero aún así era cómoda. El desayuno fue excelente y apreciamos la posibilidad de tener tanta fruta como queríamos. El personal también fue excelente, especialmente Winston, que fue más que complaciente al mover su vehículo personal cuando hubo confusión sobre el estacionamiento para las personas que no quieren ver San José. Si quieres ver cosas que son exactamente como en casa, entonces quédate en casa. San José era encantador y los museos y el mercado central estaban a solo un paseo.",4,google_places_api,casa 69 san josé,2026-05-01
café increíblemente bueno y un buen lugar para descansar y observar la vida de la ciudad gracias por estar abierto el 1 de enero de 2026,5,google_places_api,boka café,2026-01-01
"Aunque solo nos quedamos unas horas después de nuestro vuelo para recuperar el sueño, realmente disfrutamos nuestra estadía aquí. Alajuela está convenientemente cerca del aeropuerto de San José, lo que la convierte en una excelente primera o última parada de su viaje. Llegamos tarde en la noche y fuimos recibidos por un amable miembro del personal que hizo que el registro fuera fácil y acogedor. La propiedad también tiene un hermoso jardín y un área con una fuente en la parte trasera donde puede relajarse o desayunar. Desafortunadamente, tuvimos que salir temprano y no tuvimos la oportunidad de disfrutarlo plenamente ya que dos mujeres jóvenes viajan. El hotel en sí está cerrado, lo cual fue tranquilizador. La cerradura de la puerta de nuestra habitación se sentía un poco insegura y definitivamente podría mejorarse en general. Es un lugar conveniente y cómodo para descansar antes de continuar su viaje.",5,google_places_api,hotel alajuela city,2026-03-27
"ventajas, la ubicación era ideal, el personal de recepción fue educado. desventajas, no había agua durante 2 días, no había agua caliente durante 3 días, moho en el baño, arcos eléctricos y tomacorriente inseguro, solo el tomacorriente seguro estaba a 2 del techo y no era accesible. Lo reservé a través de Priceline. Claramente, Priceline no hizo su tarea en este hotel y simplemente anunció el hotel.",1,google_places_api,hotel américa heredia,2026-06-10
"Nos detuvimos en el restaurante finca santa rosa en nuestro camino a Limón, ubicado en un entorno pintoresco rodeado de exuberante vegetación, el ambiente era sereno y acogedor, un miembro del personal sirvió la comida en un estuche estilo buffet y el menú presentaba una deliciosa cocina local con ingredientes frescos provenientes de la propia finca, ofreciendo una verdadera experiencia de la granja a la mesa. El personal fue amable y acogedor, mejorando aún más nuestra experiencia gastronómica. Se lo recomiendo a cualquiera que quiera disfrutar de los auténticos sabores costarricenses en un ambiente rural tranquilo.",5,google_places_api,restaurante finca santa rosa,2024-06-29
excelente arroz y frijoles lo mejor de turrialba,5,google_places_api,soda la u turrialba,2019-02-09
"Acabo de regresar a casa de mi estadía en Fermata y desearía haber podido extenderme desde el momento en que llegamos. Mi estado de ánimo era elevado. Bajé con mis dos hijos y una amiga con sus hijos. Literalmente pasamos el mejor momento. Las habitaciones eran muy acogedoras y cálidas. Me encantó toda la buena iluminación y las camas súper cómodas. A mi hija le encantó especialmente su pequeña cama en el rincón de la ventana que el personal de limpieza le hizo. El césped frente al restaurante fue un gran éxito durante las cenas. La recepción incluso organizó niñeras para que pudiéramos tener una cena para adultos una noche. La comida fue increíble. El restaurante es probablemente el más bonito de toda Costa Rica. Definitivamente tiene el mejor servicio. Tienen una escuela de surf chorotegas en el lugar si quieres tomar una lección. Los muchachos les dieron lecciones a mis hijos, así como una pequeña clínica en la piscina sobre buceo con patos y una técnica adecuada de remo, que estaba más allá de lo normal y aprecié mucho todo lo relacionado con despertarme aquí. Fue solo mi mañana ideal para escaparme. mientras los niños todavía dormían tomando un café alrededor de las 5:30 a.m. comprobando las olas en el frente y surfeando con amigos, realmente no hay nada mejor, todo fue hecho muy fácil, volveremos pronto.",5,google_places_api,hotel fermata luxury boutique hotel santa teresa,2026-02-22
apartamentos independientes en una calle tranquila instalaciones de cocina habitaciones limpiadas diariamente si es necesario instalaciones de lavandería comunitarias,5,google_places_api,casas del toro boutique hotel in monteverde,2025-11-22
"Me acabo de mudar aquí desde Madrid y soy un turista inteligente cuando se trata de restaurantes. Este había cambiado toda mi perspectiva sobre la cocina de Costa Rica. Marzo de 2026. Estaba acompañado por mi cuarta esposa. Iba a traer a la tercera, pero no se llevan muy bien de ninguna manera. También traje a mi bebé conmigo. Nos sentamos y fuimos recibidos instantáneamente por Otto y su sonrisa nos dijo todo. Pedimos la cola de langosta, la pasta con pollo y fue tan excepcional que me dejó boquiabierto. la otra mesa, afortunadamente, era una mesa vacía, ese sabor me hizo sentir cálido y confuso como un gran oso. Otto s es una joya escondida en un pequeño lugar en Dominical, verdaderamente extraordinario. Otro par de vientres felices marcharon. 8 horas después, pasé la langosta como si fuera mantequilla.",5,google_places_api,otto s kitchen,2026-04-03
Estuvimos aquí varias veces durante nuestra estadía. Las pizzas eran sólidas. El ceviche fue fantástico. Me encantó la hamburguesa vegetariana y a mi hijo le encantó su hamburguesa de cordero.,5,google_places_api,farm to table escondido,2026-07-13
"Comida fabulosa, servicio increíble y entorno hermoso. Tuvimos un grupo de 8 personas y nos atendieron muy bien. La comida fue simplemente increíble. Si te gusta la comida india, te recomiendo que te detengas aquí. Nos encantó.",5,google_places_api,naans curries garabito,2026-03-18
hermoso lugar servicio increíble el café no era de mi gusto asado muy oscuro para mí la comida está bien buen menú una gran ventaja opciones sin gluten,4,google_places_api,monk capra coffee brewers,2026-02-13
"casa nahua fue una estadía decepcionante y engañosa con fallas claras en el mantenimiento, limpieza, comodidad y seguridad de los huéspedes desde el momento en que llegamos, el proceso de registro fue esencialmente inexistente, sin una recepción adecuada, sin una bienvenida tranquilizadora y sin una verificación de identificación significativa, lo que generó preocupaciones reales de seguridad. La habitación doble de lujo estaba en mal estado, la habitación estaba llena de moscas cuando llegamos, la losa de concreto exterior estaba severamente agrietada, las paredes interiores estaban agrietadas y la pared de plástico detrás de la cama estaba vieja, desgastada y sucia, el baño estaba mal diseñado, el desagüe de la ducha estaba obstruido y el agua se derramó por todas partes porque la ducha no está cerrada adecuadamente y el cabezal de la ducha está demasiado cerca de los muebles. Los geckos entraban a la habitación a través de huecos en las paredes y el aislamiento acústico era extremadamente pobre por la noche. Podíamos escuchar música del centro y gente caminando en el piso encima de nosotros, lo que hacía muy difícil descansar. La piscina también estaba constantemente sucia y mal mantenida en general. La propiedad se siente descuidada, insegura y muy por debajo de las expectativas. No la recomendaría.",1,google_places_api,casa nahua hotel in tamarindo,2026-04-06
comida sabrosa personal atento en general una comida estupenda,5,google_places_api,donde papá restaurant,2025-04-07
"ah jijo taquería y cantina fue simplemente guau, absolutamente debes probarlos los tacos de birria estaban fuera de este mundo, tan buenos que literalmente podías rodar por el suelo después de comerlos, la carne era increíblemente sabrosa, perfectamente tierna y las salsas llevaron todo a otro nivel, las enchiladas eran igualmente deliciosas, ricas en sabor y claramente hechas con cuidado, además de la increíble comida, el servicio fue más que perfecto, atento, cálido y genuinamente acogedor, este lugar es un pequeño placer que rápidamente se convierte en un favorito, muy recomendado, pruébalo una vez y definitivamente regresarás.",5,google_places_api,ah jijo taqueria y cantina,2025-12-30
"experiencia increíble vista superior al mar fue increíble cada miembro del personal fue muy atento y literalmente hizo todo lo posible para que nos sintiéramos cómodos el desayuno no es un desayuno básico como los de un Marriot es como ir a un restaurante todas las mañanas con diferentes opciones. Tampoco sabía que la cena estaba incluida, así que esto ayuda a ahorrar algo de dinero, luego caminas hasta la playa y el bar de la playa está justo allí con un gran barman Kevin que se encargará de todo como si te conociera durante años. Una experiencia realmente genial. No puedo imaginar por qué alguien lo haría. no le doy 5 estrellas",5,google_places_api,jardin del eden boutique hotel,2026-06-09
"Los platos acogedores estaban deliciosos. Volveremos. El propietario, el cocinero, fue muy atento. Este restaurante es literalmente el patio de una residencia. Vive muy local.",5,google_places_api,soda el pilón,2025-08-18
"Tuvimos una estadía verdaderamente mágica en el hotel Belmar. El ambiente es increíblemente tranquilo y se puede sentir el cuidado en cada detalle, desde las habitaciones cuidadosamente diseñadas hasta los acogedores espacios comunes y la comida excepcional. Apreciamos especialmente la rica historia del hotel y su compromiso genuino con la sostenibilidad. La reserva de experiencias a través del conserje fue perfecta y recomendamos encarecidamente el recorrido por la granja. Los masajes y Savia agregaron algo especial a nuestra estadía. Un sincero agradecimiento al excelente personal que hizo que todo fuera tan relajante y memorable. Karla y Katherine en el restaurante y el salón de té fueron cálidas y atentas. Gloria. El masaje fue celestial Constantine dirigió un interesante y revelador recorrido por la granja y Walter brindó una experiencia de inmersión en el bosque verdaderamente única en la vida. Un agradecimiento especial también a Celey del equipo de conserjería que hizo que la planificación fuera fácil y se aseguró de que no nos perdiéramos nada. Volveríamos sin dudarlo y recomendaríamos este hotel a cualquiera que busque una experiencia única y reparadora.",5,google_places_api,hotel belmar,2026-04-13
"Muy delicioso, a buen precio y con lugares de estacionamiento. Ojalá hubiéramos encontrado este lugar antes en nuestro viaje.",5,google_places_api,soda don lelo,2022-06-26
"Me detuve aquí para tomar batidos y un tazón de aí y no me decepcionó, todo tenía un sabor fresco, sabroso y perfectamente preparado, el tazón de aí estaba lleno de deliciosos aderezos y el batido fue súper refrescante. El servicio amable y un excelente ambiente lo hicieron aún mejor y la mejor parte fue que podías ver perezosos directamente desde el restaurante. Una experiencia tan genial y única que definitivamente vale la pena detenerse. Volveré.",5,google_places_api,bread what what,2026-04-30
"justo al lado del parque nacional tapanti, el parque primero se puso todo sudoroso y sucio y luego fue a las aguas termales, fue una bendición y muy relajante, casi no salí de la piscina de 100 pies, muuuy relajante, otras piscinas son 98 96 89 y una inmersión fría. También tienen un buen restaurante que brinda servicio junto a la piscina cuando fuimos, en realidad estaba lloviendo, pero cuando estás en las aguas termales apenas notas la lluvia y las lluvias le dieron una sensación muy tropical.",5,google_places_api,termales hacienda orosi,2026-06-06
"un paraíso para los aventureros entusiastas de la vida silvestre o básicamente para cualquiera, no busque más para un servicio excepcional, la calidez de la bienvenida fue constante durante toda mi estadía, las habitaciones están bien equipadas y los porches son un toque maravilloso, todo está excepcionalmente limpio. Tuve que irme por razones personales y el transporte se organizó con un conductor maravilloso que fue amable y un guía turístico maravilloso a través de las carreteras de montaña con curvas. Toda mi experiencia aquí fue extraordinaria.",5,google_places_api,la quinta sarapiqui lodge,2025-06-05
"comida deliciosa, un ambiente tan divertido, espere un trago largo, espere la comida cuando venga durante las horas punta, pero siempre vale la pena, recomiende sus enchiladas de pollo a la parrilla con hummus, jugos tan deliciosos y vistas tan bonitas si viene antes del atardecer.",5,google_places_api,fuego brew co,2026-01-28
"El mejor hotel para hospedarse con comodidades razonables, aunque nos gustaría que tuvieran secador de pelo en la habitación, ya que eso agregará valor. Víctor Prudente es su persona no solo para el hotel sino también para cualquier ayuda en el área.",5,google_places_api,hotel villas josipek,2025-12-30
"Disfruté mucho de mi estadía aquí. La ubicación es muy segura, cerca de la playa, tiendas de buceo, bares y supermercados. Las habitaciones y el área de cocina compartida están muy limpias y el anfitrión Luis es muy amable y servicial. Definitivamente recomendaría este lugar.",5,google_places_api,hospedaje combi dream bird,2025-08-21
Teatro histórico hermoso y bien mantenido. Tuvimos un recorrido detrás de escena que fue realmente fascinante. Costa Rica es afortunada de tener una joya así. Espero que la atesoren como deberían.,5,google_places_api,teatro nacional de costa rica,2026-05-22
"Fui aquí para desayunar pero terminé comiendo un sándwich de pollo para el almuerzo. Era un poco caro, alrededor de 18 a 20 dólares, pero terminó siendo el mejor sándwich de pollo que he probado en meses, incluso las papas fritas estaban perfectamente crujientes con una excelente salsa. El interior consta de múltiples habitaciones separadas que rodean la cocina, lo que hace que el ambiente sea algo acogedor cuando visité por la mañana. Me senté afuera, pasando las puertas abiertas para disfrutar de la brisa. Excelente lugar para detenerse a comer temprano.",5,google_places_api,café otoya,2026-06-15
"Este lugar es fantástico, la pareja que dirige el hotel es muy acogedora y servicial. No nos quedamos allí, pero definitivamente lo intentaremos la próxima vez que regresemos a Nosara. El baño frío y la sauna valen la pena. Recomendaría ir allí antes que cualquier otro lugar, especialmente para la recuperación. Muy limpio y el ambiente es excelente. Infórmeles y pueden acomodar casi cualquier cosa. Gracias por dejarnos disfrutar de su hotel y spa.",5,google_places_api,moana surf resort,2025-11-26
hermoso y pequeño café comida deliciosa y gente amable con café,5,google_places_api,café avenida 4,2023-02-23
"Esta es una buena idea para quedarse si el presupuesto es importante. Puedes llegar a la hora que quieras. La tarifa es como 15. Obtienes una cabaña pequeña con baño y televisión únicamente, pero es barata y está camino a San Carlos o al área de Sarapiquí.",4,google_places_api,cabinas el bosque,2015-11-17
"restaurante dedicado sin gluten hermoso entorno en un edificio histórico de 250 años de antigüedad. Hemos estado aquí 10 veces. El menú es variado, desde pizza hasta platos costarricenses únicos. Los postres son excepcionales. También siempre hemos tenido un servicio fantástico.",5,google_places_api,posada real,2025-11-15
"Gratamente sorprendido por lo hermoso que era este hotel, el área de la piscina era mágica de día y de noche, el personal fue increíblemente servicial, las habitaciones son cómodas y espaciosas, con dos baños, lo cual es una gran ventaja para una familia de cuatro. Todo lo que necesitábamos estaba en la habitación, incluidas tazas, platos y utensilios de cocina. Hay un supermercado a poca distancia para abastecer el refrigerador. El aire acondicionado funcionaba perfectamente e incluso había una lavadora y secadora. Los desayunos incluidos eran comidas en platos, no tipo buffet y ofrecían jugos frescos. Un toque agradable. Recomiendo encarecidamente este hotel y no puedo esperar a volver. Ofrece una excelente relación calidad-precio. precio",5,google_places_api,oceano boutique hotel bistró,2026-04-14
4 19 26 nuestro grupo de 6 personas llegó alrededor de las 6:15 p. m. y nos sentamos inmediatamente. Teníamos una jarra de mojitos premium hechos a la perfección. Comí el atún con costra de pistacho que estaba delicioso. Recomiendo gustos para una encantadora cena en la playa con buena música de fondo.,5,google_places_api,gusto restaurant,2026-04-26
"irritantemente bueno, llegué temprano, nadie más fue recibido por un encantador miembro del personal, se sentó y pidió el gyro de carne, solo llegó y después de haber vivido en Chipre y visitado muchos lugares en Grecia, me molestó que el gyro de carne parecía un intento de fusión de un taco x gyro de carne, para mi consternación cuando di el primer bocado, fue increíblemente brillante, los sabores eran exploratorios, la carne estaba tierna y la aprensión inicial hacia la presentación del plato desapareció. No quería que me gustara. mis gyros de carne desafortunadamente me encantaron 9 5 10 Dios los bendiga",5,google_places_api,cocina mediterránea amara,2026-02-14
"Tuvimos una gran experiencia en la cocina abierta en Monteverde. La comida era fresca, sabrosa y claramente hecha con cuidado. Los falafels fueron especialmente excepcionales. Perfectamente crujientes por fuera y suaves por dentro con un sabor increíble. El sándwich de pescado también fue excelente y las brochetas de pollo fueron igual de impresionantes. Bien condimentadas, jugosas y cocinadas perfectamente. También nos encantaron los jugos frescos que fueron refrescantes y un complemento perfecto para la comida. Se nota que usan ingredientes de calidad. El ambiente es relajado y acogedor, lo que lo convierte en un gran lugar para relajarse después de explorar Monteverde si busca algo fresco y delicioso. Comida con excelentes opciones vegetarianas junto con platos sólidos de carne. Definitivamente vale la pena visitar este lugar.",4,google_places_api,the open kitchen,2026-04-28
"El desayuno era delicioso, casero, fresco, el servicio fue rápido, amable, eficiente. Me encanta el relajante ambiente caribeño y las nuevas mejoras en cada visita. El techo del patio exterior ya está completo.",5,google_places_api,el grande restaurante,2026-03-06
Casa de campo realmente bonita donde descansar después de los últimos dos días. Alfonso es un gran hombre. Disfruta la conversación con él. También puedes probar y comprar un delicioso café.,5,google_places_api,finca tres equis farm and forest,2026-02-18
"excelente batido de maracuyá sin azúcar agregada, puedes saborear la maracuyá y también una gran selección de cafés y tés.",5,google_places_api,los cafeteros,2025-04-08
"Curries absolutamente deliciosos, hermosos naan hojaldrados, chicas de mango perfectas y un servicio amable con una sonrisa. No hubiera esperado encontrar la mejor comida india que he probado en años en Costa Rica y, sin embargo, ese es absolutamente el caso. Este lugar es mucho mejor que mi restaurante indio favorito en Seattle. Maravilloso. Ojalá fuera local para poder venir aquí todo el tiempo.",5,google_places_api,little india dominical,2026-04-21
"Lo que distingue a este lugar es el personal, son amables y realmente intentan complacer a los huéspedes. La comida es excelente, el ambiente es increíble. Puedes ver la puesta de sol, pero no en todos los lugares donde te sientes como aquí.",5,google_places_api,tama onda beachfront restaurant,2026-03-10
"Mientras estábamos cerca, decidimos visitar este lugar y no me decepcionó. Pedí arroz y frijoles con pollo junto con guanábana con agua y fue maravilloso, los precios son decentes y también obtienes porciones de buen tamaño.",5,google_places_api,restaurante roberto la casa de la langosta,2026-05-26
"qué lugar tan maravilloso pasamos el mejor momento aquí los anfitriones samuel y andrea son muy acogedores y son personas encantadoras la zona es tranquila y el parque nacional es impresionante están situados un poco fuera de la ciudad pero es muy transitable y la playa está a unos minutos hay perezosos trepando en el jardín, lo cual es muy especial",5,google_places_api,cabinas algebra,2022-10-25
"Tengo que admitir que es difícil decir si algo salió mal durante mi visita a Bria. La primera impresión cuando llegamos fue, Dios mío, qué hermoso lugar. Entonces el equipo de Bria nos guió hasta nuestra mesa y comenzó la magia. Disfrutamos de un aperitivo del chef y tenía sabores emocionantes en la boca. Luego vino el pan de masa madre y finalmente nuestro almuerzo. Necesitarías una gran imaginación para creerme cuando digo que fue como estar en el cielo. Así que Bria es el mejor restaurante de Cartago. No dudes en visitarlo. con tu familia o solo te sentirás como en casa",5,google_places_api,bria café,2025-07-18
"Este es un negocio familiar. La mujer propietaria del lugar es muy amigable. Tiene clientes habituales que también se hospedan aquí. Sin embargo, no hay agua caliente en este sitio. También es muy ruidoso. Dependiendo de los otros huéspedes, tendrá mosquiteros sobre su cama. No se sorprenda si tiene otros insectos en su habitación.",1,google_places_api,hotel guarana cabinas,2022-02-15
gran lugar para nadar y disfrutar,5,google_places_api,orosi al natural spa,2022-03-18
"Llegamos por la tarde, tal vez a las 3:00 p. m., estábamos hambrientos y cansados, y este lugar estaba vacío, excepto por un joven que miraba un programa de juegos en español con su comida. El propietario pronto salió a recibirnos y pedimos una gran variedad, desde nachos hasta platos típicos, mariscos y batidos de frutas. Llamó a otra señora y se pusieron a trabajar preparando todo a pedido. Francamente, nos sorprendió la velocidad con la que pudieron sacarlo todo. Todo fue excelente, aparte de la comida. El baño estaba limpio. La gente fue agradable. para hablar y el programa de juegos fue una forma divertida de sentirse un poco como un local. Incluso nos tomamos una foto con el propietario del encantador establecimiento. También tuvimos suerte de que ella se fuera de vacaciones al día siguiente.",5,google_places_api,soda mamucha,2025-06-25
"Tuve una experiencia maravillosa en este hotel, la habitación era espaciosa, limpia y cómoda, y el desayuno era absolutamente delicioso. La ubicación en las afueras de la ciudad con vista al mar ofrece un ambiente tranquilo y al mismo tiempo está cerca de los restaurantes locales. La cena italiana fue excelente, aunque un poco más cara que las opciones locales típicas. Uno de los aspectos más destacados fue ver cinco perezosos en el patio trasero, un toque único.",5,google_places_api,cahuita inn,2024-12-20
"Museo súper interesante. Esta es la primera vez que veo huesos de dinosaurios reales, aunque muchos de ellos son réplicas exactas. Este lugar también tiene una gran cantidad de mariposas en exhibición entre muchos otros animales. Recomiendo totalmente visitar este lugar.",5,google_places_api,museo de ciencias naturales la salle,2025-07-30
"todo lo que un viajero necesita agua caliente cama cómoda habitación limpia vista al mar excelente anfitrión excelente familia servicios de lavado estacionamiento lugar tranquilo bien en febrero había vientos muy fuertes todavía podía dormir no iba a reservar este lugar porque no tenía muchas críticas, pero estoy feliz de haberlo hecho, incluso extendí mi estadía y realmente disfruté de santa elana",5,google_places_api,monteverde ocean view,2023-02-03
buena opción local en la fortuna si necesitas un descanso del gallo pinto la comida fue mejor de lo esperado para un restaurante italiano en costa rica no pedimos pastas pero pedimos pizzas ensaladas calzone y algunas aplicaciones todo estuvo bien también conseguimos algunos batidos de frutas,4,google_places_api,restaurante café mediterráneo,2026-04-11
"este recorrido en tirolesa fue absolutamente increíble de principio a fin la operación es de primera categoría, muy bien administrada y claramente prioriza la seguridad sin sacrificar la diversión, el personal fue una de las personas más amables y profesionales que conocimos durante nuestro viaje, hicieron que todos se sintieran cómodos y confiados, todo se sintió muy seguro y las fotos son fantásticas, lo que hace que sea fácil llevarse a casa recuerdos maravillosos, si eso no fuera suficiente, otro punto destacado fue el jardín de mariposas, donde tuvimos la oportunidad de interactuar estrechamente con ellos, algunos incluso aterrizaron sobre nosotros, lo que hizo que fuera un momento tan mágico y memorable, uno de los verdaderos momentos destacados de nuestro viaje a Costa Rica. muy recomendado",5,google_places_api,rainforest adventures jaco,2026-01-01
"La comida aquí es tan deliciosa, todo está sazonado a la perfección y es tan fresco. Los camarones fueron probablemente los mejores que hemos probado. También recomiendo las fajitas y el guacamole. Muy bueno. El personal fue súper atento y amable. Nuestro camarero fue Deilyn y se ocupó de nuestras necesidades de manera rápida y eficiente. Recomiendo ampliamente la calle.",5,google_places_api,la street gastro fusion,2026-02-22
"Cómodas cabañas en un extenso y maravilloso jardín natural en la jungla. Personal amable y servicial. Hay perezosos en los árboles. Los monos aulladores ocasionalmente visitan y coloridas ranas venenosas saltan por los jardines. Es una caminata fácil de 1 km hasta el parque y las tiendas. Tiene una zona de cocina comunitaria bien equipada con hervidor. Microondas. Freidora eléctrica y olla de cocción lenta. Buenas áreas de estacionamiento. Hay un gran supermercado nuevo, Super Negro, junto a la estación de autobuses. Este último tiene un cajero automático. Se aceptan tarjetas de crédito.",5,google_places_api,cabinas tito,2025-02-28
"Me encantó nuestra estadía en Silvestre Nosara Fui con mi familia y tuvimos la mejor experiencia en el momento en que aterrizamos, se comunicaron con nosotros a través de WhatsApp y se registraron para ver si necesitábamos algo en nuestro viaje desde el aeropuerto hasta el hotel. Todos los miembros del personal fueron amables, serviciales y siempre manejaron cualquier problema que tuviéramos. Nos conocían por nuestros nombres y nos saludaban calurosamente todos los días, súper agradables, son muy buenos reservando experiencias si era necesario y también tienen mucho equipo de alquiler para la playa. Mi experiencia favorita fue el personal que me ayudó a planificar. una sorpresa en la habitación para mi esposo, Gerald y Angel en la recepción fueron mi punto de contacto para coordinar la sorpresa e hicieron todo lo posible para ayudarme a resolverlo todo. El personal también encontró su pastel favorito y lo tenía listo para nosotros junto con las decoraciones. Luz en la azotea también ayudó a planificar una pequeña sorpresa con velas para él durante el desayuno. Nos entristeció tener que irnos porque nos lo pasamos muy bien y creamos grandes recuerdos, especialmente con la ayuda del hotel. Estamos seguros de que volveremos y siempre estaremos agradecidos por el gran momento que nos brindó Silvestre.",5,google_places_api,silvestre nosara hotel residences,2026-05-15
simplemente perfecta chef personal paola espinoza fue genial,5,google_places_api,casa santa teresa,2021-07-18
"excelente refresco para comida típica costarricense plato generoso excelente precio agradable y fresco la bebida mixta estaba deliciosa si te apetece un poco picante prueba su salsa picante, una de las más rápidas que hemos probado en cr",5,google_places_api,soda vargas,2019-01-28
"una buena relación calidad-precio cabinas agradables, limpias y tranquilas personal amable que habla inglés fácil acceso a pie a las playas y al centro de la ciudad fácil acceso y buen estacionamiento",5,google_places_api,cabinas talamanca puerto viejo,2024-04-07
"Un lugar absolutamente impresionante, los jardines son preciosos y hay una vista tremenda del volcán. Había aves increíbles por todos lados y tuvimos un par de avistamientos de monos en los terrenos. El lugar es conveniente para la fortuna, que es una ciudad maravillosa con excelentes restaurantes. Nuestra cabaña estaba limpia y era cómoda y el servicio fue excelente. Lo recomiendo encarecidamente.",5,google_places_api,hotel arenal montechiari,2026-06-06
este es un pequeño restaurante con mesas al aire libre el dueño es de Sicilia y le apasiona la comida la pasta era excelente los linguini eran delicados y la salsa que acompañaba al plato era ligera y sabrosa fácilmente nuestra mejor comida en Costa Rica el vino de la casa era bueno y el tiramasú fue un gran final para la cena,5,google_places_api,antichi sapori sicilian cuisine,2026-04-15
"La cama más incómoda en la que he dormido en toda mi vida. Las piscinas estaban bien. La comida y el servicio también eran muy agradables. No había aire acondicionado. No era divertido, pero lo sabía cuando reservé la habitación.",3,google_places_api,hotel monte campana,2023-06-21
Hemos estado visitando Jaco durante una semana. Esta fue sin duda nuestra comida favorita de nuestras vacaciones. Lo que la hizo aún más especial fue el excelente servicio. Anderson fue una auténtica joya. Recomiendo encarecidamente la cola de langosta para el postre. Asegúrate de pedir el helado casero.,5,google_places_api,el novillo alegre jacó,2026-01-17
